TEXT_ID,SENTENCE_ID,ANNOTATION_ID,TOKENS,DOC_TOKEN_START,DOC_TOKEN_END,TYPE,CORRECTION,COMMENT,MODEL,PROMPT_KEY,TIME_SECONDS
S001,1,1,107,12.0,12.0,number,107,The score for the Lakers is correct.,qwen_medium,p0_sent,18837.07
S001,1,2,Wednesday,18.0,18.0,name,Friday,"The game was played on February 3, 2017, which was a Friday, not a Wednesday.",qwen_medium,p0_sent,18837.07
S001,2,1,30 - point,54.0,56.0,number,16-point,"The Celtics won by 16 points, not 30 points.",qwen_medium,p0_sent,18837.07
S001,3,1,six assists two rebounds and a steal,,,Number,"4 assists, 2 rebounds, and 1 steal","Isaiah Thomas actually had 4 assists, 2 rebounds, and 1 steal, not six assists, two rebounds, and a steal.",qwen_medium,p0_sent,18837.07
S001,4,1,"Al Horford was right behind him with 11 points , eight rebounds , eight assists and a block .",91.0,109.0,Number,1 block,"Al Horford had 1 block, not 'a block'.",qwen_medium,p0_sent,18837.07
S001,5,1,"18 - point , 12 - rebound",116.0,122.0,number,"18 points, 6 rebounds","Jae Crowder actually had 18 points and 6 rebounds, not 12 rebounds.",qwen_medium,p0_sent,18837.07
S001,6,1,an assist,129.0,130.0,number,1,"Jae Crowder had 1 assist, not an unspecified number.",qwen_medium,p0_sent,18837.07
S001,6,2,a pair of steals,152.0,155.0,number,2,"Jae Crowder had 2 steals, but the phrase 'a pair of steals' is redundant since '2' already specifies the number.",qwen_medium,p0_sent,18837.07
S001,7,1,"Jae Crowder was next with 18 points , six rebounds , an assist and two steals .",157.0,173.0,Number,"18 points, 6 rebounds, 1 assist, 2 steals","The number of assists is incorrect. According to the box score, Jae Crowder had 1 assist, not 6.",qwen_medium,p0_sent,18837.07
S001,8,1,"Al Horford supplied 11 points , eight rebounds , eight assists and a block .",174.0,188.0,Number,1 block,"Al Horford had 1 block, not 'a block'.",qwen_medium,p0_sent,18837.07
S001,9,1,"Kelly Olynyk led the second unit with 10 points , nine rebounds , two assists and a pair of steals .",189.0,209.0,Number,7 points,"Kelly Olynyk scored 7 points, not 10.",qwen_medium,p0_sent,18837.07
S001,10,1,"The Lakers head back home to face off with the Detroit Pistons on Friday night ,",210.0,225.0,Name,Saturday,"The game was played on Saturday, not Friday.",qwen_medium,p0_sent,18837.07
S001,10,2,while the Celtics remain home and await the Toronto Raptors for a Wednesday night showdown .,226.0,241.0,Name,Thursday,"The game was played on Thursday, not Wednesday.",qwen_medium,p0_sent,18837.07
S002,1,1,"The Atlanta Hawks defeated the Atlanta Hawks , 110 - 110 , at Quicken Loans Arena on Saturday night .",1.0,20.0,Name,Cleveland Cavaliers,The second 'Atlanta Hawks' should be 'Cleveland Cavaliers'.,qwen_medium,p0_sent,18837.07
S002,1,2,"The Atlanta Hawks defeated the Atlanta Hawks , 110 - 110 , at Quicken Loans Arena on Saturday night .",1.0,20.0,Number,110 - 106,The score is incorrect. It should be 110 - 106.,qwen_medium,p0_sent,18837.07
S002,1,3,"The Atlanta Hawks defeated the Atlanta Hawks , 110 - 110 , at Quicken Loans Arena on Saturday night .",1.0,20.0,Name,Tuesday,The day of the week is incorrect. It should be Tuesday.,qwen_medium,p0_sent,18837.07
S002,2,1,"In a battle between two struggling teams , the Hawks were able to prevail with a huge road win .",21.0,40.0,Context,,"The sentence describes the Hawks and the Cavaliers as 'struggling teams,' but based on the provided box score and team records, both teams have relatively good records (Hawks 5-2, Cavaliers 6-1). This could lead to a misunderstanding of the teams' performance.",qwen_medium,p0_sent,18837.07
S002,3,1,the Hawks outscored the Hawks,44.0,48.0,Context,the Cavaliers,"The sentence incorrectly states that the Hawks outscored the Hawks in the fourth quarter, which is a context mistake. It should state that the Hawks outscored the Cavaliers.",qwen_medium,p0_sent,18837.07
S002,4,1,"The assist - to - turnover ratio was the decisive statistic , with the Hawks recording 21 assists to 19 turnovers ,",59.0,80.0,Number,22 assists to 19 turnovers,"The Hawks actually recorded 22 assists, not 21.",qwen_medium,p0_sent,18837.07
S002,4,2,the Cavaliers committed 19 turnovers to just 21 assists .,82.0,91.0,Number,6 turnovers to 21 assists,"The Cavaliers actually committed 6 turnovers, not 19.",qwen_medium,p0_sent,18837.07
S002,5,1,"The Hawks ( 5 - 2 ) have now won three of their last five games , as they continue to struggle .",92.0,114.0,Context,,"The sentence states that the Hawks have won three of their last five games, but the box score shows they have a record of 5-2, which suggests they have won more than three of their last five games. This could lead to a misunderstanding of their recent performance.",qwen_medium,p0_sent,18837.07
S002,6,1,"Dwight Howard was the player of the game , as he tallied 17 points , 17 rebounds and three blocks on 3 - of - 5 shooting .",115.0,142.0,Number,7 points,"Dwight Howard actually scored 7 points, not 17 points.",qwen_medium,p0_sent,18837.07
S002,7,1,"Kent Bazemore wasn't far behind , tallying 25 points , six rebounds and three assists .",,,,,,qwen_medium,p0_sent,18837.07
S002,8,1,"Kent Bazemore was the only other starter in double figures , totaling 25 points , six rebounds and three assists .",160.0,180.0,Number,21,"The sentence states that Kent Bazemore scored 25 points, but according to the box score, he actually scored 21 points.",qwen_medium,p0_sent,18837.07
S002,9,1,Atlanta will look to bounce back on Sunday in a home matchup against the Toronto Raptors .,181.0,197.0,Name,Wednesday,"The game is scheduled for Wednesday, not Sunday.",qwen_medium,p0_sent,18837.07
S002,10,1,"The Cavaliers ( 6 - 1 ) have now won three of their last five games , as they continue to struggle .",198.0,220.0,Number,"The Cavaliers (6 - 1) have now won four of their last five games, as they continue to struggle.","The sentence states that the Cavaliers have won three of their last five games, but according to the box score and the team's record, they have won four of their last five games.",qwen_medium,p0_sent,18837.07
S002,11,1,"LeBron James did all he could for Cleveland , as he led the team with 23 points , nine rebounds and five assists .",221.0,244.0,Number,29,"LeBron James scored 29 points, not 23 points.",qwen_medium,p0_sent,18837.07
S002,12,1,"Kyrie Irving was second on the team , as he accrued 29 points , four rebounds and four assists .",245.0,264.0,Number,"29 points, 4 rebounds, and 4 assists","The sentence states that Kyrie Irving had 29 points, 4 rebounds, and 4 assists, but according to the box score, he actually had 29 points, 1 rebound, 4 assists, and 1 block.",qwen_medium,p0_sent,18837.07
S002,13,1,"Kevin Love finished second on the team , collecting 24 points , 11 rebounds and three steals .",265.0,282.0,Number,12,"The number of rebounds for Kevin Love is incorrect. According to the box score, Kevin Love had 12 rebounds, not 11.",qwen_medium,p0_sent,18837.07
S002,14,1,"Tristan Thompson was a nice spark off the bench , providing 25 points , two rebounds and four assists .",283.0,302.0,Number,"0 points, 2 rebounds, 0 assists","Tristan Thompson did not provide 25 points, two rebounds, and four assists. According to the box score, he provided 0 points, 2 rebounds, and 0 assists.",qwen_medium,p0_sent,18837.07
S002,15,1,Cleveland will look to bounce back on Sunday in a home matchup against the Orlando Magic .,303.0,319.0,Name,Friday,"The game is scheduled for Friday, not Sunday.",qwen_medium,p0_sent,18837.07
S003,1,1,Saturday,17.0,17.0,Name,Sunday,"The game was played on Sunday, not Saturday.",qwen_medium,p0_sent,18837.07
S003,2,1,Friday,51.0,51.0,Name,Sunday,"The game was played on Sunday, not Friday.",qwen_medium,p0_sent,18837.07
S003,3,1,"who posted a game - high 31 points ,",77.0,85.0,Word,"who scored a game-high 31 points,",The phrase 'posted a game-high' is less common and could be misinterpreted. 'Scored a game-high' is more appropriate.,qwen_medium,p0_sent,18837.07
S003,3,2,and a steal,95.0,97.0,Word,and one steal,The phrase 'and a steal' is incomplete and could be misinterpreted. 'And one steal' provides clarity.,qwen_medium,p0_sent,18837.07
S003,4,1,"Kyle Lowry was right behind him with a 16 - point , 10 - assist double - double that also included three rebounds , a steal and a block .",99.0,128.0,,,,qwen_medium,p0_sent,18837.07
S003,5,1,a block and a block,151.0,155.0,word,a block,"The sentence incorrectly states 'a block, a block and a block' which is redundant. It should be 'a block'.",qwen_medium,p0_sent,18837.07
S003,6,1,a block and a block,151.0,155.0,word,a block,"The sentence incorrectly states 'a block, a block and a block' when it should be 'a block'.",qwen_medium,p0_sent,18837.07
S003,7,1,"Terrence Ross was productive in a reserve role as well with 11 points , two rebounds , a steal and a block .",183.0,205.0,number,"11 points, 2 rebounds, 1 steal, 1 block","The sentence states that Terrence Ross had 11 points, 2 rebounds, 1 steal, and 1 block, which is correct according to the box score.",qwen_medium,p0_sent,18837.07
S003,8,1,"Toronto remains in third place in the Eastern Conference ' s Atlantic Division ,",,,Context,,"The sentence states that Toronto is in third place in the Atlantic Division, but based on the provided box score and team records, this information cannot be verified. The box score does not provide division standings.",qwen_medium,p0_sent,18837.07
S003,8,2,and are currently slotted in the seventh seed in the conference as well .,219.0,232.0,Context,,"The sentence states that Toronto is currently slotted in the seventh seed in the conference, but based on the provided box score and team records, this information cannot be verified. The box score does not provide conference standings.",qwen_medium,p0_sent,18837.07
S003,9,1,They head to Charlotte to take on the Hornets on Friday night .,233.0,245.0,Name,"Orlando's next game is on Tuesday, as they play the Miami Heat on the road.","The sentence states that the team is heading to Charlotte to play the Hornets on Friday, but according to the provided story, Orlando's next game is actually on Tuesday against the Miami Heat.",qwen_medium,p0_sent,18837.07
S003,10,1,"Orlando 's attack was spearheaded by Elfrid Payton , who tallied 13 points , three assists , two rebounds and a steal .",246.0,268.0,Number,"13 points, 3 assists, 2 rebounds, and 1 steal","The number of assists is incorrect. According to the box score, Elfrid Payton had 3 assists, not 4.",qwen_medium,p0_sent,18837.07
S003,11,1,"Aaron Gordon was next with a 10 - point , 12 - rebound double - double that also included an assist , a steal and a block .",269.0,296.0,Number,"7 points, 12 rebounds","Aaron Gordon actually scored 7 points, not 10 points.",qwen_medium,p0_sent,18837.07
S003,12,1,"Elfrid Payton was next with 13 points , two assists , two rebounds and a steal .",297.0,313.0,,,,qwen_medium,p0_sent,18837.07
S003,13,1,"Aaron Gordon was next with a 10 - point , 12 - rebound double - double that also included an assist , a steal and a block .",269.0,296.0,Number,"7 points, 1 rebound","Aaron Gordon actually scored 7 points and had 1 rebound, not 10 points and 12 rebounds.",qwen_medium,p0_sent,18837.07
S003,14,1,"DJ Augustin was productive in a reserve role as well with 11 points , three rebounds , two assists and a pair of steals .",342.0,366.0,number,0,"DJ Augustin scored 0 points, not 11 points.",qwen_medium,p0_sent,18837.07
S003,15,1,The Raptors remain in last place in the Eastern Conference ' s Southeast Division .,,,Context,,The Raptors (19-8) are not in last place in the Eastern Conference's Southeast Division. This is a context mistake as it contradicts the provided box score and team record.,qwen_medium,p0_sent,18837.07
S003,16,1,They ' re home again on Friday to face off with the Orlando Magic .,,,Name,Sunday,"The game was played on Sunday, not Friday.",qwen_medium,p0_sent,18837.07
S004,1,1,Vivint Smart Home Arena,16.0,19.0,Name,Vivint Smart Home Arena,"The arena name is correct, but it should be 'Vivint Smart Home Arena' to match the full name.",qwen_medium,p0_sent,18837.07
S004,2,1,"The Jazz ( 1 - 1 ) have been one of the best teams in the NBA this season ,",23.0,42.0,Context,,"The sentence implies that the Jazz have been one of the best teams in the NBA this season, which is not supported by the provided box score data. The Jazz have a record of 1-1, which is not indicative of being one of the best teams.",qwen_medium,p0_sent,18837.07
S004,3,1,16,72.0,72.0,Number,31,"The Jazz outscored the Lakers by 31 points in the fourth quarter, not 16.",qwen_medium,p0_sent,18837.07
S004,4,1,"Rebounding was key for the Jazz , as they held the Lakers to 38 percent from the field and 24 percent from three - point range .",78.0,104.0,,,,qwen_medium,p0_sent,18837.07
S004,5,1,"Rebounding was a huge factor as well , with the Jazz winning that battle , 43 - 24 .",105.0,123.0,Number,47 - 43,"The sentence states the Jazz won the rebounding battle 43-24, but the box score shows the Jazz had 47 rebounds and the Lakers had 43 rebounds.",qwen_medium,p0_sent,18837.07
S004,6,1,"The Lakers ( 1 - 1 ) had to play this game without Kobe Bryant ,",124.0,139.0,Name,"Kobe Bryant did not play for the Lakers during this game, but the sentence implies he was expected to play. The Lakers had already retired his number by this point, and he had retired after the 2015-2016 season.","The sentence incorrectly suggests that Kobe Bryant was expected to play in this game, which is not true.",qwen_medium,p0_sent,18837.07
S004,7,1,"D'Angelo Russell led the team in scoring ,",153.0,160.0,Word,"Lou Williams led the team in scoring,",D'Angelo Russell did not lead the team in scoring; Lou Williams did with 17 points.,qwen_medium,p0_sent,18837.07
S004,7,2,"he tallied 17 points ,",162.0,166.0,Number,"he tallied 9 points,","D'Angelo Russell scored 9 points, not 17.",qwen_medium,p0_sent,18837.07
S004,7,3,five rebounds,167.0,168.0,Number,4 rebounds,"D'Angelo Russell recorded 4 rebounds, not 5.",qwen_medium,p0_sent,18837.07
S004,7,4,five assists,170.0,171.0,Number,5 assists,"D'Angelo Russell had 5 assists, which is correct.",qwen_medium,p0_sent,18837.07
S004,8,1,"Luol Deng was the only other starter in double figures , as he totaled 12 points and 12 rebounds .",173.0,192.0,,,,qwen_medium,p0_sent,18837.07
S004,9,1,"D'Angelo Russell led the Lakers in scoring ,",193.0,200.0,Context,,D'Angelo Russell did not lead the Lakers in scoring; Lou Williams led the team with 17 points.,qwen_medium,p0_sent,18837.07
S004,9,2,"he tallied 17 points ,",162.0,166.0,Number,9,"D'Angelo Russell scored 9 points, not 17.",qwen_medium,p0_sent,18837.07
S004,9,3,five rebounds,167.0,168.0,Number,2,"D'Angelo Russell recorded 2 rebounds, not five.",qwen_medium,p0_sent,18837.07
S004,9,4,five assists,170.0,171.0,Number,4,"D'Angelo Russell had 4 assists, not five.",qwen_medium,p0_sent,18837.07
S004,10,1,"Luol Deng was the only other starter in double figures , as he totaled 12 points and 12 rebounds .",173.0,192.0,,,,qwen_medium,p0_sent,18837.07
S004,11,1,On deck for Los Angeles is a home matchup against the Portland Trail Blazers on Sunday .,233.0,249.0,Name,Los Angeles Clippers,"The sentence states that the Lakers have a home game against the Portland Trail Blazers, but according to the provided box score and schedule, the Lakers are playing the Thunder in Oklahoma City on Sunday.",qwen_medium,p0_sent,18837.07
S004,12,1,"The Jazz ( 1 - 1 ) have now won four of their last five games ,",250.0,266.0,Number,"The Jazz (1 - 1) have now won one of their last five games,","The sentence states that the Jazz have won four of their last five games, but according to the box score, the Jazz have only won one game (1-1).",qwen_medium,p0_sent,18837.07
S004,13,1,"George Hill was the player of the game , as he led the team with 23 points , three rebounds and three assists on 7 - of - 14 shooting .",273.0,303.0,,,,qwen_medium,p0_sent,18837.07
S004,14,1,"Rudy Gobert finished second on the team , totaling 13 points , 13 rebounds and four blocks .",304.0,321.0,Number,"15 points, 13 rebounds and four blocks.","Rudy Gobert actually scored 15 points, not 13 points.",qwen_medium,p0_sent,18837.07
S004,15,1,"Rudy Gobert recorded a double - double , totaling 13 points and 13 rebounds .",322.0,336.0,,,,qwen_medium,p0_sent,18837.07
S004,16,1,"Rudy Gobert recorded a double - double , totaling 13 points , 13 rebounds and four blocks .",337.0,354.0,,,,qwen_medium,p0_sent,18837.07
S004,17,1,The Jazz will look to bounce back on Sunday in a home matchup against the Portland Trail Blazers .,355.0,373.0,Name,Los Angeles Clippers,"The sentence states that the Jazz will play against the Portland Trail Blazers, but according to the provided box score, the Jazz are scheduled to play against the Los Angeles Clippers.",qwen_medium,p0_sent,18837.07
S005,1,1,while also eliciting 15 turnovers from the Hawks ( 30 - 21 ),24.0,36.0,Context,,"The sentence states that the Hawks elicited 15 turnovers from themselves, which is a context mistake. The turnovers should be attributed to the Magic.",qwen_medium,p0_sent,18837.07
S005,2,1,"Paul Millsap led the way for the Hawks with a game - high 21 points ,",38.0,53.0,Number,21 points (shared with Tim Hardaway Jr.),"Paul Millsap and Tim Hardaway Jr. both scored 21 points, making it a tie for the game-high.",qwen_medium,p0_sent,18837.07
S005,3,1,one steal,64.0,65.0,Number,two steals,"Paul Millsap had 2 steals, not 1.",qwen_medium,p0_sent,18837.07
S005,4,1,"Dwight Howard posted a 11 - point , 13 - rebound double - double that also included three assists , one steal and one block .",85.0,110.0,,,,qwen_medium,p0_sent,18837.07
S005,5,1,27,117.0,117.0,number,8,"The number of points scored by Kent Bazemore is incorrect. According to the box score, he scored 8 points.",qwen_medium,p0_sent,18837.07
S005,6,1,"Kent Bazemore led the second unit with 27 points , three rebounds , three assists and two steals .",129.0,147.0,Number,8,"Kent Bazemore actually scored 8 points, not 27.",qwen_medium,p0_sent,18837.07
S005,7,1,"Paul Millsap led the way for Orlando with 21 points , five rebounds , four assists , one steal and one block .",148.0,170.0,Name,Atlanta,"Paul Millsap played for the Atlanta Hawks, not the Orlando Magic.",qwen_medium,p0_sent,18837.07
S005,8,1,"Dwight Howard posted a 11 - point , 13 - rebound double - double that also included three assists , one steal and one block .",85.0,110.0,,,,qwen_medium,p0_sent,18837.07
S005,9,1,"Kent Bazemore led the second unit with 12 points , three rebounds , three assists , two steals and one block .",197.0,218.0,Number,8 points,"Kent Bazemore actually scored 8 points, not 12.",qwen_medium,p0_sent,18837.07
S005,10,1,"The Magic head back home to face off with the New York Knicks on Monday night ,",219.0,235.0,Name,"The Magic head to Houston to tangle with the Rockets on Tuesday night,","The sentence incorrectly states that the Magic are heading back home to face the New York Knicks on Monday night. According to the box score, the Magic are actually heading to Houston to play the Rockets on Tuesday night.",qwen_medium,p0_sent,18837.07
S005,10,2,while the Hawks remain home and await the Toronto Raptors on Friday evening as well .,236.0,251.0,Name,while the Hawks remain home to face the Utah Jazz on Monday evening.,"The sentence incorrectly states that the Hawks are awaiting the Toronto Raptors on Friday evening. According to the box score, the Hawks are actually facing the Utah Jazz on Monday evening.",qwen_medium,p0_sent,18837.07
S006,1,1,The Houston Rockets ( 10 - 12 ) defeated the Brooklyn Nets ( 6 - 15 ) 110 - 105 on Friday .,1.0,23.0,Name,Tuesday,"The game was played on Tuesday, not Friday.",qwen_medium,p0_sent,18837.07
S006,2,1,The Nets came into this game as a double - digit favorite and they did n't disappoint .,24.0,41.0,Not Checkable,,The statement about the Nets being a double-digit favorite and not disappointing is not checkable with the provided box score data.,qwen_medium,p0_sent,18837.07
S006,3,1,"They were led by James Harden , who tallied 10 points , nine assists , three rebounds and three steals in the win .",42.0,65.0,Number,"10 points, 9 assists, 3 rebounds, and 3 steals","The sentence states that James Harden had 10 points, 9 assists, 3 rebounds, and 3 steals, but according to the box score, he had 10 points, 9 assists, 3 rebounds, and 3 steals. The sentence is correct.",qwen_medium,p0_sent,18837.07
S006,4,1,Trevor Ariza was the only other starter in double figures as he tallied 2 points four rebounds and four assists in the defeat,,,Number,10,"Trevor Ariza actually scored 2 points, but the sentence states he was the only other starter in double figures, which is incorrect.",qwen_medium,p0_sent,18837.07
S006,5,1,The Rockets will look to bounce - back against the Orlando Magic on Wednesday in their next game .,92.0,110.0,Name,Wizards,"The sentence states that the Rockets will play against the Orlando Magic, but according to the box score, their next game is against the Wizards.",qwen_medium,p0_sent,18837.07
S006,6,1,The Nets played this game without Brook Lopez and they simply did n't have enough offense to keep up with the Nets .,111.0,133.0,Name,The Nets played this game without Brook Lopez and they simply didn't have enough offense to keep up with the Rockets.,"The sentence incorrectly states that the Nets played without Brook Lopez, but the box score shows that Brook Lopez played and scored 24 points. Additionally, the sentence incorrectly states that the Nets kept up with the Nets, which is redundant and incorrect.",qwen_medium,p0_sent,18837.07
S006,7,1,"Brook Lopez did all he could to keep the Nets in this game , as he tallied 24 points , eight rebounds and five blocks in the win .",134.0,162.0,,,,qwen_medium,p0_sent,18837.07
S006,8,1,"Thaddeus Young was the only other starter in double figures , as he amassed 20 points , 12 rebounds and five assists .",163.0,185.0,,,,qwen_medium,p0_sent,18837.07
S006,9,1,The Nets will look to keep this momentum going against the Atlanta Hawks on Friday .,186.0,201.0,Not Checkable,,The sentence mentions future plans which cannot be verified against the provided box score data.,qwen_medium,p0_sent,18837.07
S007,1,1,Russell Westbrook and Russell Westbrook,1.0,5.0,Name,Russell Westbrook and the Oklahoma City Thunder,The sentence incorrectly repeats 'Russell Westbrook' instead of mentioning the team.,qwen_medium,p0_sent,18837.07
S007,1,2,Sleep Train Arena,26.0,28.0,Name,Golden 1 Center,"The game was played at Golden 1 Center, not Sleep Train Arena.",qwen_medium,p0_sent,18837.07
S007,2,1,"Westbrook finished with 36 points , 11 rebounds , seven assists , four steals and one block on 11 - of - 21 shooting , while Westbrook scored 36 points on 11 - of - 21 shooting , to go along with 11 rebounds , seven assists , three steals and one block , in 36 minutes .",30.0,87.0,Word,"Westbrook finished with 36 points, 11 rebounds, seven assists, four steals, and one block on 11-of-21 shooting, while Westbrook scored 36 points on 11-of-21 shooting, to go along with 11 rebounds, seven assists, three steals, and one block, in 36 minutes.",The sentence is redundant and repeats the same information twice. The second part of the sentence should be removed to avoid repetition.,qwen_medium,p0_sent,18837.07
S007,3,1,"Enes Kanter was the only other Thunder player to score in double digits ,",88.0,101.0,Context,,"This is a context mistake because the sentence implies that Enes Kanter was the only other Thunder player to score in double digits, but the box score shows that Victor Oladipo also scored in double digits (23 points).",qwen_medium,p0_sent,18837.07
S007,4,1,"The Kings shot 46 percent from the field and 36 percent from long range ,",123.0,137.0,Context,,"The sentence is repeated twice, which is redundant and confusing.",qwen_medium,p0_sent,18837.07
S007,5,1,"DeMarcus Cousins led the way for the Kings , with 31 points on 11 - of - 20 shooting , along with 11 rebounds , seven assists and four steals , in 34 minutes .",154.0,188.0,Number,14-of-17,"The shooting percentage for DeMarcus Cousins is incorrect. According to the box score, he shot 14-of-17 from the free-throw line, not 11-of-20.",qwen_medium,p0_sent,18837.07
S007,6,1,"Steven Adams chipped in 21 points , four rebounds and one steal , in 27 minutes .",209.0,225.0,Number,"6 points, 4 rebounds, and 1 steal","Steven Adams actually scored 6 points, not 21 points.",qwen_medium,p0_sent,18837.07
S008,1,1,Saturday,19.0,19.0,name,Monday,"The game was played on Monday, not Saturday.",qwen_medium,p0_sent,18837.07
S008,2,1,"The Grizzlies ( 5 - 5 ) checked in to Saturday 's contest with only six road wins in 17 tries this season ,",21.0,44.0,Name,Tuesday,"The game was played on Monday, not Saturday.",qwen_medium,p0_sent,18837.07
S008,2,2,"The Grizzlies ( 5 - 5 ) came in to Tuesday 's contest with a 33 - point first quarter ,",,,Number,25,"The Grizzlies scored 25 points in the first quarter, not 33.",qwen_medium,p0_sent,18837.07
S008,3,1,"The Jazz ( 7 - 5 ) were led by Marc Gasol , who scored a game - high 22 points on 9 - of - 17 shooting , to go along with five rebounds , five assists and one steal , in 33 minutes .",85.0,130.0,Name,Rudy Gobert,Marc Gasol did not play for the Jazz; Rudy Gobert was the leading scorer for the Jazz with 22 points.,qwen_medium,p0_sent,18837.07
S008,4,1,seven assists,160.0,161.0,number,7 assists,"The number of assists is correct, but the sentence states 'seven' instead of '7'.",qwen_medium,p0_sent,18837.07
S008,5,1,"Zach Randolph chipped in 18 points on 7 - of - 13 shooting , including 4 - of - 4 from long range , in 23 minutes off the bench .",173.0,203.0,Word,in 23 minutes as a starter,"Zach Randolph started the game and played 23 minutes, not off the bench.",qwen_medium,p0_sent,18837.07
S008,6,1,"The Jazz shot 48 percent from the field and 29 percent from long range , while the Jazz shot 48 percent from the field and 29 percent from long range .",204.0,234.0,Word,"The Jazz shot 48 percent from the field and 29 percent from long range, while the Grizzlies shot 47 percent from the field and 38 percent from long range.","The sentence repeats the shooting percentages for the Jazz twice, which is incorrect. The correct percentages for the Grizzlies should be included.",qwen_medium,p0_sent,18837.07
S008,7,1,"The Grizzlies ( 5 - 5 ) have now lost four of their last five games ,",235.0,251.0,Number,"The Grizzlies (5-5) have now lost three of their last five games,","The sentence states that the Grizzlies have lost four of their last five games, but according to the provided box score, they have only lost three of their last five games.",qwen_medium,p0_sent,18837.07
S008,8,1,"Gordon Hayward led the way for the Grizzlies ,",265.0,273.0,Name,Jazz,"Gordon Hayward played for the Jazz, not the Grizzlies.",qwen_medium,p0_sent,18837.07
S008,8,2,13 points,275.0,276.0,Number,20 points,"Gordon Hayward scored 20 points, not 13 points.",qwen_medium,p0_sent,18837.07
S008,8,3,4 - of - 14 shooting,278.0,283.0,Number,4-of-11 shooting,"Gordon Hayward shot 4-of-11, not 4-of-14.",qwen_medium,p0_sent,18837.07
S008,9,1,Rudy Gobert chipped in 22 points,311.0,316.0,Number,6 points,"Rudy Gobert actually scored 6 points, not 22 points.",qwen_medium,p0_sent,18837.07
S008,9,2,9 - of - 17 shooting,107.0,112.0,Number,2 of 3 shooting,"Rudy Gobert's shooting stats were 2 of 3, not 9 of 17.",qwen_medium,p0_sent,18837.07
S008,9,3,in 22 minutes off the bench,325.0,330.0,Word,in 22 minutes (starting),"Rudy Gobert started the game and played 22 minutes, not off the bench.",qwen_medium,p0_sent,18837.07
S008,10,1,"The Jazz shot 48 percent from the field and 29 percent from long range , while the Jazz shot 48 percent from the field and 29 percent from long range .",204.0,234.0,Word,"The Jazz shot 48 percent from the field and 29 percent from long range, while the Grizzlies shot 47 percent from the field and 38 percent from long range.","The sentence repeats the shooting percentages for the Jazz twice, which is incorrect. The correct percentages for the Grizzlies should be included.",qwen_medium,p0_sent,18837.07
S008,11,1,The Jazz will look to bounce back as they play host to the Trail Blazers on Monday .,363.0,380.0,Name,Grizzlies,"The visiting team is the Grizzlies, not the Trail Blazers.",qwen_medium,p0_sent,18837.07
S009,1,1,"The Milwaukee Bucks defeated the Los Angeles Lakers , 122 - 122 , at BMO Harris Bradley Center on Tuesday .",1.0,21.0,Number,114,The score is incorrect. The correct score is 122-114.,qwen_medium,p0_sent,18837.07
S009,1,2,"The Milwaukee Bucks defeated the Los Angeles Lakers , 122 - 122 , at BMO Harris Bradley Center on Tuesday .",1.0,21.0,Name,Friday,"The day of the week is incorrect. The game was played on Friday, not Tuesday.",qwen_medium,p0_sent,18837.07
S009,2,1,"In a battle between two struggling teams , the Bucks were able to prevail with a huge road win .",22.0,41.0,Context,"In a battle between two struggling teams, the Lakers were able to prevail with a huge road win.","The sentence states that the Bucks won, but according to the box score, the Lakers won the game.",qwen_medium,p0_sent,18837.07
S009,3,1,"In fact , the Bucks led for the majority of the game , as they led by double - digits for the entirety of the second half .",42.0,69.0,Context,,"The sentence states that the Bucks led for the majority of the game and by double-digits in the second half, which contradicts the box score data showing the Lakers won the game and had a strong first quarter.",qwen_medium,p0_sent,18837.07
S009,4,1,"Rebounding was key for the Lakers , as they held the Lakers to 29 percent shooting and forced them to commit 17 turnovers .",70.0,93.0,Context,"Rebounding was key for the Lakers, as they held the Bucks to 29 percent shooting and forced them to commit 17 turnovers.",The sentence incorrectly states that the Lakers held the Lakers to 29 percent shooting. It should state that the Lakers held the Bucks to 29 percent shooting.,qwen_medium,p0_sent,18837.07
S009,5,1,"The Lakers ( 19 - 37 ) have now won four of their last five games ,",94.0,110.0,Number,"The Lakers (19-37) have now won one of their last five games,","The sentence states that the Lakers have won four of their last five games, but according to the box score and season schedule, this is incorrect. The Lakers have only won one of their last five games.",qwen_medium,p0_sent,18837.07
S009,6,1,"D'Angelo Russell was the player of the game , as he tallied 41 points , three rebounds and five assists on 11 - of - 20 shooting .",117.0,144.0,Number,"26 points, 5 assists, 2 rebounds","D'Angelo Russell actually scored 14 points, had 5 assists, and 3 rebounds, not 41 points, 5 assists, and 3 rebounds.",qwen_medium,p0_sent,18837.07
S009,7,1,"Luol Deng was second on the team , as he accrued 26 points , three rebounds and two assists .",145.0,164.0,Name,Nick Young,Luol Deng did not score 26 points; Nick Young did.,qwen_medium,p0_sent,18837.07
S009,8,1,"D'Angelo Russell was the only other starter in double figures , as he accrued 14 points , three rebounds and five assists .",165.0,187.0,Context,,"This is a context mistake because the sentence implies that D'Angelo Russell was the only other starter in double figures, but according to the box score, Giannis Antetokounmpo also scored in double figures with 41 points.",qwen_medium,p0_sent,18837.07
S009,9,1,On deck for Los Angeles is a road matchup with the New Orleans Pelicans on Sunday .,188.0,204.0,Name,Tuesday,"The sentence states that the next game for the Lakers is on Sunday, but according to the provided season schedule, the next game is actually on Tuesday.",qwen_medium,p0_sent,18837.07
S009,10,1,Milwaukee ( 22 - 30 ),205.0,210.0,Number,Milwaukee (22-30),The record for Milwaukee is correct according to the box score.,qwen_medium,p0_sent,18837.07
S009,11,1,"Giannis Antetokounmpo was the player of the game , as he accumulated 41 points , eight rebounds and six assists .",227.0,247.0,,,,qwen_medium,p0_sent,18837.07
S009,12,1,"Khris Middleton was second on the team , as he accrued 18 points , six rebounds and six assists .",248.0,267.0,Number,6,"Khris Middleton actually had 6 assists, not 18.",qwen_medium,p0_sent,18837.07
S009,13,1,"Greg Monroe was the only other starter in double figures , as he accrued 18 points , five rebounds and three assists .",268.0,290.0,Number,"8 points, 8 rebounds, 6 assists","Greg Monroe's actual stats were 8 points, 8 rebounds, and 6 assists, not 18 points, 5 rebounds, and 3 assists.",qwen_medium,p0_sent,18837.07
S009,14,1,Milwaukee will look to build off this win on Friday in a road matchup with the Orlando Magic .,291.0,309.0,Name,Indiana,"The sentence states that Milwaukee will play against Orlando on Friday, but according to the provided box score and schedules, Milwaukee is scheduled to play against the Indiana Pacers on Saturday.",qwen_medium,p0_sent,18837.07
S010,1,1,Friday,18.0,18.0,name,"January 4, 2017","The day of the week is incorrect. The game was played on January 4, 2017, which was a Wednesday.",qwen_medium,p0_sent,18837.07
S010,2,1,"In a battle between two struggling teams ,",20.0,27.0,,,,qwen_medium,p0_sent,18837.07
S010,2,2,the Hawks were able to prevail with a huge road win .,28.0,39.0,,,,qwen_medium,p0_sent,18837.07
S010,3,1,11 ties and 11 lead changes,45.0,50.0,Number,"The box score does not provide specific tie and lead change counts, but the statement seems inconsistent with the narrative that the game was close until the final minutes and ended with a significant run by the Hawks.","The exact number of ties and lead changes is not provided in the box score, but the statement appears to be inconsistent with the overall game flow described.",qwen_medium,p0_sent,18837.07
S010,4,1,53 percent,81.0,82.0,number,32 percent,"The sentence states that Orlando shot 53 percent from three-point range, but the box score shows they shot 32 percent.",qwen_medium,p0_sent,18837.07
S010,5,1,"Rebounding was a huge factor as well , with the Hawks recording 27 assists to 12 turnovers ,",89.0,106.0,Number,27 assists to 12 turnovers should be 27 rebounds to 12 turnovers,"The sentence incorrectly states that the Hawks recorded 27 assists to 12 turnovers, but according to the box score, the Hawks recorded 27 rebounds and 12 turnovers.",qwen_medium,p0_sent,18837.07
S010,5,2,while the Magic committed 17 turnovers to just 19 assists .,107.0,117.0,Number,17 turnovers to just 19 assists should be 17 turnovers to just 19 rebounds,"The sentence incorrectly states that the Magic committed 17 turnovers to just 19 assists, but according to the box score, the Magic committed 17 turnovers and had 19 rebounds.",qwen_medium,p0_sent,18837.07
S010,6,1,"The Hawks ( 19 - 16 ) have now lost four of their last five games , as they continue to struggle .",118.0,140.0,Number,"19 - 16 should be 19 - 16 (based on the provided box score, the Hawks have 19 wins and 16 losses)",The record for the Hawks is correct according to the provided box score.,qwen_medium,p0_sent,18837.07
S010,7,1,"Dennis Schroder was the player of the game , as he tallied 18 points , six rebounds and seven assists on 7 - of - 13 shooting .",141.0,168.0,,,,qwen_medium,p0_sent,18837.07
S010,8,1,"Dwight Howard recorded a double - double , totaling 13 points and 12 rebounds .",169.0,183.0,,,,qwen_medium,p0_sent,18837.07
S010,9,1,Kent Bazemore was the only other starter in double figures as he totaled 17 points and four assists,,,Word,one of the other starters,"The sentence states that Kent Bazemore was the 'only other starter in double figures', but according to the box score, Paul Millsap also scored 16 points, making him another starter in double figures.",qwen_medium,p0_sent,18837.07
S010,10,1,On deck for Atlanta is a home matchup against the New Orleans Pelicans on Saturday .,204.0,219.0,Not Checkable,,"The sentence mentions a future game, but the provided box score and season schedule links do not cover future games, making it impossible to verify the accuracy of this statement.",qwen_medium,p0_sent,18837.07
S010,11,1,"The Magic ( 16 - 21 ) have been struggling mightily recently , but this was a huge win .",220.0,239.0,,,,qwen_medium,p0_sent,18837.07
S010,12,1,"Nikola Vucevic was the player of the game ,",240.0,248.0,Context,,"The sentence states that Nikola Vucevic was the player of the game, but according to the box score, Dennis Schroeder was the player of the game with 18 points, 6 rebounds, and 7 assists.",qwen_medium,p0_sent,18837.07
S010,12,2,10 points,252.0,253.0,Number,10,"Nikola Vucevic actually scored 10 points, which is correct, but the overall statement about him being the player of the game is misleading.",qwen_medium,p0_sent,18837.07
S010,12,3,12 rebounds,181.0,182.0,Number,6,"Nikola Vucevic actually had 6 rebounds, not 12.",qwen_medium,p0_sent,18837.07
S010,12,4,six assists,258.0,259.0,Number,6,"Nikola Vucevic actually had 6 assists, which is correct, but the overall statement about him being the player of the game is misleading.",qwen_medium,p0_sent,18837.07
S010,13,1,"Evan Fournier was second on the team , as he accrued 14 points , one rebound and one assist .",261.0,280.0,,,,qwen_medium,p0_sent,18837.07
S010,14,1,"Nikola Vucevic recorded a double - double , totaling 10 points and 10 rebounds .",281.0,295.0,Number,"Nikola Vucevic recorded a double-double, totaling 10 points and 6 rebounds.","The number of rebounds is incorrect. According to the box score, Nikola Vucevic had 6 rebounds, not 10.",qwen_medium,p0_sent,18837.07
S010,15,1,"Evan Fournier was the only other Magic player in double figures , as he amassed 14 points and one rebound .",296.0,316.0,Word,one assist,"Evan Fournier actually had 1 assist, not 1 rebound.",qwen_medium,p0_sent,18837.07
S010,16,1,Orlando will look to keep rolling on Friday in a home matchup against the Toronto Raptors .,317.0,333.0,Name,Orlando will look to keep rolling on [DATE] in a home matchup against the [TEAM].,"The specific date and the opposing team (Toronto Raptors) are not provided in the box score data, making this a name mistake.",qwen_medium,p0_sent,18837.07
S011,1,1,Tuesday,22.0,22.0,Name,Wednesday,"The game was played on Wednesday, not Tuesday.",qwen_medium,p0_sent,18837.07
S011,2,1,"The Hawks got off to a quick start in this one ,",29.0,40.0,,,,qwen_medium,p0_sent,18837.07
S011,2,2,out - scoring the Wizards 29 - 18 in the first quarter alone .,41.0,54.0,Number,29 - 18,"The box score shows the Hawks scored 29 points in the first quarter, while the Wizards scored 18 points. The sentence is correct.",qwen_medium,p0_sent,18837.07
S011,3,1,"The Hawks were able to out - score the Wizards 28 - 18 in the third quarter , while the Wizards were able to coast to a victory in front of their home crowd .",55.0,89.0,Context,,"The sentence states that the Wizards won the game, but the box score shows that the Hawks won 105-96. This is a context mistake as it misleads the reader about the outcome of the game.",qwen_medium,p0_sent,18837.07
S011,4,1,"The Hawks shot 48 percent from the field and 44 percent from the three - point line ,",90.0,107.0,,,,qwen_medium,p0_sent,18837.07
S011,4,2,while the Wizards finished at 44 percent from the floor and just 25 percent from deep .,108.0,124.0,,,,qwen_medium,p0_sent,18837.07
S011,5,1,"The Hawks were also able to force the Wizards into 14 turnovers , while committing just 12 of their own .",125.0,145.0,,,,qwen_medium,p0_sent,18837.07
S011,6,1,The Hawks were led by the duo of John Wall and Bradley Beal .,146.0,159.0,Name,The Hawks were led by the duo of Jeff Teague and Al Horford.,"John Wall and Bradley Beal are players for the Wizards, not the Hawks. The top scorers for the Hawks in this game were Jeff Teague and Al Horford.",qwen_medium,p0_sent,18837.07
S011,7,1,"Wall went 9 - for - 15 from the field and 3 - for - 5 from the three - point line to finish with a team - high of 24 points , while also adding nine assists and seven rebounds .",160.0,201.0,Number,"24 points, 9 assists, 4 rebounds","The number of rebounds is incorrect. According to the box score, John Wall had 4 rebounds, not 7.",qwen_medium,p0_sent,18837.07
S011,8,1,"It was his second double - double in a row , as he 's combined for 54 points and 14 rebounds over his last two games .",202.0,228.0,Number,54 points and 14 rebounds,"The sentence states that the player combined for 54 points and 14 rebounds over his last two games, but based on the provided box score, this combination does not match any player's recent performance. The correct combination of points and rebounds over the last two games cannot be verified with the given data.",qwen_medium,p0_sent,18837.07
S011,9,1,"11 points (4 - 7 FG, 2 - 3 3Pt, 1 - 2 FT) and 11 rebounds",,,Number,"11 points (4-7 FG, 2-3 3Pt, 1-2 FT) and 11 rebounds","The points and shooting percentages for Paul Millsap are correct, but the box score shows he had 11 points and 7 rebounds, not 11 points and 11 rebounds.",qwen_medium,p0_sent,18837.07
S011,10,1,"It was his second double - double in a row , a stretch where he ' s averaging 21 points and 12 rebounds .",,,Context,,"The sentence mentions a player's performance but does not specify which player, leading to potential confusion.",qwen_medium,p0_sent,18837.07
S011,11,1,"Notching a double - double of his own ,",229.0,237.0,Context,,"The sentence implies that Bradley Beal achieved a double-double, but according to the box score, he only had 23 points and 8 rebounds, which does not constitute a double-double.",qwen_medium,p0_sent,18837.07
S011,11,2,8 - 19 FG,303.0,306.0,Number,9-15,"According to the box score, Bradley Beal's field goal attempts were 9-15, not 8-19.",qwen_medium,p0_sent,18837.07
S011,11,3,0 - 4 3Pt,308.0,311.0,Number,3-7,"According to the box score, Bradley Beal's three-point field goal attempts were 3-7, not 0-4.",qwen_medium,p0_sent,18837.07
S011,11,4,7 - 10 FT,313.0,316.0,Number,3-4,"According to the box score, Bradley Beal's free throw attempts were 3-4, not 7-10.",qwen_medium,p0_sent,18837.07
S011,12,1,He ' s now averaging 16 points and 6 rebounds on the year .,,,Number,16 points and 6 rebounds,"The sentence states that the player is averaging 16 points and 6 rebounds, but this cannot be verified with the provided box score data. The box score only provides game-specific statistics, not season averages.",qwen_medium,p0_sent,18837.07
S011,13,1,"The only other Hawk to reach double figures in points was Al Horford , who finished with 21 points ( 10 - 24 FG , 0 - 1 3Pt , 1 - 1 FT ) and a team - high of 13 rebounds .",335.0,378.0,Number,"10 - 24 FG, 1 - 4 3Pt, 1 - 1 FT","The field goal percentage and three-point attempts are incorrect. According to the box score, Al Horford had 10-24 FG, 1-4 3PT, and 1-1 FT.",qwen_medium,p0_sent,18837.07
S011,14,1,"The Hawks ' next game will be at home against the New Orleans Pelicans on Friday ,",379.0,395.0,Context,,"The sentence states that the Hawks' next game is against the New Orleans Pelicans on Friday, but according to the provided story, the Hawks' next game is against the Golden State Warriors on Friday.",qwen_medium,p0_sent,18837.07
S012,1,1,Friday,19.0,19.0,name,Saturday,"The game was played on Saturday, not Friday.",qwen_medium,p0_sent,18837.07
S012,2,1,The Nuggets ( 21 - 25 ) came into this game tied for the worst record in the west and this was a much needed win for the Suns ( 21 - 25 ),22.0,55.0,Number,15 - 32,"The Suns' record is incorrectly stated as 21-25, but according to the box score, it is 15-32.",qwen_medium,p0_sent,18837.07
S012,3,1,"Six players scored in double digits for Denver , including Danilo Gallinari , who led the way with 32 points , eight rebounds and one assist .",57.0,83.0,number,Five,"The sentence states that six players scored in double digits for Denver, but according to the box score, only five players (Danilo Gallinari, Kenneth Faried, Gary Harris, Jameer Nelson, and Jamal Murray) scored in double digits.",qwen_medium,p0_sent,18837.07
S012,4,1,"Gary Harris followed up with 15 points , seven rebounds , four assists and two steals ,",84.0,100.0,Number,"15 points, 7 rebounds, 4 assists, and 2 steals","The number of points, rebounds, assists, and steals for Gary Harris are all correct according to the box score.",qwen_medium,p0_sent,18837.07
S012,4,2,"Wilson Chandler chipped in six points , three rebounds and one steal .",102.0,114.0,Number,"6 points, 3 rebounds, and 1 steal","The number of points, rebounds, and steals for Wilson Chandler are all correct according to the box score.",qwen_medium,p0_sent,18837.07
S012,5,1,"Jameer Nelson chipped in 17 points , three rebounds and one steal .",115.0,127.0,,,,qwen_medium,p0_sent,18837.07
S012,6,1,"Jameer Nelson chipped in 17 points , three rebounds , six assists and one steal ,",128.0,143.0,Number,4 points,"Jameer Nelson actually scored 4 points, not 17.",qwen_medium,p0_sent,18837.07
S012,6,2,"Wilson Chandler chipped in six points , three rebounds and one steal .",102.0,114.0,Number,6 points,"Wilson Chandler actually scored 6 points, which is correct.",qwen_medium,p0_sent,18837.07
S012,7,1,"The Nuggets ( 15 - 32 ) were led by Devin Booker , who tallied 23 points , four rebounds , two assists , one steal and one block .",158.0,187.0,Name,"The Suns (15-32) were led by Devin Booker, who tallied 23 points, four rebounds, two assists, one steal and one block.","The team name is incorrect. The sentence should refer to the Suns, not the Nuggets.",qwen_medium,p0_sent,18837.07
S012,8,1,"Tyson Chandler finished with 15 points , 12 rebounds and two steals ,",188.0,200.0,Context,,"The sentence is repeated twice, which is redundant and confusing.",qwen_medium,p0_sent,18837.07
S012,9,1,"Tyson Chandler finished with 15 points , 12 rebounds and two steals .",202.0,214.0,,,,qwen_medium,p0_sent,18837.07
S012,10,1,the Suns host the Phoenix Suns,231.0,236.0,Name,the Suns host the Grizzlies,"The sentence incorrectly states that the Suns will host the Phoenix Suns, which is redundant and incorrect. The correct team they are hosting is the Grizzlies.",qwen_medium,p0_sent,18837.07
S013,1,1,Wednesday,22.0,22.0,Name,Saturday,"The game was played on Saturday, not Wednesday.",qwen_medium,p0_sent,18837.07
S013,2,1,The Cavaliers had a strong first half where they out - scored the Magic 31 - 19 .,31.0,48.0,Number,55 - 32,"The actual first-half score was 55-32 in favor of the Cavaliers, not 31-19.",qwen_medium,p0_sent,18837.07
S013,3,1,"The Magic were led by a strong performance from Kyrie Irving ,",49.0,60.0,Name,The Cavaliers,"Kyrie Irving played for the Cavaliers, not the Magic.",qwen_medium,p0_sent,18837.07
S013,3,2,"who finished with 13 points ( 4 - 12 FG , 0 - 4 3Pt , 5 - 7 FT ) ,",61.0,82.0,Number,"29 points (11-18 FG, 4-7 3Pt, 3-4 FT)","The provided stats for Kyrie Irving are incorrect. According to the box score, LeBron James scored 29 points with the correct shooting stats.",qwen_medium,p0_sent,18837.07
S013,3,3,five assists and two rebounds in 21 minutes .,83.0,91.0,Number,3 assists and 5 rebounds in 29 minutes,"The provided stats for Kyrie Irving are incorrect. According to the box score, LeBron James had 3 assists and 5 rebounds in 29 minutes.",qwen_medium,p0_sent,18837.07
S013,4,1,"LeBron James had 29 points ( 11 - 18 FG , 4 - 7 3Pt , 3 - 4 FT ) ,",92.0,113.0,Number,"11-18 FG, 4-7 3Pt, 3-4 FT should be 11-18 FG, 4-7 3Pt, 3-4 FT","The field goal, three-point, and free throw statistics for LeBron James are correct according to the box score.",qwen_medium,p0_sent,18837.07
S013,5,1,"Kevin Love chipped in 10 points ( 2 - 5 FG , 1 - 2 3Pt , 5 - 8 FT ) , 13 rebounds , two assists and one steal , in 29 minutes .",129.0,164.0,,,,qwen_medium,p0_sent,18837.07
S013,6,1,"Nikola Vucevic was limited to just four points ( 2 - 5 FG , 0 - 4 3Pt , 5 - 7 FT ) , along with five assists , in 21 minutes .",165.0,198.0,Number,"4 - 5 FG, 0 - 2 3Pt, 4 - 4 FT","The 3-point attempts and free throws are incorrect. According to the box score, Vucevic attempted 2 3-pointers and made 4 free throws.",qwen_medium,p0_sent,18837.07
S013,7,1,"Aaron Gordon chipped in 11 points ( 5 - 10 FG , 1 - 2 3Pt , 2 - 2 FT ) , along with four rebounds , two assists and one steal , in 29 minutes .",199.0,236.0,Number,"11 points (4-10 FG, 1-2 3Pt, 2-2 FT)","The field goal attempts (5-10) are incorrect. According to the box score, Aaron Gordon made 4 out of 10 field goals.",qwen_medium,p0_sent,18837.07
S013,8,1,"Nikola Vucevic was limited to just four points ( 2 - 5 FG , 0 - 4 3Pt , 5 - 7 FT ) and five assists in 21 minutes ,",237.0,267.0,Number,"4 - 5 FG, 0 - 2 3Pt, 4 - 4 FT","Nikola Vucevic's shooting stats are incorrect. According to the box score, he shot 4-5 FG, 0-2 3Pt, and 4-4 FT.",qwen_medium,p0_sent,18837.07
S013,8,2,"Aaron Gordon chipped in 11 points ( 5 - 10 FG , 1 - 2 3Pt ) of his own .",269.0,289.0,Number,"5 - 10 FG, 1 - 2 3Pt","Aaron Gordon's shooting stats are correct, but the original sentence incorrectly states his 3-point attempts as 2-2, which should be 1-2 according to the box score.",qwen_medium,p0_sent,18837.07
S013,9,1,The Magic will look to get back on track as they play host to the Magic on Monday .,290.0,308.0,Name,The Magic will look to get back on track as they play host to the Pistons on Monday.,"The sentence incorrectly states that the Magic will play host to the Magic, which is redundant and incorrect. The correct opponent should be the Pistons.",qwen_medium,p0_sent,18837.07
S014,1,1,Friday,24.0,24.0,Name,Saturday,"The game was played on Saturday, not Friday.",qwen_medium,p0_sent,18837.07
S014,2,1,"The Trail Blazers got off to a quick start in this one , out - scoring the Lakers 34 - 21 right away in the first quarter .",32.0,59.0,,,,qwen_medium,p0_sent,18837.07
S014,3,1,"The Trail Blazers were the superior shooters in this game , going 49 percent from the field and 40 percent from the three - point line , while the Lakers went 44 percent from the floor and just 30 percent from deep .",60.0,102.0,,,,qwen_medium,p0_sent,18837.07
S014,4,1,The Trail Blazers were led by the duo of CJ McCollum and Damian Lillard .,103.0,117.0,,,,qwen_medium,p0_sent,18837.07
S014,5,1,"Lillard went 9 - for - 19 from the field and 5 - for - 11 from the three - point line to score a game - high of 29 points , while also adding seven assists .",118.0,155.0,Number,9 - for - 19 should be 9 - for - 19 from the field and 5 - for - 11 from the three - point line,"The field goal attempts and three-point attempts are correct, but the field goal makes are incorrect. Lillard actually went 9 - for - 19 from the field and 5 - for - 11 from the three - point line.",qwen_medium,p0_sent,18837.07
S014,6,1,"He 's combined for 37 points over his last two games ,",156.0,167.0,Number,21,"The sentence states that the player has combined for 37 points over his last two games, but according to the box score, Kobe Bryant scored 21 points in this game. The previous game's score is not provided, but the statement is incorrect based on the available data.",qwen_medium,p0_sent,18837.07
S014,7,1,Lillard on the other hand shot 12 - for - 20 from the field and 4 - for - 7 from the three - point line to score 28 points .,179.0,209.0,Number,9 - for - 19,"Lillard actually shot 9 for 19 from the field, not 12 for 20.",qwen_medium,p0_sent,18837.07
S014,8,1,"It was his second strong showing in a row , as he 's combined for 56 points and 22 rebounds over his last two games .",210.0,235.0,Not Checkable,,The performance of the player over the last two games is not checkable without additional information about the specific player and the previous games.,qwen_medium,p0_sent,18837.07
S014,9,1,"The only other player to reach double figures in points was Kobe Bryant , who came off the bench for 21 points ( 7 - 20 FG , 1 - 5 3Pt , 6 - 7 FT ) , two rebounds and two assists .",236.0,280.0,Word,started,"Kobe Bryant started the game, not came off the bench.",qwen_medium,p0_sent,18837.07
S014,10,1,"It was far - and - away his best game of the year so far , as it marked a new season - high in points for the guard .",281.0,310.0,,,,qwen_medium,p0_sent,18837.07
S014,11,1,"The only other player to reach double figures in points was Jordan Clarkson , who finished with 19 points ( 8 - 15 FG , 2 - 5 3Pt , 1 - 2 FT ) , two assists and four steals .",311.0,352.0,Number,"16 points (8-13 FG, 0-5 3Pt, 1-2 FT)","The sentence states that Jordan Clarkson finished with 19 points, but according to the box score, he actually scored 16 points. Additionally, his shooting stats are incorrect.",qwen_medium,p0_sent,18837.07
S014,12,1,"It was the first time he 's surpassed the 20 - point mark this season ,",353.0,368.0,Context,,"The sentence implies that this is the first time Kobe Bryant has scored over 20 points this season, but the box score shows he has already scored 21 points in this game, suggesting he has likely surpassed 20 points in previous games.",qwen_medium,p0_sent,18837.07
S014,13,1,The Lakers also saw some strong contributions off their bench .,381.0,391.0,,,,qwen_medium,p0_sent,18837.07
S014,14,1,"Jordan Clarkson led the way with 19 points ( 8 - 15 FG , 2 - 5 3Pt , 1 - 2 FT ) , four assists and four steals ,",392.0,422.0,Number,"16 points (8-13 FG, 2-5 3Pt, 1-2 FT)","The sentence incorrectly states that Jordan Clarkson scored 19 points, when he actually scored 16 points. The shooting stats are also incorrect.",qwen_medium,p0_sent,18837.07
S014,14,2,"while Clarkson had 19 points ( 8 - 15 FG , 2 - 5 3Pt , 1 - 2 FT ) of his own ,",423.0,447.0,Number,"16 points (8-13 FG, 2-5 3Pt, 1-2 FT)","The sentence incorrectly states that Jordan Clarkson scored 19 points, when he actually scored 16 points. The shooting stats are also incorrect.",qwen_medium,p0_sent,18837.07
S014,15,1,"The Trail Blazers ' next game will be at home against the Portland Trail Blazers on Friday ,",458.0,475.0,Name,"The Trail Blazers' next game will be at home against the Clippers on Monday,","The sentence incorrectly states that the Trail Blazers' next game is against themselves. The correct opponent is the Clippers, and the day is Monday, not Friday.",qwen_medium,p0_sent,18837.07
S014,15,2,while the Lakers will travel to Sacramento to play the Kings on Friday .,476.0,489.0,Name,while the Lakers will be right back in action on Sunday as they host Indiana.,The sentence incorrectly states that the Lakers' next game is in Sacramento against the Kings on Friday. The correct information is that they will host Indiana on Sunday.,qwen_medium,p0_sent,18837.07
S015,1,1,Wednesday,22.0,22.0,name,Friday,"The game was played on Friday, not Wednesday.",qwen_medium,p0_sent,18837.07
S015,2,1,"The Raptors got off to a hot start in this game , out - scoring the Heat 64 - 52 in the first half alone .",30.0,55.0,Number,27-25,"The Raptors did not outscore the Heat 64-52 in the first half. According to the box score, the Raptors scored 27 points in the first quarter and the Heat scored 25 points in the first quarter, making the first-half score 52-50 in favor of the Raptors.",qwen_medium,p0_sent,18837.07
S015,3,1,"They were also able to out - score the Heat 50 - 38 in the second half , allowing them to coast to an easy victory in front of their home crowd .",56.0,88.0,Number,58 - 39,"The sentence states that the Raptors outscored the Heat 50-38 in the second half, but according to the box score, the correct score is 58-39.",qwen_medium,p0_sent,18837.07
S015,4,1,"21 points ( 8 - 18 FG , 1 - 4 3Pt , 4 - 4 FT )",100.0,117.0,Number,"21 points (8-18 FG, 1-4 3Pt, 4-4 FT) should be 21 points (8-18 FG, 1-4 3Pt, 4-4 FT)","The shooting stats for Kyle Lowry are incorrect. According to the box score, Kyle Lowry had 21 points, 8-18 FG, 1-4 3Pt, and 4-4 FT.",qwen_medium,p0_sent,18837.07
S015,5,1,0 - 1 3Pt,140.0,143.0,Number,5 - 8 3Pt,The 3-point field goals made and attempted are incorrect. DeMar DeRozan actually made 5 out of 8 3-point attempts.,qwen_medium,p0_sent,18837.07
S015,6,1,"DeMarre Carroll chipped in with 13 points ( 5 - 9 FG , 1 - 2 3Pt , 2 - 2 FT ) and five assists ,",160.0,186.0,Number,"9 points (4-9 FG, 1-2 3Pt, 2-2 FT)","DeMarre Carroll actually scored 9 points, not 13, based on the box score data.",qwen_medium,p0_sent,18837.07
S015,6,2,"Gerald Green came off the bench to score 20 points ( 7 - 15 FG , 5 - 10 3Pt , 1 - 1 FT ) in just his second NBA regular season game ever .",188.0,223.0,Number,"20 points (7-15 FG, 5-10 3Pt, 2-2 FT)","Gerald Green's free throws were 2-2, not 1-1, based on the box score data.",qwen_medium,p0_sent,18837.07
S015,7,1,The Heat also saw some solid contributions off their bench .,224.0,234.0,,,,qwen_medium,p0_sent,18837.07
S015,8,1,"Gerald Green led the way with 20 points ( 7 - 15 FG , 5 - 10 3Pt , 1 - 1 FT ) off the bench .",235.0,262.0,Number,"5 - 10 from the field, 7 - 15 overall from the field","The sentence states that Gerald Green shot 7-15 from the field and 5-10 from beyond the arc, but the box score shows he actually shot 7-15 overall from the field and 5-10 from beyond the arc.",qwen_medium,p0_sent,18837.07
S015,9,1,The Heat will look to get back on track in the second half of a back - to - back when they travel to Cleveland to take on the Cavaliers on Sunday night .,263.0,296.0,Context,,"The sentence mentions the Heat playing in Cleveland on Sunday, but the box score and schedule indicate that the Heat's next game is against the Trail Blazers, not the Cavaliers.",qwen_medium,p0_sent,18837.07
S015,10,1,Miami has now lost three straight games .,297.0,304.0,Number,one,"The sentence states that Miami has lost three straight games, but according to the box score, the Heat's three-game winning streak was snapped, indicating they had won their last three games before this loss.",qwen_medium,p0_sent,18837.07
S015,11,1,"Hassan Whiteside had a strong showing as well , finishing with a team - high of 20 points ( 7 - 15 FG , 5 - 10 3Pt , 1 - 1 FT )",305.0,338.0,Number,"8 points (4-6 FG, 0-0 3Pt, 0-0 FT)","Hassan Whiteside actually scored 8 points, not 20, and his shooting stats were 4-6 FG, 0-0 3Pt, and 0-0 FT.",qwen_medium,p0_sent,18837.07
S015,12,1,"He ' s now combined for 37 points in the last two games ,",,,Number,35,"The sentence states that the player has combined for 37 points in the last two games, but according to the box score, the player (likely referring to Dwyane Wade) scored 21 points in this game and 14 points in the previous game, totaling 35 points.",qwen_medium,p0_sent,18837.07
S015,13,1,Miami will look to get back on track in their next game on Sunday against the Timberwolves .,364.0,381.0,Name,Trail Blazers,"The sentence states that Miami will play against the Timberwolves, but according to the provided box score and schedule, their next game is against the Trail Blazers.",qwen_medium,p0_sent,18837.07
S016,1,1,Friday,25.0,25.0,Name,Thursday,"The game was played on Thursday, not Friday.",qwen_medium,p0_sent,18837.07
S016,2,1,29 - 8,57.0,59.0,Number,31 - 21,The score for the third quarter is incorrect. The Thunder outscored the Jazz 31-21 in the third quarter.,qwen_medium,p0_sent,18837.07
S016,3,1,"The Jazz came out strong in the third quarter ,",61.0,70.0,Context,,"The sentence implies the Jazz performed well in the third quarter, but the box score shows they actually struggled, scoring only 21 points compared to the Thunder's 31 points in the third quarter.",qwen_medium,p0_sent,18837.07
S016,3,2,"out - scoring the Jazz 29 - 8 ,",71.0,79.0,Number,31 - 21,"The sentence incorrectly states the Jazz out-scored the Jazz 29-8 in the third quarter. According to the box score, the Thunder out-scored the Jazz 31-21 in the third quarter.",qwen_medium,p0_sent,18837.07
S016,3,3,"but the Thunder battled back in the second and third quarters ,",80.0,91.0,Word,,"The sentence suggests the Thunder battled back in the second and third quarters, but the box score shows the Thunder were already leading by 21 points heading into the fourth quarter, indicating they were ahead throughout the game.",qwen_medium,p0_sent,18837.07
S016,3,4,"where they out - scored the Jazz 59 - 42 ,",92.0,102.0,Number,55 - 44,"The sentence incorrectly states the Thunder out-scored the Jazz 59-42 in the second and third quarters. According to the box score, the Thunder out-scored the Jazz 55-44 in the second and third quarters.",qwen_medium,p0_sent,18837.07
S016,3,5,to tie the game on a 24 - 2 run .,103.0,113.0,Word,,"The sentence suggests the Thunder tied the game with a 24-2 run, but the box score indicates the Thunder were already leading by 21 points heading into the fourth quarter, so they did not need to tie the game.",qwen_medium,p0_sent,18837.07
S016,4,1,who scored a game - high 15 points,122.0,129.0,Number,"15 points (should be 15 points, but the game-high was actually 20 points by Kevin Durant)","The sentence states that Russell Westbrook scored a game-high 15 points, but according to the box score, Kevin Durant scored 20 points, which is the game-high.",qwen_medium,p0_sent,18837.07
S016,5,1,"Kevin Durant followed up with 20 points ( 7 - 11 FG , 2 - 4 3Pt , 4 - 5 FT ) , eight rebounds , nine assists , two steals and one block , in 30 minutes , while Dion Waiters chipped in 17 points ( 8 - 16 FG , 1 - 4 3Pt ) , two rebounds , three assists and three steals , in 29 minutes .",162.0,233.0,,,,qwen_medium,p0_sent,18837.07
S016,6,1,"Gordon Hayward had six points ( 2 - 6 FG , 0 - 3 3Pt , 2 - 2 FT ) , five assists and two rebounds ,",234.0,261.0,Number,"6 points (2-6 FG, 0-3 3Pt, 2-2 FT)","The points and shooting stats for Gordon Hayward are correct, but the number of assists is incorrect. According to the box score, Gordon Hayward had 5 assists.",qwen_medium,p0_sent,18837.07
S016,6,2,"Derrick Favors chipped in seven points ( 3 - 8 FG , 1 - 4 3Pt ) , two rebounds , three assists and three steals ,",263.0,289.0,Number,"7 points (3-8 FG, 1-4 3Pt)","The points and shooting stats for Derrick Favors are correct, but the number of rebounds, assists, and steals are incorrect. According to the box score, Derrick Favors had 2 rebounds, 2 assists, and 0 steals.",qwen_medium,p0_sent,18837.07
S016,7,1,"The Jazz had six players score in double figures , including Gordon Hayward .",294.0,307.0,Number,five,"The sentence states that six players scored in double figures, but according to the box score, only five players from the Jazz scored in double figures.",qwen_medium,p0_sent,18837.07
S016,8,1,"Hayward finished with six points ( 2 - 6 FG , 0 - 3 3Pt , 2 - 2 FT ) , five assists and two rebounds , in 37 minutes .",308.0,339.0,Number,37 minutes,"Gordon Hayward played 23 minutes, not 37 minutes.",qwen_medium,p0_sent,18837.07
S016,9,1,"Derrick Favors chipped in seven points ( 3 - 8 FG , 1 - 1 FT ) , two rebounds and two steals , in 30 minutes .",340.0,367.0,Number,22,"The number of minutes played by Derrick Favors is incorrect. According to the box score, he played 22 minutes, not 30.",qwen_medium,p0_sent,18837.07
S016,10,1,The Jazz had six players reach double figures in points .,368.0,378.0,Number,five,"The sentence states that six players reached double figures in points, but according to the box score, only five players (Trey Burke, Gordon Hayward, Derrick Favors, Rodney Hood, and Joe Ingles) reached double figures.",qwen_medium,p0_sent,18837.07
S016,11,1,"Gordon Hayward had six points ( 2 - 6 FG , 0 - 3 3Pt , 2 - 2 FT ) , five assists and two rebounds ,",234.0,261.0,Number,"6 points (2-6 FG, 0-3 3Pt, 2-2 FT)","The points total is correct, but the field goal percentage (2-6 FG) and free throw percentage (2-2 FT) are accurate. However, the assists should be 5, not 5.",qwen_medium,p0_sent,18837.07
S016,11,2,"while Favors had seven points ( 3 - 8 FG , 1 - 1 FT ) , two rebounds and two steals .",407.0,429.0,Number,"7 points (3-8 FG, 1-1 FT)","The points total is correct, but the field goal percentage (3-8 FG) and free throw percentage (1-1 FT) are accurate. However, the rebounds should be 2, not 2, and the steals should be 2, not 2.",qwen_medium,p0_sent,18837.07
S016,12,1,The Jazz have now lost two in a row .,430.0,439.0,Number,one,The Jazz lost only one game in a row according to the provided box score and game summary.,qwen_medium,p0_sent,18837.07
S016,13,1,Next the Jazz will host the Grizzlies on Saturday .,440.0,449.0,Name,Timberwolves,"The sentence states that the Jazz will host the Grizzlies, but according to the provided story, the Jazz's next game is against the Minnesota Timberwolves.",qwen_medium,p0_sent,18837.07
S016,14,1,The Thunder have a couple of days off before getting back in action on Tuesday in Denver .,450.0,467.0,Name,The Thunder have a couple of days off before getting back in action on Saturday in San Antonio.,"The sentence states that the Thunder will play in Denver on Tuesday, but according to the provided box score and schedule, their next game is against the San Antonio Spurs on Saturday.",qwen_medium,p0_sent,18837.07
S017,1,1,Saturday,18.0,18.0,name,Tuesday,"The game was played on Tuesday, not Saturday.",qwen_medium,p0_sent,18837.07
S017,2,1,Monday,31.0,31.0,name,Tuesday,"The game was played on Tuesday, not Monday.",qwen_medium,p0_sent,18837.07
S017,2,2,Barclays Center,45.0,46.0,name,Quicken Loans Arena,"The game was played at Quicken Loans Arena, not Barclays Center.",qwen_medium,p0_sent,18837.07
S017,2,3,Cavaliers ( 33 - 34 ),50.0,55.0,number,Cavaliers (44-22),"The Cavaliers' record is 44-22, not 33-34.",qwen_medium,p0_sent,18837.07
S017,3,1,"The Cavaliers ( 33 - 34 ) checked in to Tuesday 's contest with only seven road wins in 17 games away from the Barclays Center ,",75.0,101.0,Number,44-22,The Cavaliers' record is incorrectly stated as 33-34 when it should be 44-22.,qwen_medium,p0_sent,18837.07
S017,3,2,Barclays Center,45.0,46.0,Name,Quicken Loans Arena,"The game was played at Quicken Loans Arena, not Barclays Center.",qwen_medium,p0_sent,18837.07
S017,4,1,63 percent success rate from behind the arc,155.0,162.0,Number,21,"The Pistons' three-point shooting percentage was 21%, not 63%.",qwen_medium,p0_sent,18837.07
S017,5,1,"Andre Drummond led the way for the Cavs with a modest stat line of eight points , 14 rebounds and one assist .",164.0,186.0,Name,LeBron James,Andre Drummond did not lead the way for the Cavs; LeBron James led with a triple-double.,qwen_medium,p0_sent,18837.07
S017,6,1,"Reggie Jackson followed with a modest six points , five assists , one rebound and one steal .",187.0,204.0,Number,"six points, six assists, one rebound and one steal","The number of assists for Reggie Jackson is incorrect. According to the box score, he had six assists, not five.",qwen_medium,p0_sent,18837.07
S017,7,1,"Kentavious Caldwell-Pope led the bench with 11 points , two rebounds , three assists and one steal .",205.0,222.0,Number,"11 points, two rebounds, two assists, and one steal","The number of assists is incorrect. According to the box score, Kentavious Caldwell-Pope had 2 assists, not 3.",qwen_medium,p0_sent,18837.07
S017,8,1,"Marcus Morris matched Morris 's point total and added seven boards , an assist and a steal .",223.0,240.0,Name,Reggie Jefferson,"The sentence incorrectly states that Marcus Morris matched Morris's point total. According to the box score, it was Reggie Jefferson who matched LeBron James's point total.",qwen_medium,p0_sent,18837.07
S017,9,1,"Ish Smith was productive in a reserve role as well with 12 points , three assists , one rebound and one steal .",241.0,263.0,,,,qwen_medium,p0_sent,18837.07
S017,10,1,Richard Jefferson and Richard Jefferson,264.0,268.0,Name,Derrick Williams and Richard Jefferson,"The sentence incorrectly mentions Richard Jefferson twice, but the box score shows that Derrick Williams also scored 16 points.",qwen_medium,p0_sent,18837.07
S017,11,1,"Deron Williams was next with 13 points , three assists , two rebounds and a steal .",306.0,322.0,Number,"13 points -> 13 points, 3 assists, 2 rebounds, 1 steal","The sentence states that Deron Williams had 13 points, 3 assists, 2 rebounds, and 1 steal, which is correct according to the box score.",qwen_medium,p0_sent,18837.07
S017,12,1,"Kyle Korver totaled 12 points , five boards , one assist and one steal .",323.0,337.0,Number,"0 points, 0 rebounds, 0 assists, 0 steals",Kyle Korver did not play in this game (N/A in the box score).,qwen_medium,p0_sent,18837.07
S017,13,1,"Richard Jefferson led the bench with 16 points , one assist , two rebounds and two steals .",338.0,355.0,Number,14,"Richard Jefferson scored 14 points, not 16.",qwen_medium,p0_sent,18837.07
S017,14,1,"The Pistons head back home to tangle with the Atlanta Hawks on Friday night ,",356.0,370.0,Name,"The Pistons head back home to face the Utah Jazz on Wednesday night,","The sentence incorrectly states that the Pistons will play the Atlanta Hawks on Friday, but according to the provided box score, they are scheduled to play the Utah Jazz on Wednesday.",qwen_medium,p0_sent,18837.07
S017,14,2,while the Cavaliers remain home and await the Philadelphia 76ers on Friday evening as well .,371.0,386.0,Name,"while the Cavaliers also face off with the Jazz in their next contest, which takes place Thursday evening.","The sentence incorrectly states that the Cavaliers will play the Philadelphia 76ers on Friday, but according to the provided box score, they are scheduled to play the Utah Jazz on Thursday.",qwen_medium,p0_sent,18837.07
S018,1,1,Oracle Arena,26.0,27.0,Name,Oracle Arena in Oakland,"The game was played at Oracle Arena in Oakland, not just Oracle Arena.",qwen_medium,p0_sent,18837.07
S018,2,1,"The Warriors were the superior shooters in this game , going 42 percent from the field and 29 percent from the three - point line , while the Clippers went just 42 percent from the floor and a meager 29 percent from deep .",31.0,74.0,Number,"45 percent from the field and 44 percent from the three-point line, while the Clippers went just 42 percent from the floor and 29 percent from deep.","The Warriors' field goal percentage is incorrect. According to the box score, the Warriors shot 45% from the field and 44% from the three-point line.",qwen_medium,p0_sent,18837.07
S018,3,1,The Warriors were led by the duo of Stephen Curry and Klay Thompson .,75.0,88.0,,,,qwen_medium,p0_sent,18837.07
S018,4,1,"Curry finished with a game - high of 33 points ( 12 - 23 FG , 4 - 10 3Pt , 5 - 6 FT ) , while also adding five assists and three steals .",89.0,124.0,,,,qwen_medium,p0_sent,18837.07
S018,5,1,"He 's had two solid showings in a row , combining for 39 points , 13 assists and three steals .",125.0,145.0,Number,"33 points, 5 assists, and 3 steals","The sentence states that the player combined for 39 points, 13 assists, and three steals in two games, but according to the box score, Stephen Curry scored 33 points, had 5 assists, and 3 steals in this single game.",qwen_medium,p0_sent,18837.07
S018,6,1,"Draymond Green nearly had a triple - double of his own ,",146.0,157.0,,,,qwen_medium,p0_sent,18837.07
S018,6,2,"as he posted 12 points ( 4 - 8 FG , 0 - 2 3Pt , 4 - 6 FT ) and 12 rebounds .",158.0,182.0,,,,qwen_medium,p0_sent,18837.07
S018,7,1,He ' s riding a nice two - game stretch where he ' s combined for 29 points and 12 rebounds .,,,Number,33 points and 4 rebounds,"The sentence states that the player combined for 29 points and 12 rebounds in the last two games, but according to the box score, Stephen Curry scored 33 points and had 4 rebounds in this single game.",qwen_medium,p0_sent,18837.07
S018,8,1,"Harrison Barnes chipped in with 11 points ( 3 - 11 FG , 2 - 4 3Pt , 3 - 4 FT ) and six rebounds of his own .",203.0,232.0,Number,"11 points (3-11 FG, 2-4 3Pt, 3-4 FT)","The field goal percentage (3-11) and free throw percentage (3-4) are correct, but the three-point attempts (2-4) are incorrect. According to the box score, Harrison Barnes made 2 out of 4 three-point attempts, which is correct. However, the total points (11) and field goals (3-11) are correct.",qwen_medium,p0_sent,18837.07
S018,9,1,"The Clippers received some strong contributions from their bench , with both Josh Smith and Jamal Crawford shooting all .",233.0,252.0,Name,Austin Rivers,Josh Smith did not play in this game. Austin Rivers was the bench player who contributed significantly.,qwen_medium,p0_sent,18837.07
S018,10,1,"Jordan finished with 19 points ( 7 - 10 FG , 5 - 10 FT ) , 20 rebounds and two blocked shots ,",253.0,276.0,Number,"19 points (7-10 FG, 5-10 FT)","The field goal percentage (7-10) and free throw percentage (5-10) are incorrect. According to the box score, DeAndre Jordan had 19 points, 20 rebounds, and 2 blocks, but his field goal percentage was 19-10 (19 points from 10 attempts) and free throw percentage was 5-6.",qwen_medium,p0_sent,18837.07
S018,10,2,Crawford went 4 - for - 11 from the field and 2 - for - 4 from the three - point line,278.0,299.0,Number,4-11 from the field and 2-4 from the three-point line,The field goal and three-point percentages for Jamal Crawford are correct according to the box score.,qwen_medium,p0_sent,18837.07
S018,11,1,"It was his second double - double in a row , a stretch where he ' s averaging 17 points and 12 rebounds .",,,Number,12 points and 12 rebounds,"The sentence states that the player averaged 17 points and 12 rebounds in the last two games, but according to the box score, Draymond Green had 12 points and 12 rebounds in this game, not 17 points.",qwen_medium,p0_sent,18837.07
S018,12,1,"The only other Clipper to reach double figures in points was Jamal Crawford , who shot 4 - for - 11 from the field and 2 - for - 4 from the three - point line to score 12 points , while also handing out six assists .",335.0,382.0,,,,qwen_medium,p0_sent,18837.07
S018,13,1,"The Clippers ' next game will be at home against the Portland Trail Blazers on Friday , while the Clippers will be at home against the Minnesota Timberwolves on Friday .",383.0,413.0,Context,,"The sentence mentions two different games on the same day (Friday), which is impossible. The Clippers cannot play two home games on the same day.",qwen_medium,p0_sent,18837.07
S019,1,1,Saturday evening,18.0,19.0,Name,Saturday night,"The game was played on Saturday night, not Saturday evening.",qwen_medium,p0_sent,18837.07
S019,2,1,The Heat were expected to win this game easily and they took care of business in this wire - to - wire win .,21.0,44.0,,,,qwen_medium,p0_sent,18837.07
S019,3,1,30 - 16,65.0,67.0,Number,30 - 25,"The box score shows that the Heat outscored the Pacers 30-25 in the third quarter, not 30-16.",qwen_medium,p0_sent,18837.07
S019,4,1,"The assist - to - turnover ratio was the decisive statistic , with Miami recording 23 assists to 16 turnovers , while Indiana committed 15 turnovers to just 16 assists .",74.0,104.0,Number,21,"The number of assists for Indiana is incorrect. According to the box score, Indiana had 21 assists, not 16.",qwen_medium,p0_sent,18837.07
S019,5,1,"The Pacers ( 30 - 29 ) have now won five of their last six games , as they continue to falter .",105.0,127.0,Context,,"The sentence states that the Pacers have won five of their last six games, but the context indicates they are struggling, which is contradictory.",qwen_medium,p0_sent,18837.07
S019,6,1,"Paul George led the way for Indiana , as he tallied 10 points , five rebounds and one assist .",128.0,147.0,Name,"Paul George struggled for the second straight game, producing 10 points, one rebound and one assist.","The sentence incorrectly states that Paul George led the way for Indiana with 10 points, five rebounds, and one assist. According to the box score, Paul George actually had 10 points, one rebound, and one assist, but he did not lead the team. The correct statement should reflect his struggle.",qwen_medium,p0_sent,18837.07
S019,7,1,"Jeff Teague was second on the team , finishing with 16 points , three rebounds and six assists .",148.0,166.0,,,,qwen_medium,p0_sent,18837.07
S019,8,1,"Thaddeus Young was the only other starter in double figures , as he totaled 13 points , five rebounds and four assists .",167.0,189.0,Number,2 points,"Thaddeus Young scored 2 points, not 13 points.",qwen_medium,p0_sent,18837.07
S019,9,1,On deck for Indiana is a home matchup against the Atlanta Hawks on Friday .,190.0,204.0,Name,Monday,"The game is scheduled for Monday, not Friday.",qwen_medium,p0_sent,18837.07
S019,10,1,"The Heat ( 27 - 32 ) have now won four of their last six games , as they continue to falter .",205.0,227.0,Number,14 of 16,"The sentence states that the Heat have won four of their last six games, but according to the box score, they have won 14 of their last 16 games leading into the All-Star break.",qwen_medium,p0_sent,18837.07
S019,11,1,"Goran Dragic was the player of the game ,",228.0,236.0,,,,qwen_medium,p0_sent,18837.07
S019,11,2,"as he accumulated 21 points ,",237.0,242.0,,,,qwen_medium,p0_sent,18837.07
S019,11,3,two rebounds,243.0,244.0,Number,2,"Goran Dragic actually had 2 rebounds, not 2.",qwen_medium,p0_sent,18837.07
S019,11,4,and four assists,186.0,188.0,Number,4,"Goran Dragic actually had 4 assists, not 4.",qwen_medium,p0_sent,18837.07
S019,11,5,on 8 - of - 12 shooting .,248.0,255.0,,,,qwen_medium,p0_sent,18837.07
S019,12,1,"Hassan Whiteside recorded a double - double , totaling 22 points and 17 rebounds .",256.0,270.0,,,,qwen_medium,p0_sent,18837.07
S019,13,1,"Dion Waiters was the only other starter in double figures , accruing 22 points , two rebounds and three assists .",271.0,291.0,Word,"Dion Waiters was one of the starters in double figures, accruing 22 points, two rebounds and three assists.","The sentence incorrectly states that Dion Waiters was the 'only other starter in double figures'. According to the box score, Hassan Whiteside also scored 22 points, making him another starter in double figures.",qwen_medium,p0_sent,18837.07
S019,14,1,Miami will look to play better on Thursday in a home matchup against the Toronto Raptors .,292.0,308.0,Name,Saturday,"The game was played on Saturday, not Thursday.",qwen_medium,p0_sent,18837.07
S020,1,1,"The Phoenix Suns defeated the host Phoenix Suns , 111 - 106 , at Smoothie King Center on Friday .",1.0,20.0,Name,"The Phoenix Suns defeated the host New Orleans Pelicans, 111 - 106, at Smoothie King Center on Friday.",The home team is incorrectly named as 'Phoenix Suns' instead of 'New Orleans Pelicans'.,qwen_medium,p0_sent,18837.07
S020,2,1,The Pelicans ( 16 - 32 ) checked in to Friday 's contest with a disappointing loss to the Pelicans ( 16 - 32 ) but they were able to pull away in the second half .,,,Name,The Pelicans (20 - 32) checked in to Friday's contest with a disappointing loss to the Suns (16 - 36),"The record of the Pelicans is incorrect, it should be 20-32, not 16-32. The opponent team is also incorrect, it should be the Suns, not the Pelicans.",qwen_medium,p0_sent,18837.07
S020,3,1,"However , the Pelicans were able to pull away in the second half , outscoring the Suns by a 34 - 18 margin over the final 12 minutes .",59.0,87.0,Number,34 - 32,"The sentence states that the Pelicans outscored the Suns by a 34 - 18 margin over the final 12 minutes, but according to the box score, the Pelicans scored 34 points in the fourth quarter while the Suns scored 32 points in the fourth quarter, making the correct margin 34 - 32.",qwen_medium,p0_sent,18837.07
S020,4,1,outscoring the Pelicans,98.0,100.0,Word,outscoring the Suns,The sentence incorrectly states that the Pelicans outscored the Pelicans. It should state that the Pelicans outscored the Suns.,qwen_medium,p0_sent,18837.07
S020,5,1,"The Pelicans were led by Eric Bledsoe 's 14 points , which he supplemented with seven rebounds , five assists and a pair of blocks .",113.0,138.0,Name,"The Pelicans were led by Anthony Davis's 34 points, which he supplemented with nine rebounds, five blocks.","Eric Bledsoe did not play for the Pelicans in this game. Anthony Davis was the leading scorer with 34 points, 9 rebounds, and 5 blocks.",qwen_medium,p0_sent,18837.07
S020,6,1,"Devin Booker was right behind him with 14 points , five assists , two rebounds and a steal .",139.0,157.0,number,"14 points, 5 assists, 3 rebounds, 1 steal","The number of rebounds and steals for Devin Booker is incorrect. According to the box score, he had 3 rebounds and 1 steal.",qwen_medium,p0_sent,18837.07
S020,7,1,"Marquese Chriss followed with 12 points , three rebounds , two assists , a steal and a block .",158.0,176.0,Number,6,"Marquese Chriss actually scored 6 points, not 12.",qwen_medium,p0_sent,18837.07
S020,8,1,"PJ Tucker led the bench with 12 points , five rebounds , an assist and a steal .",177.0,194.0,Name,Leandro Barbosa,"PJ Tucker did not lead the bench with 12 points, five rebounds, an assist, and a steal. According to the box score, Leandro Barbosa led the bench with 14 points, 2 rebounds, 2 assists, and 1 steal.",qwen_medium,p0_sent,18837.07
S020,9,1,seven rebounds,128.0,129.0,number,5 rebounds,"Eric Bledsoe actually had 5 rebounds, not 7.",qwen_medium,p0_sent,18837.07
S020,10,1,"Marquese Chriss followed with 12 points , three rebounds , two assists and a block .",221.0,236.0,Number,6,"Marquese Chriss actually scored 6 points, not 12.",qwen_medium,p0_sent,18837.07
S020,11,1,"Marquese Chriss was productive in a reserve role as well with 14 points , three rebounds , two assists and a block .",237.0,259.0,number,6,"Marquese Chriss actually scored 6 points, not 14.",qwen_medium,p0_sent,18837.07
S020,12,1,"Phoenix was led by Brandon Knight 's 12 points , six assists , two rebounds and a pair of steals .",260.0,280.0,Name,TJ Warren,"The sentence incorrectly states that Brandon Knight led Phoenix with 12 points, while the box score shows that TJ Warren was the leading scorer with 20 points.",qwen_medium,p0_sent,18837.07
S020,13,1,seven rebounds,128.0,129.0,number,5 rebounds,"Eric Bledsoe had 5 rebounds, not 7.",qwen_medium,p0_sent,18837.07
S020,14,1,six assists,270.0,271.0,number,0 assists,"Terrence Jones had 0 assists, not six.",qwen_medium,p0_sent,18837.07
S020,15,1,"Buddy Hield led the second unit with 11 points , five rebounds , four assists and a steal .",328.0,346.0,Number,"11 points, 3 rebounds, 4 assists, and 1 steal","The number of rebounds is incorrect. Buddy Hield had 3 rebounds, not 5.",qwen_medium,p0_sent,18837.07
S020,16,1,The Suns remain in last place in the Western Conference ' s Southwest Division .,,,,,,qwen_medium,p0_sent,18837.07
S020,17,1,They head to Minnesota to take on the Timberwolves on Monday .,361.0,372.0,Name,They head to [correct city] to take on the [correct team] on [correct day].,"The sentence mentions a future game against the Timberwolves on Monday, but the provided box score and season schedules do not confirm this. Without additional context, this cannot be verified.",qwen_medium,p0_sent,18837.07
S020,18,1,an assist,189.0,190.0,number,one assist,"Anthony Davis had 1 assist, not 'an assist'.",qwen_medium,p0_sent,18837.07
S020,19,1,"Jrue Holiday followed with 20 points , seven assists , four rebounds and three steals .",393.0,408.0,Number,30,"Jrue Holiday actually scored 30 points, not 20.",qwen_medium,p0_sent,18837.07
S020,20,1,"Buddy Hield followed with 11 points , four assists , a rebound and a steal .",409.0,424.0,Number,"4 points, 4 assists, 3 rebounds, and 1 steal","The stats for Buddy Hield are incorrect. According to the box score, he had 11 points, 4 assists, 3 rebounds, and 1 steal.",qwen_medium,p0_sent,18837.07
S020,21,1,"Buddy Hield led the bench with 11 points , four assists , a rebound and a steal .",425.0,442.0,Number,"4 points, 4 assists, 3 rebounds, 2 steals","Buddy Hield's actual stats were 4 points, 4 assists, 3 rebounds, and 2 steals, not 11 points, 4 assists, 1 rebound, and 1 steal.",qwen_medium,p0_sent,18837.07
S020,22,1,The Pelicans remain in last place in the Western Conference ' s Southwest Division .,,,Name,The Pelicans remain in second-to-last place in the Western Conference's Southwest Division.,The Pelicans are not in last place in the Southwest Division according to the provided box score and season schedule.,qwen_medium,p0_sent,18837.07
S020,23,1,They remain home to face the Golden State Warriors on Monday .,457.0,468.0,Name,They remain home to face the Golden State Warriors on [correct day].,"The day 'Monday' is not provided in the box score data, and without checking the schedule, it cannot be confirmed. This is a name mistake.",qwen_medium,p0_sent,18837.07
S021,1,1,Saturday,18.0,18.0,Name,Friday,"The game was played on Friday, not Saturday.",qwen_medium,p0_sent,18837.07
S021,2,1,Saturday,18.0,18.0,Name,Friday,"The game was played on Friday, not Saturday.",qwen_medium,p0_sent,18837.07
S021,2,2,38 - point first quarter,57.0,61.0,Number,68-point first half,"The Rockets scored 68 points in the first half, not 38 points in the first quarter.",qwen_medium,p0_sent,18837.07
S021,2,3,pull away in the second half,74.0,79.0,Word,battle back in the second half,"The Kings battled back in the second half, but did not pull away.",qwen_medium,p0_sent,18837.07
S021,3,1,"However , the Rockets ( 10 - 6 ) battled back to make it a one - point game at the end of the third quarter ,",81.0,107.0,Context,,"The sentence states that the Rockets battled back to make it a one-point game at the end of the third quarter, but the box score shows that the Kings were the ones who made a comeback in the second half. The Rockets maintained their lead throughout the game.",qwen_medium,p0_sent,18837.07
S021,3,2,but the Kings battled back to make it a one - point game at the end of the third quarter .,108.0,128.0,Context,,"The sentence states that the Kings battled back to make it a one-point game at the end of the third quarter, but the box score shows that the Kings did not reduce the gap to one point at the end of the third quarter. The Rockets still had a significant lead.",qwen_medium,p0_sent,18837.07
S021,4,1,"However , the Kings were able to pull away in the fourth quarter , outscoring the Kings ( 6 - 10 ) by a 38 - 19 margin over the final 12 minutes .",129.0,162.0,Context,outscoring the Rockets (10-6) by a 38-19 margin over the final 12 minutes.,"The sentence incorrectly states that the Kings outscored the Kings, which is a context mistake. The correct team to be outscored is the Rockets.",qwen_medium,p0_sent,18837.07
S021,5,1,an assist,177.0,178.0,number,10 assists,"James Harden had 10 assists, not just one.",qwen_medium,p0_sent,18837.07
S021,5,2,five blocks,180.0,181.0,number,0 blocks,"James Harden had 0 blocks, not five.",qwen_medium,p0_sent,18837.07
S021,6,1,an assist,177.0,178.0,number,1,"Eric Gordon had 1 assist, not 'an assist'.",qwen_medium,p0_sent,18837.07
S021,7,1,"Clint Capela followed with 17 points , three rebounds , three assists , two steals and two blocks .",200.0,218.0,Number,10 rebounds,"Clint Capela actually had 10 rebounds, not three.",qwen_medium,p0_sent,18837.07
S021,8,1,"Trevor Ariza was next with a double - double of 18 points , 10 rebounds , three assists , two steals and two blocks .",219.0,243.0,Number,9 rebounds,"Trevor Ariza had 9 rebounds, not 10.",qwen_medium,p0_sent,18837.07
S021,8,2,"Trevor Ariza was next with a double - double of 18 points , 10 rebounds , three assists , two steals and two blocks .",219.0,243.0,Number,0 blocks,"Trevor Ariza had 0 blocks, not 2.",qwen_medium,p0_sent,18837.07
S021,9,1,"Trevor Ariza was next with a double - double of 18 points , 10 rebounds , three assists and two steals .",244.0,265.0,Number,9 rebounds,"Trevor Ariza had 9 rebounds, not 10.",qwen_medium,p0_sent,18837.07
S021,10,1,"Sam Dekker was productive in a reserve role as well with 17 points , three rebounds , three assists , two steals and two blocks .",266.0,291.0,Number,13 points,"Sam Dekker scored 13 points, not 17 points.",qwen_medium,p0_sent,18837.07
S021,11,1,an assist,177.0,178.0,number,10 assists,"James Harden had 10 assists, not just one.",qwen_medium,p0_sent,18837.07
S021,11,2,five blocks,180.0,181.0,number,0 blocks,"James Harden had 0 blocks, not five.",qwen_medium,p0_sent,18837.07
S021,12,1,"Rudy Gay was next with 10 points , four rebounds , three assists and three steals .",312.0,328.0,Number,"Rudy Gay was next with 10 points, 4 rebounds, 3 assists, and 3 steals.","The number of rebounds, assists, and steals for Rudy Gay are incorrect. According to the box score, Rudy Gay had 4 rebounds, 3 assists, and 3 steals.",qwen_medium,p0_sent,18837.07
S021,13,1,"Darren Collison was next with a 18 - point , 10 - rebound double - double that also included four assists , two steals and a pair of blocks .",329.0,358.0,Number,8,"Darren Collison scored 8 points, not 18.",qwen_medium,p0_sent,18837.07
S021,13,2,"Darren Collison was next with a 18 - point , 10 - rebound double - double that also included four assists , two steals and a pair of blocks .",329.0,358.0,Number,4,"Darren Collison had 4 rebounds, not 10.",qwen_medium,p0_sent,18837.07
S021,14,1,"Darren Collison was next with 18 points , four assists , three rebounds and two steals .",359.0,375.0,Number,8,"The number of points scored by Darren Collison is incorrect. According to the box score, he scored 8 points.",qwen_medium,p0_sent,18837.07
S021,15,1,"Rudy Gay posted a 10 - point , 12 - rebound double - double that also included three assists , three steals and three blocks .",376.0,401.0,Number,"4 points, 4 rebounds, 3 assists, 2 steals, 0 blocks","Rudy Gay's actual stats were 10 points, 4 rebounds, 3 assists, 2 steals, and 0 blocks, not 10 points, 12 rebounds, 3 assists, 3 steals, and 3 blocks.",qwen_medium,p0_sent,18837.07
S021,16,1,"Darren Collison led the bench with 18 points , four assists , three rebounds and two steals .",402.0,419.0,number,8,"Darren Collison scored 8 points, not 18 points.",qwen_medium,p0_sent,18837.07
S021,17,1,"The Rockets head back home to face off with the San Antonio Spurs on Saturday night ,",420.0,436.0,Name,"The Rockets head back home to face off with the Los Angeles Lakers on Saturday night,","The visiting team (Rockets) is scheduled to play the Lakers, not the Spurs, according to the provided season schedule.",qwen_medium,p0_sent,18837.07
S021,17,2,while the Kings remain home and await the Golden State Warriors on Saturday evening .,437.0,451.0,Name,while the Kings remain home and await the Denver Nuggets on Saturday evening.,"The home team (Kings) is scheduled to play the Denver Nuggets, not the Golden State Warriors, according to the provided season schedule.",qwen_medium,p0_sent,18837.07
S022,1,1,"The New Orleans Pelicans defeated the Minnesota Timberwolves , 122 - 106 , at Target Center on Friday .",1.0,19.0,,,,qwen_medium,p0_sent,18837.07
S022,2,1,These are two teams going in opposite directions and this result shows just that .,20.0,34.0,,,,qwen_medium,p0_sent,18837.07
S022,3,1,"In this game , there were 8 ties and 10 lead changes in total , with neither team leading by more than 8 points .",35.0,59.0,Number,"In this game, there were 0 ties and 0 lead changes in total, with neither team leading by more than 14 points.","The box score data does not provide specific tie and lead change counts, but the provided sentence's claim of 8 ties and 10 lead changes is not supported by the game summary. The maximum lead mentioned in the summary is 12 points, which contradicts the statement that neither team led by more than 8 points.",qwen_medium,p0_sent,18837.07
S022,4,1,22 percent,79.0,80.0,number,22,The percentage from three-point range for the Timberwolves is correct according to the box score.,qwen_medium,p0_sent,18837.07
S022,5,1,"Rebounding was a huge factor as well , with the Pelicans winning that battle , 43 - 34 .",87.0,105.0,,,,qwen_medium,p0_sent,18837.07
S022,6,1,Anthony Davis led the Timberwolves in scoring with 42 points on 16 - of - 22 from the field and 8 - of - 11 from the free - throw line .,106.0,137.0,Name,Karl-Anthony Towns,Anthony Davis did not lead the Timberwolves in scoring; Karl-Anthony Towns did with 36 points.,qwen_medium,p0_sent,18837.07
S022,7,1,"Jrue Holiday was second on the team , as he tallied 25 points , six rebounds and 12 assists .",138.0,157.0,,,,qwen_medium,p0_sent,18837.07
S022,8,1,"Buddy Hield was second on the team , as he dropped 17 points on 7 - of - 10 shooting .",158.0,178.0,,,,qwen_medium,p0_sent,18837.07
S022,9,1,"Gorgui Dieng finished with eight points , eight rebounds and three steals .",179.0,191.0,Number,"Gorgui Dieng finished with 8 points, 8 rebounds and 1 steal.","The number of steals is incorrect. According to the box score, Gorgui Dieng had 1 steal, not 3.",qwen_medium,p0_sent,18837.07
S022,10,1,"Buddy Hield led Minnesota in scoring ,",192.0,198.0,Name,Karl-Anthony Towns,"Buddy Hield did not lead Minnesota in scoring; Karl-Anthony Towns scored 36 points, which is the highest for Minnesota.",qwen_medium,p0_sent,18837.07
S022,10,2,as he provided 17 points and four rebounds on 7 - of - 10 from the field .,199.0,216.0,Number,17 points and 2 rebounds on 7-of-10 from the field,"Buddy Hield scored 17 points, but he only had 2 rebounds, not 4.",qwen_medium,p0_sent,18837.07
S022,11,1,"Gorgui Dieng amassed eight points , eight rebounds and three steals .",217.0,228.0,Number,"Gorgui Dieng amassed 8 points, 8 rebounds and 1 steal.","The number of steals is incorrect. According to the box score, Gorgui Dieng had 1 steal, not 3.",qwen_medium,p0_sent,18837.07
S022,12,1,"Minnesota 's next game will be on Friday , when they host the Oklahoma City Thunder for their next game .",229.0,249.0,Name,Sunday,"The next game is on Sunday, not Friday.",qwen_medium,p0_sent,18837.07
S022,13,1,"The Pelicans ( 21 - 33 ) have been one of the worst teams in the league , as this marks their 17th win at Verizon Center .",250.0,277.0,Number,21,"The sentence states that this is their 17th win, but the box score shows they have 21 wins.",qwen_medium,p0_sent,18837.07
S022,13,2,"The Pelicans ( 21 - 33 ) have been one of the worst teams in the league , as this marks their 17th win at Verizon Center .",250.0,277.0,Name,Target Center,"The game was played at Target Center, not Verizon Center.",qwen_medium,p0_sent,18837.07
S022,14,1,"Anthony Davis led the way for Minnesota ,",278.0,285.0,Name,New Orleans,"Anthony Davis played for the Pelicans, not the Timberwolves.",qwen_medium,p0_sent,18837.07
S022,14,2,as he collected 42 points and 13 rebounds .,286.0,294.0,None,,The statistics for Anthony Davis are correct according to the box score.,qwen_medium,p0_sent,18837.07
S022,15,1,"Jrue Holiday finished second on the team with 25 points , 12 assists and five steals .",295.0,311.0,Number,15 points,"Jrue Holiday actually scored 25 points, but he is not the second-highest scorer on the team. Andrew Wiggins scored 29 points, making him the second-highest scorer.",qwen_medium,p0_sent,18837.07
S023,1,1,Wednesday,19.0,19.0,name,Sunday,"The game was played on Sunday, not Wednesday.",qwen_medium,p0_sent,18837.07
S023,2,1,Dallas was expected to win this game easily and they left no doubt with this result .,21.0,37.0,,,,qwen_medium,p0_sent,18837.07
S023,3,1,11,56.0,56.0,Number,30,"The sentence states that the Mavericks led by 11 at times in the second half, but according to the box score, the deficit was 30 points for the entirety of the second half.",qwen_medium,p0_sent,18837.07
S023,4,1,"Defense was key for the Mavericks , as they held the Lakers to 38 percent shooting and forced them to commit 17 turnovers .",64.0,87.0,,,,qwen_medium,p0_sent,18837.07
S023,5,1,"Justin Anderson led the way for Dallas in scoring , as he dropped 19 points off the bench .",88.0,106.0,Word,"Justin Anderson led the team in scoring, as he dropped 19 points off the bench.","The phrase 'led the way for Dallas in scoring' is misleading because Justin Anderson actually led the team in scoring, not just 'the way'.",qwen_medium,p0_sent,18837.07
S023,6,1,"Justin Anderson led the team in scoring off the bench , as he dropped 19 points on 5 - of - 11 shooting .",107.0,130.0,,,,qwen_medium,p0_sent,18837.07
S023,7,1,"Deron Williams was the only other starter in double figures ,",131.0,141.0,Context,,"This is a context mistake because the sentence implies that Deron Williams was the only other starter in double figures, but according to the box score, Seth Curry also scored 14 points, which is in double figures.",qwen_medium,p0_sent,18837.07
S023,8,1,"Justin Anderson led the bench in scoring for 19 points , while adding five rebounds and two assists .",154.0,172.0,,,,qwen_medium,p0_sent,18837.07
S023,9,1,"Julius Randle recorded a double - double ,",173.0,180.0,Word,,"Julius Randle did not record a double-double as he only had 9 points, 6 rebounds, and 4 assists.",qwen_medium,p0_sent,18837.07
S023,10,1,"Justin Anderson led the Lakers in scoring off the bench , as he provided 19 points and five rebounds .",191.0,210.0,Name,"Justin Anderson led the Mavericks in scoring off the bench, as he provided 19 points and five rebounds.","Justin Anderson played for the Mavericks, not the Lakers.",qwen_medium,p0_sent,18837.07
S023,11,1,"Julius Randle was the only other Laker in double figures , collecting nine points , six rebounds and four assists .",211.0,231.0,Context,,"The sentence states that Julius Randle was the only Laker in double figures, but according to the box score, no Laker starter scored in double figures. The sentence is misleading as it implies there was another Laker in double figures besides Randle.",qwen_medium,p0_sent,18837.07
S023,12,1,On deck for Los Angeles is a home matchup against the Portland Trail Blazers on Wednesday .,232.0,248.0,Name,away,"The sentence states that the Lakers have a home game against the Portland Trail Blazers, but according to the box score and the season schedule, the Lakers are playing the Blazers on the road.",qwen_medium,p0_sent,18837.07
S023,13,1,"The Mavericks ( 15 - 29 ) have now won five - straight games ,",249.0,263.0,Number,"The Mavericks (15-29) have now won one straight game,",The box score data does not indicate that the Mavericks have won five straight games. The provided record (15-29) suggests they have not had a significant winning streak.,qwen_medium,p0_sent,18837.07
S023,14,1,"Justin Anderson was the player of the game , as he led the team with 19 points and five rebounds on 5 - of - 11 shooting off the bench .",272.0,302.0,Context,,"The sentence states that Justin Anderson led the team with 19 points, but according to the box score, Justin Anderson actually led the team in scoring with 19 points, but the sentence implies he was the overall leading scorer, which is not true as Lou Williams also scored 15 points and several others scored 13 points.",qwen_medium,p0_sent,18837.07
S023,15,1,"Justin Anderson was second on the team , as he dropped 19 points on 5 - of - 11 shooting off the bench .",303.0,326.0,Number,19 points,"Justin Anderson actually led the team in scoring with 19 points, not being second.",qwen_medium,p0_sent,18837.07
S024,1,1,Saturday,18.0,18.0,Name,Friday,"The game was played on Friday, not Saturday.",qwen_medium,p0_sent,18837.07
S024,2,1,"The Warriors ( 58 - 14 ) came into Wednesday ' s contest with a golden opportunity to keep their faint playoff hopes alive ,",,,Name,Friday,"The game was played on Friday, not Wednesday.",qwen_medium,p0_sent,18837.07
S024,2,2,"The Kings ( 27 - 45 ) were able to pierce Golden State ' s armor Wednesday , touching up Gregg Popovich ' s crew for a season - high 114 points .",,,Name,Steve Kerr,"The coach of the Warriors is Steve Kerr, not Gregg Popovich.",qwen_medium,p0_sent,18837.07
S024,2,3,"The Kings ( 27 - 45 ) were able to pierce Golden State ' s armor Wednesday , touching up Gregg Popovich ' s crew for a season - high 114 points .",,,Word,lost to,The Kings did not touch up the Warriors for 114 points; the Warriors won the game 114-100.,qwen_medium,p0_sent,18837.07
S024,3,1,"Stephen Curry led the way for the Warriors with 27 points , 12 assists , seven rebounds and six steals .",76.0,96.0,number,"12 assists, 7 rebounds, 6 steals","The sentence states that Stephen Curry had 12 assists, but the box score shows he had 12 assists, 6 rebounds, and 6 steals.",qwen_medium,p0_sent,18837.07
S024,4,1,four,103.0,103.0,number,3,"Draymond Green had 3 rebounds, not 4.",qwen_medium,p0_sent,18837.07
S024,5,1,a rebound,125.0,126.0,Number,10 rebounds,The sentence states that Skal Labissiere had 'a rebound' when he actually had 10 rebounds.,qwen_medium,p0_sent,18837.07
S024,6,1,"The Warriors were led by Buddy Hield 's 22 points , which he supplemented with eight rebounds , seven assists and two steals .",137.0,160.0,Name,"The Warriors were led by Stephen Curry's 27 points, which he supplemented with six steals.","Buddy Hield played for the Kings, not the Warriors. The correct player leading the Warriors in points is Stephen Curry.",qwen_medium,p0_sent,18837.07
S024,7,1,"Draymond Green posted a 23 - point , 4 - assist double - double that also included four rebounds , three steals and one block .",161.0,186.0,Number,8 assists,"Draymond Green actually had 8 assists, not 4.",qwen_medium,p0_sent,18837.07
S024,8,1,"Skal Labissiere led the second unit with 10 points , 10 rebounds , eight assists and one block .",187.0,205.0,None,,The sentence is accurate according to the box score data.,qwen_medium,p0_sent,18837.07
S024,9,1,"Ben McLemore led the second unit with 11 points , one rebound , two assists and one steal .",206.0,224.0,Number,"11 points, 1 rebound, 2 assists, and 1 steal","Ben McLemore actually had 11 points, 1 rebound, 2 assists, and 1 steal, which matches the box score.",qwen_medium,p0_sent,18837.07
S024,10,1,"Stephen Curry paced the Kings with a 27 - point , 12 - assist double - double that also included seven rebounds and six steals .",225.0,250.0,Name,Buddy Hield,Stephen Curry did not play for the Kings; he played for the Warriors. Buddy Hield was the player who had a significant performance for the Kings.,qwen_medium,p0_sent,18837.07
S024,11,1,"Buddy Hield was next with a bench - leading 22 points ,",251.0,262.0,Word,starting,"Buddy Hield started the game, not coming off the bench.",qwen_medium,p0_sent,18837.07
S024,11,2,eight assists,106.0,107.0,Number,7,"Buddy Hield had 7 assists, not 8.",qwen_medium,p0_sent,18837.07
S024,12,1,"Draymond Green totaled 23 points , eight assists , four rebounds , three steals and one block .",276.0,293.0,number,"23 points, 8 assists, 4 rebounds, 3 steals, and 1 block","The number of rebounds is incorrect. Draymond Green had 4 rebounds, not 4.",qwen_medium,p0_sent,18837.07
S024,13,1,Willie Cauley-Stein totaled 12 points and four rebounds in a reserve role .,294.0,306.0,,,,qwen_medium,p0_sent,18837.07
S025,1,1,"The San Antonio Spurs defeated the Boston Celtics , 109 - 103 , at TD Garden on Friday .",1.0,19.0,,,,qwen_medium,p0_sent,18837.07
S025,2,1,"The Spurs ( 13 - 3 ) checked in to Thursday ' s contest with a mere nine points over the Celtics ( 9 - 7 ) at home ,",,,Number,17,"The box score shows that Pau Gasol scored 0 points in 17 minutes, not 9 points.",qwen_medium,p0_sent,18837.07
S025,3,1,four,111.0,111.0,number,4,"The number of assists Kawhi Leonard had is incorrect. According to the box score, he had 4 assists.",qwen_medium,p0_sent,18837.07
S025,4,1,"Kawhi Leonard added 25 points , 10 rebounds and four assists ,",117.0,128.0,,,,qwen_medium,p0_sent,18837.07
S025,4,2,while Patty Mills added 19 points off the bench .,129.0,138.0,,,,qwen_medium,p0_sent,18837.07
S025,5,1,"Avery Bradley added 19 points on 8 - of - 15 shooting , while David Lee chipped in 15 points off the bench .",139.0,162.0,,,,qwen_medium,p0_sent,18837.07
S025,6,1,a rebound,179.0,180.0,number,1,"Isaiah Thomas had 1 rebound, not a single unspecified rebound.",qwen_medium,p0_sent,18837.07
S025,7,1,"David Lee chipped in 15 points on 6 - of - 9 shooting , including 0 - of - 0 from long range .",204.0,227.0,Name,Patty Mills,David Lee did not play for the Celtics in this game. Patty Mills scored 19 points for the Spurs.,qwen_medium,p0_sent,18837.07
S025,8,1,"LaMarcus Aldridge finished with 10 points , four rebounds and four assists , in 32 minutes .",228.0,244.0,Number,"10 points, 4 rebounds, 4 assists","LaMarcus Aldridge actually had 10 points, 4 rebounds, and 4 assists, but the box score shows he had 10 points, 4 rebounds, and 4 assists in 32 minutes, which is correct.",qwen_medium,p0_sent,18837.07
S025,9,1,"The Spurs shot 47 percent from the field and 46 percent from long range ,",245.0,259.0,Number,47 percent from the field and 46 percent from long range,The Spurs' shooting percentages are correct according to the box score.,qwen_medium,p0_sent,18837.07
S025,9,2,"while the Celtics shot 46 percent from the field ,",260.0,269.0,Number,46 percent from the field,The Celtics' field goal percentage is correct according to the box score.,qwen_medium,p0_sent,18837.07
S025,9,3,while the Celtics hit 46 percent of their shots .,270.0,279.0,Number,35 percent from long range,"The Celtics' three-point shooting percentage is incorrect. According to the box score, they shot 35% from long range.",qwen_medium,p0_sent,18837.07
S026,1,1,David West ( 5 - 12 ),11.0,17.0,Name,Indiana Pacers (7 - 11),The sentence incorrectly mentions 'David West (5 - 12)' instead of the correct team name and record 'Indiana Pacers (7 - 11)'.,qwen_medium,p0_sent,18837.07
S026,1,2,116 - 0,18.0,20.0,Number,116 - 99,The sentence incorrectly states the score as '116 - 0' instead of the correct score '116 - 99'.,qwen_medium,p0_sent,18837.07
S026,1,3,Wednesday,22.0,22.0,Name,Tuesday,The sentence incorrectly states the day of the game as 'Wednesday' instead of the correct day 'Tuesday'.,qwen_medium,p0_sent,18837.07
S026,2,1,26 - 27,48.0,50.0,Number,26 - 28,"The score in the first quarter was 26-28, not 26-27.",qwen_medium,p0_sent,18837.07
S026,3,1,12 - for - 12 from the free throw line,85.0,94.0,Number,7 - for - 7,"The Suns' free throw shooting was actually 7-for-7, not 12-for-12.",qwen_medium,p0_sent,18837.07
S026,3,2,0 - for - 3 from beyond the arc,96.0,104.0,Number,5 - for - 6,"The Suns' three-point shooting was actually 5-for-6, not 0-for-3.",qwen_medium,p0_sent,18837.07
S026,4,1,The Suns were led by the duo of Eric Dragic and Goran Dragic .,106.0,119.0,Name,The Suns were led by the duo of Eric Bledsoe and Goran Dragic.,"The sentence incorrectly states that Eric Dragic was part of the duo leading the Suns. According to the box score, Eric Bledsoe, not Eric Dragic, was the other key player alongside Goran Dragic.",qwen_medium,p0_sent,18837.07
S026,5,1,five rebounds,155.0,156.0,number,3 rebounds,"Goran Dragic actually had 3 rebounds, not 5.",qwen_medium,p0_sent,18837.07
S026,5,2,three steals,158.0,159.0,number,4 steals,"Goran Dragic actually had 4 steals, not 3.",qwen_medium,p0_sent,18837.07
S026,6,1,"It was a season - high in points for Dragic , who recorded his second double - double in the last five games .",161.0,184.0,Number,"It was a season-high in points for Dragic, who recorded his first double-double in the last five games.","The sentence states that Dragic recorded his second double-double in the last five games, but according to the box score, this is his first double-double in the last five games.",qwen_medium,p0_sent,18837.07
S026,7,1,"Dragic had 34 points ( 11 - 15 FG , 5 - 6 3Pt , 7 - 7 FT ) ,",185.0,205.0,Number,"11 - 20 FG, 5 - 6 3Pt, 4 - 5 FT","The field goal attempts, three-point attempts, and free throw attempts for Dragic are incorrect.",qwen_medium,p0_sent,18837.07
S026,7,2,five rebounds,155.0,156.0,Number,3 rebounds,"Dragic had 3 rebounds, not 5.",qwen_medium,p0_sent,18837.07
S026,7,3,four steals,237.0,238.0,Number,4 steals,"Dragic had 4 steals, but this is already correct in the sentence.",qwen_medium,p0_sent,18837.07
S026,8,1,"It was his second double - double in a row , as he ' s combined for 42 points and 11 rebounds over his last two games .",,,Number,5th double-double,"The sentence states that Roy Hibbert had his second double-double in a row, but according to the box score, this was actually his fifth double-double.",qwen_medium,p0_sent,18837.07
S026,9,1,"Roy Hibbert also had a solid showing , recording 15 points ( 6 - 14 FG , 0 - 0 3Pt , 3 - 3 FT ) , 10 rebounds and two steals .",267.0,300.0,Number,"15 points (6-14 FG, 0-0 3Pt, 3-3 FT)","The field goal percentage (6-14) is incorrect. According to the box score, Roy Hibbert made 6 out of 14 field goals, but the correct field goal percentage is 6-11.",qwen_medium,p0_sent,18837.07
S026,10,1,"It was his second double - double in a row , as he ' s averaged 10 points and 16 rebounds per game .",,,Number,10 points and 10 rebounds,"The sentence states that the player averaged 10 points and 16 rebounds per game, but according to the box score, Roy Hibbert had 15 points and 10 rebounds in this game, which is his fifth double-double, not the second in a row. The average of 16 rebounds is also incorrect.",qwen_medium,p0_sent,18837.07
S026,11,1,"CJ Miles also had a big game off the bench with 17 points ( 6 - 9 FG , 1 - 3 3Pt , 4 - 4 FT ) and a pair of rebounds .",324.0,358.0,Number,4 - 3 FT,"CJ Miles actually made 3 out of 4 free throws, not 4 out of 4.",qwen_medium,p0_sent,18837.07
S026,12,1,"It was his second double - double in a row , as he ' s combined for 42 points and 12 rebounds over his last two games .",,,Number,5th double-double,"The sentence states that Roy Hibbert had his second double-double in a row, but according to the box score, this was his fifth double-double.",qwen_medium,p0_sent,18837.07
S026,13,1,"Roy Hibbert also had a solid showing , recording 15 points ( 6 - 14 FG , 0 - 0 3Pt , 3 - 3 FT ) , 10 rebounds and two steals .",267.0,300.0,Number,"15 points (6-14 FG, 0-0 3Pt, 3-3 FT)","The field goal percentage (6-14) is incorrect. According to the box score, Roy Hibbert made 6 out of 14 field goals, but the correct field goal percentage is 6-11.",qwen_medium,p0_sent,18837.07
S026,14,1,He ' s now averaging 10 points and 6 rebounds on the year .,,,Number,15 points and 6 rebounds,"The sentence states that the player is averaging 10 points and 6 rebounds, but according to the box score, the player (likely referring to David West) actually averaged 10 points and 6 rebounds in this specific game, not on the year.",qwen_medium,p0_sent,18837.07
S026,15,1,"CJ Miles had a strong showing off the bench , scoring 17 points ( 6 - 9 FG , 1 - 3 3Pt , 4 - 4 FT ) , to go along with two rebounds and two assists .",433.0,472.0,Number,4 - 4 FT should be 4 - 5 FT,"CJ Miles actually made 4 out of 5 free throws, not 4 out of 4.",qwen_medium,p0_sent,18837.07
S026,16,1,He ' s now averaging 15 points and 6 rebounds on the year .,,,Number,10,"The sentence states that David West is averaging 6 rebounds, but according to the box score, he only had 6 rebounds in this game, not on average for the year.",qwen_medium,p0_sent,18837.07
S026,17,1,CJ Miles was the only other starter to reach double figures in points .,486.0,499.0,Context,,"CJ Miles was not a starter in this game, and the statement implies he was the only other starter to reach double figures, which is incorrect.",qwen_medium,p0_sent,18837.07
S026,18,1,"He went 6 - for - 9 from the field and 1 - for - 3 from the three - point line to score 17 points , while also adding seven rebounds and a steal .",500.0,535.0,Number,6 - for - 9 from the field and 1 - for - 3 from the three - point line to score 17 points,"The sentence states that the player scored 17 points, but according to the box score, C.J. Miles actually scored 17 points with 6 - for - 9 from the field and 1 - for - 3 from the three-point line. The sentence is correct.",qwen_medium,p0_sent,18837.07
S026,19,1,"The Suns ' next game will be at home against the Toronto Raptors on Friday ,",536.0,551.0,Name,"The Suns' next game will be on the road against the Dallas Mavericks on Friday,","The sentence incorrectly states that the Suns' next game is at home against the Toronto Raptors, when it is actually on the road against the Dallas Mavericks.",qwen_medium,p0_sent,18837.07
S026,19,2,while the Pacers will be at home against the Brooklyn Nets on Friday .,552.0,565.0,Name,while the Pacers will travel to Portland to play the Trail Blazers on Thursday.,"The sentence incorrectly states that the Pacers' next game is at home against the Brooklyn Nets on Friday, when it is actually in Portland against the Trail Blazers on Thursday.",qwen_medium,p0_sent,18837.07
S027,1,1,The New York Knicks ( 8 - 10 ) defeated the Houston Rockets ( 7 - 10 ) 111 - 111 on Wednesday at Madison Square Garden in New York .,1.0,31.0,Number,116 - 111,"The final score was 116-111, not 111-111.",qwen_medium,p0_sent,18837.07
S027,1,2,The New York Knicks ( 8 - 10 ) defeated the Houston Rockets ( 7 - 10 ) 111 - 111 on Wednesday at Madison Square Garden in New York .,1.0,31.0,Word,lost to,"The Knicks lost to the Rockets, not defeated them.",qwen_medium,p0_sent,18837.07
S027,1,3,The New York Knicks ( 8 - 10 ) defeated the Houston Rockets ( 7 - 10 ) 111 - 111 on Wednesday at Madison Square Garden in New York .,1.0,31.0,Name,Sunday,"The game was played on Sunday, not Wednesday.",qwen_medium,p0_sent,18837.07
S027,2,1,"The Knicks got off to a quick start in this one ,",32.0,43.0,Word,"The Rockets got off to a quick start in this one,","The sentence states that the Knicks out-scored the Knicks, which is a word mistake. The correct team should be the Rockets.",qwen_medium,p0_sent,18837.07
S027,3,1,"The Rockets were the superior shooters in this game , going 58 percent from the field and 33 percent from the three - point line , while the Rockets went 58 percent from the floor and 33 percent from beyond the arc .",58.0,100.0,Context,,"The sentence incorrectly states that the Rockets were the superior shooters and went 58% from the field and 33% from the three-point line twice. According to the box score, the Knicks shot 58% from the field and 33% from the three-point line, while the Rockets shot 45% from the field and 28% from the three-point line.",qwen_medium,p0_sent,18837.07
S027,4,1,seven rebounds,144.0,145.0,number,13 rebounds,"The box score shows that Arron Afflalo had 13 rebounds, not 7.",qwen_medium,p0_sent,18837.07
S027,5,1,"It was his second straight game with a career - high of 31 points ( 13 - 19 FG , 2 - 4 3Pt , 3 - 4 FT ) of his own , while also adding seven rebounds .",150.0,189.0,Number,"It was his second consecutive double-digit scoring game, posting 31 points (13-19 FG, 2-4 3Pt, 3-4 FT), while also adding seven rebounds.","The sentence incorrectly states that this was Afflalo's second straight game with a career-high of 31 points. According to the box score, this was his second consecutive double-digit scoring game, but not necessarily a career-high.",qwen_medium,p0_sent,18837.07
S027,6,1,"It was his second double - double in a row , as he 's combined for 45 points and 10 rebounds over his last two games .",190.0,216.0,Number,14 points and 7 rebounds,"The sentence states that Kevin Seraphin combined for 45 points and 10 rebounds over his last two games, but according to the box score, he scored 14 points and 7 rebounds in this game, which is his second consecutive double-digit scoring game.",qwen_medium,p0_sent,18837.07
S027,7,1,"Kristaps Porzingis was the only other starter in double figures , finishing with 20 points ( 8 - 13 FG , 0 - 1 3Pt , 4 - 4 FT ) , 13 rebounds and two blocked shots .",217.0,255.0,,,,qwen_medium,p0_sent,18837.07
S027,8,1,"The Rockets ' next game will be on the road against the Detroit Pistons on Wednesday , while the Knicks will travel to Charlotte to play the Hornets on Wednesday .",256.0,286.0,Name,"The Rockets' next game will be on the road against the Detroit Pistons on Monday, while the Knicks will travel to Philadelphia to play the 76ers on Wednesday.","The day of the Pistons game is incorrect (should be Monday, not Wednesday). The Knicks' next game is against the 76ers, not the Hornets.",qwen_medium,p0_sent,18837.07
S028,1,1,Saturday,17.0,17.0,Name,Wednesday,"The game was played on Wednesday, not Saturday.",qwen_medium,p0_sent,18837.07
S028,2,1,"The Wizards ( 31 - 21 ) have been mocked for some time for the "" Trust the Process "" slogan that has become associated with their run with the first - round win of the season .",20.0,57.0,Context,,"The 'Trust the Process' slogan is associated with the Philadelphia 76ers, not the Washington Wizards. This is a context mistake.",qwen_medium,p0_sent,18837.07
S028,3,1,9 - 21,70.0,72.0,Number,9 - 44,"The Nets' record is incorrectly stated as 9-21, when it should be 9-44.",qwen_medium,p0_sent,18837.07
S028,4,1,"However , the Wizards ( 31 - 44 ) regrouped at halftime and came out strong in the second quarter ,",97.0,117.0,Number,31-21,"The Wizards' record is 31-21, not 31-44.",qwen_medium,p0_sent,18837.07
S028,4,2,outscoring the Nets by a 59 - 48 margin in the second half .,118.0,131.0,Number,28-27,"The Wizards outscored the Nets 28-27 in the second quarter, not 59-48 in the second half.",qwen_medium,p0_sent,18837.07
S028,5,1,"The visitors were led by a pair of 23 - point efforts from John Wall and Bradley Beal ,",132.0,150.0,Number,31,"Bradley Beal scored 31 points, not 23.",qwen_medium,p0_sent,18837.07
S028,5,2,"The visitors were led by a pair of 23 - point efforts from John Wall and Bradley Beal ,",132.0,150.0,Number,23,"John Wall scored 23 points, which is correct.",qwen_medium,p0_sent,18837.07
S028,6,1,"Marcin Gortat posted a 14 - point , 14 - rebound double - double that also included an assist , a steal and a block .",176.0,201.0,,,,qwen_medium,p0_sent,18837.07
S028,7,1,"Sean Kilpatrick led the second unit with 10 points , four rebounds and two assists .",202.0,217.0,Name,Jason Smith,"The sentence incorrectly states that Sean Kilpatrick led the second unit, but according to the box score, Jason Smith led the second unit with 15 points, eight rebounds, and one steal.",qwen_medium,p0_sent,18837.07
S028,8,1,"Bradley Beal led the way for Brooklyn with 31 points , six rebounds , two assists and two steals .",218.0,237.0,Name,Bojan Bogdanovic,Bradley Beal did not play for the Brooklyn Nets; he played for the Washington Wizards. Bojan Bogdanovic led the Nets with 21 points.,qwen_medium,p0_sent,18837.07
S028,9,1,"Otto Porter , Jr posted a 20 - point , 10 - rebound double - double that also included one assist and a steal .",238.0,262.0,,,,qwen_medium,p0_sent,18837.07
S028,10,1,"Rondae Hollis-Jefferson posted a 13 - point , 11 - rebound double - double that also included two assists and a steal .",263.0,285.0,,,,qwen_medium,p0_sent,18837.07
S028,11,1,"Jason Smith led the second unit with 15 points , eight rebounds and a steal .",286.0,301.0,Word,"Jason Smith led the second unit with 15 points, eight rebounds, and one steal.","The sentence states 'a steal' which is incorrect. According to the box score, Jason Smith had one steal, so it should be 'one steal'.",qwen_medium,p0_sent,18837.07
S028,12,1,"Sean Kilpatrick led the second unit with 10 points , four rebounds and two assists .",202.0,217.0,Name,Jason Smith,"The sentence incorrectly states that Sean Kilpatrick led the second unit, but according to the box score, Jason Smith led the second unit with 15 points, eight rebounds, and one steal.",qwen_medium,p0_sent,18837.07
S028,13,1,"Bradley Beal led the Nets with 31 points , six rebounds , two assists and two steals .",318.0,335.0,Name,Bojan Bogdanovic,Bradley Beal did not lead the Nets with 31 points; Bojan Bogdanovic led the Nets with 21 points.,qwen_medium,p0_sent,18837.07
S028,14,1,"Bojan Bogdanovic was next with 21 points , five rebounds , four assists and two steals .",336.0,352.0,,,,qwen_medium,p0_sent,18837.07
S028,15,1,"Marcin Gortat posted a 14 - point , 14 - rebound double - double that also included one assist , one steal and one block .",353.0,378.0,,,,qwen_medium,p0_sent,18837.07
S028,16,1,"Sean Kilpatrick led the second unit with 10 points , four rebounds and two assists .",202.0,217.0,Name,Jason Smith,"The sentence incorrectly states that Sean Kilpatrick led the second unit, but according to the box score, Jason Smith led the second unit with 15 points, eight rebounds, and one steal.",qwen_medium,p0_sent,18837.07
S028,17,1,"The Nets head back home to face off with the Detroit Pistons on Friday night , while the Nets remain home and await the Phoenix Suns on Friday evening as well .",395.0,426.0,Name,"The Wizards head back home to do battle with the Indiana Pacers on Friday night, while the Nets remain home to face off with the Miami Heat on Friday evening as well.","The sentence incorrectly states that the Nets will face the Detroit Pistons and the Phoenix Suns. According to the box score, the Wizards will face the Indiana Pacers, and the Nets will face the Miami Heat.",qwen_medium,p0_sent,18837.07
S029,1,1,Wednesday,17.0,17.0,name,Monday,"The game was played on Monday, not Wednesday.",qwen_medium,p0_sent,18837.07
S029,2,1,"The Timberwolves ( 12 - 26 ) came in to Friday ' s contest with a hot start to the season ,",,,Name,Monday,"The game was played on Monday, not Friday.",qwen_medium,p0_sent,18837.07
S029,3,1,by a 24 - 19 margin,81.0,86.0,Number,by a 23 - 24 margin,"The margin in the third quarter was actually 23 - 24, not 24 - 19.",qwen_medium,p0_sent,18837.07
S029,4,1,"However , the Timberwolves were able to pull away in the second half , outscoring the Mavericks by a 24 - 19 margin in the third quarter .",92.0,119.0,,,,qwen_medium,p0_sent,18837.07
S029,5,1,"Harrison Barnes led the way for Dallas with a game - high 30 points ,",120.0,134.0,Number,26,"The game-high points were actually 26, not 30.",qwen_medium,p0_sent,18837.07
S029,5,2,"two rebounds ,",139.0,141.0,Number,5,"Harrison Barnes had 5 rebounds, not two.",qwen_medium,p0_sent,18837.07
S029,5,3,one assist and one steal .,142.0,147.0,Number,4 assists and 0 steals,"Harrison Barnes had 4 assists and 0 steals, not one assist and one steal.",qwen_medium,p0_sent,18837.07
S029,6,1,"Deron Williams followed with 11 points , seven assists , two rebounds and one steal .",148.0,163.0,Number,"11 points, 7 assists, 2 rebounds, and 1 steal","The sentence states that Deron Williams had 11 points, but according to the box score, he actually had 11 points, 7 assists, 2 rebounds, and 1 steal. The original sentence is correct.",qwen_medium,p0_sent,18837.07
S029,7,1,"Wesley Matthews was next with a bench - leading 37 points ,",164.0,175.0,Number,15,Wesley Matthews did not score 37 points; he scored 15 points.,qwen_medium,p0_sent,18837.07
S029,7,2,"which he supplemented with five assists ,",176.0,182.0,Number,5,"Wesley Matthews did not have 5 assists; he had 5 assists, but this is already correct.",qwen_medium,p0_sent,18837.07
S029,7,3,four rebounds,183.0,184.0,Number,4,"Wesley Matthews did not have 4 rebounds; he had 4 rebounds, but this is already correct.",qwen_medium,p0_sent,18837.07
S029,7,4,one steal,145.0,146.0,Number,0,Wesley Matthews did not have 1 steal; he had 0 steals.,qwen_medium,p0_sent,18837.07
S029,8,1,"Deron Williams supplied 11 points , seven assists , two rebounds and one steal .",189.0,203.0,Number,"11 points, 7 assists, 2 rebounds, 1 steal","The number of points, assists, rebounds, and steals for Deron Williams are incorrect. According to the box score, he had 11 points, 7 assists, 2 rebounds, and 1 steal.",qwen_medium,p0_sent,18837.07
S029,9,1,"JJ Barea led the bench with 14 points , four assists , two rebounds and two steals .",204.0,221.0,Number,"0 points, 4 assists, 2 rebounds, 1 steal","The box score shows that JJ Barea had 0 points, 4 assists, 2 rebounds, and 1 steal, not 14 points.",qwen_medium,p0_sent,18837.07
S029,10,1,"JJ Barea led the bench with 14 points , four assists , two rebounds and one steal .",222.0,239.0,number,8 points,"The box score shows JJ Barea scored 8 points, not 14.",qwen_medium,p0_sent,18837.07
S029,11,1,"JJ Barea led the second unit with 12 points , four assists , two rebounds and one steal .",240.0,258.0,number,"12 points, 4 assists, 2 rebounds, and 4 steals","The number of steals is incorrect. According to the box score, JJ Barea had 4 steals, not 1.",qwen_medium,p0_sent,18837.07
S029,12,1,The Mavericks remain in last place in the Western Conference ' s Northwest Division .,,,Context,,The Mavericks are not in the Northwest Division; they are in the Southwest Division of the Western Conference.,qwen_medium,p0_sent,18837.07
S029,13,1,They head to Minnesota to take on the Timberwolves on Wednesday .,273.0,284.0,Name,Monday,"The game was played on Monday, not Wednesday.",qwen_medium,p0_sent,18837.07
S029,14,1,three blocks and three blocks,310.0,314.0,Number,three blocks and two blocks,"The sentence states that Karl-Anthony Towns had three blocks twice, which is incorrect. According to the box score, he had three blocks in total.",qwen_medium,p0_sent,18837.07
S029,15,1,"Andrew Wiggins followed with 13 points , four rebounds , one assist and one block .",316.0,331.0,,,,qwen_medium,p0_sent,18837.07
S029,16,1,"Shabazz Muhammad was next with 11 points , two rebounds , two assists and two steals .",332.0,348.0,Number,"11 points, 2 rebounds, 0 assists, 1 steal","Shabazz Muhammad actually had 11 points, 2 rebounds, 0 assists, and 1 steal, not 11 points, 2 rebounds, 2 assists, and 2 steals.",qwen_medium,p0_sent,18837.07
S029,17,1,"Shabazz Muhammad led the second unit with 11 points , two rebounds , two assists and two steals .",349.0,367.0,,,,qwen_medium,p0_sent,18837.07
S029,18,1,The Timberwolves remain in last place in the Western Conference ' s Northwest Division .,,,,,,qwen_medium,p0_sent,18837.07
S029,19,1,They ' re home again on Wednesday for a date with the Utah Jazz .,,,Name,Monday,"The game was played on Monday, not Wednesday.",qwen_medium,p0_sent,18837.07
S030,1,1,Wednesday,18.0,18.0,name,Monday,"The game was played on Monday, not Wednesday.",qwen_medium,p0_sent,18837.07
S030,2,1,overtime,35.0,35.0,word,regular time,"The game was not an overtime game, as the final score indicates a regular time win.",qwen_medium,p0_sent,18837.07
S030,3,1,34 - 21,58.0,60.0,Number,34 - 21,"The sentence states that the Pacers outscored the Hornets 34-21 in the fourth quarter, which is correct according to the box score data.",qwen_medium,p0_sent,18837.07
S030,4,1,"Rebounding was a huge factor in the win , with the Pacers winning that battle , 42 - 34 .",67.0,86.0,,,,qwen_medium,p0_sent,18837.07
S030,5,1,"The Hornets ( 14 - 11 ) have now won five of their last seven games ,",87.0,103.0,Number,"The Hornets (14-11) have now won 0 of their last seven games,","The sentence states that the Hornets have won five of their last seven games, but according to the box score, the Hornets lost this game, and there is no information provided to confirm that they have won five of their last seven games.",qwen_medium,p0_sent,18837.07
S030,6,1,"Kemba Walker did all he could for Charlotte , as he led the team with 12 points , two rebounds and five assists .",111.0,134.0,Number,"12 points, 5 assists, 2 rebounds","Kemba Walker's actual stats were 12 points, 5 assists, and 2 rebounds, not 12 points, 5 assists, and 2 rebounds.",qwen_medium,p0_sent,18837.07
S030,7,1,"Nicolas Batum was second on the team , as he accrued 13 points , 10 rebounds and three assists .",135.0,154.0,Number,"Nicolas Batum was second on the team, as he accrued 13 points, 10 rebounds and 3 assists.","The number of assists is correct, but the sentence implies that Batum was second in points, which is not true according to the box score. Paul George and Myles Turner both scored 22 points, making them the top scorers. Batum's 13 points place him third.",qwen_medium,p0_sent,18837.07
S030,8,1,"Cody Zeller was the only other starter in double figures , as he accrued 11 points , seven rebounds and two blocks .",155.0,177.0,Number,8 points,"Cody Zeller scored 8 points, not 11 points.",qwen_medium,p0_sent,18837.07
S030,9,1,On deck for Charlotte is a road matchup with the Los Angeles Clippers on Monday .,178.0,193.0,Name,Wednesday,"The game is scheduled for Wednesday, not Monday.",qwen_medium,p0_sent,18837.07
S030,10,1,"The Pacers ( 13 - 12 ) have now won five of their last six games ,",194.0,210.0,Number,"The Pacers (13-12) have now won four of their last six games,","The sentence states that the Pacers have won five of their last six games, but the box score and season schedule do not confirm this. The correct number of wins in their last six games is four.",qwen_medium,p0_sent,18837.07
S030,11,1,"Paul George was the player of the game , as he accumulated 22 points , five rebounds and three assists .",221.0,241.0,,,,qwen_medium,p0_sent,18837.07
S030,12,1,"Myles Turner was second on the team ,",242.0,249.0,Context,,"Myles Turner and Paul George both scored 22 points, so Turner was not second on the team.",qwen_medium,p0_sent,18837.07
S030,13,1,"Myles Turner accrued 22 points , seven rebounds and four blocks .",262.0,273.0,,,,qwen_medium,p0_sent,18837.07
