TEXT_ID,SENTENCE_ID,ANNOTATION_ID,TOKENS,DOC_TOKEN_START,DOC_TOKEN_END,TYPE,CORRECTION,COMMENT,MODEL,PROMPT_KEY,TIME_SECONDS
S001,1,1,defeated Los Angeles Lakers,,,NAME,defeated the Los Angeles Lakers,The correct team name is 'the Los Angeles Lakers'.,qwen_small,p0a_sent,4251.08
S001,1,2,113 - 107,10.0,12.0,NUMBER,113-107,The score should be separated by a hyphen without spaces.,qwen_small,p0a_sent,4251.08
S001,3,1,Isaiah Thomas,72.0,73.0,NAME,Isaiah Thomas,Isaiah Thomas's name is misspelled as 'Isaiah Thomas' in the original sentence.,qwen_small,p0a_sent,4251.08
S001,3,2,38,75.0,75.0,NUMBER,38,"The number of points scored by Isaiah Thomas is correct, but the sentence structure implies a different player scored 38 points.",qwen_small,p0a_sent,4251.08
S001,4,1,"11 points , eight rebounds , eight assists and a block",98.0,108.0,NUMBER,"11 points, eight rebounds, eight assists",Al Horford's stats should be corrected to match the box score.,qwen_small,p0a_sent,4251.08
S001,5,1,18 -,116.0,117.0,NUMBER,18,"The correct number of points for Jae Crowder's double-double is 18, not 18-.",qwen_small,p0a_sent,4251.08
S001,5,2,12,120.0,120.0,NUMBER,12,"The correct number of rebounds for Jae Crowder's double-double is 12, not 12-.",qwen_small,p0a_sent,4251.08
S001,6,1,Jae Crowder,110.0,111.0,NAME,Isaiah Thomas,"Isaiah Thomas led the Celtics in scoring, not Jae Crowder.",qwen_small,p0a_sent,4251.08
S001,7,1,Jae Crowder,110.0,111.0,NAME,Isaiah Thomas,"Isaiah Thomas led the Celtics in scoring, not Jae Crowder.",qwen_small,p0a_sent,4251.08
S001,8,1,Al Horford,91.0,92.0,NAME,Isaiah Thomas,Al Horford did not lead the Celtics in scoring. Isaiah Thomas did.,qwen_small,p0a_sent,4251.08
S001,9,1,Kelly Olynyk,189.0,190.0,NAME,Isaiah Thomas,"Kelly Olynyk did not lead the second unit, Isaiah Thomas did.",qwen_small,p0a_sent,4251.08
S001,10,1,Detroit Pistons,220.0,221.0,NAME,Toronto Raptors,"The Lakers were supposed to play against the Toronto Raptors, not the Detroit Pistons.",qwen_small,p0a_sent,4251.08
S001,10,2,Friday night,223.0,224.0,NAME,"Wednesday, night","The game against the Toronto Raptors was scheduled for Wednesday, not Friday.",qwen_small,p0a_sent,4251.08
S002,1,1,The Atlanta Hawks defeated the Atlanta Hawks,1.0,7.0,NAME,The Atlanta Hawks defeated the Cleveland Cavaliers,The visiting team and home team are incorrectly identified as the same.,qwen_small,p0a_sent,4251.08
S002,1,2,110 - 110,9.0,11.0,NUMBER,110-106,The score is incorrect.,qwen_small,p0a_sent,4251.08
S002,1,3,Saturday night,18.0,19.0,DAY_OF_WEEK,Tuesday,The day of the week is incorrect.,qwen_small,p0a_sent,4251.08
S002,2,1,struggling,26.0,26.0,WORD,undefeated,"The Hawks were the last undefeated team, not struggling.",qwen_small,p0a_sent,4251.08
S002,3,1,Hawks outscored Hawks,,,NAME,Cavaliers,"The Hawks outscored the Cavaliers, not the Hawks.",qwen_small,p0a_sent,4251.08
S002,4,1,19 turnovers,78.0,79.0,NUMBER,21 turnovers,The Hawks recorded 21 assists compared to 19 turnovers.,qwen_small,p0a_sent,4251.08
S002,4,2,19 turnovers,78.0,79.0,NUMBER,21 assists,The Hawks recorded 21 assists compared to 19 turnovers.,qwen_small,p0a_sent,4251.08
S002,5,1,(5 -2),,,NUMBER,(5-2),"The correct score for the Hawks is 5-2, not 5 - 2.",qwen_small,p0a_sent,4251.08
S002,5,2,have now won,99.0,101.0,WORD,have won,"The Hawks have won three of their last five games, not have now won.",qwen_small,p0a_sent,4251.08
S002,6,1,17 points,127.0,128.0,NUMBER,17,The number of points attributed to Dwight Howard is correct.,qwen_small,p0a_sent,4251.08
S002,6,2,17 rebounds,130.0,131.0,NUMBER,17,The number of rebounds attributed to Dwight Howard is correct.,qwen_small,p0a_sent,4251.08
S002,6,3,3 of 5,,,NUMBER,3 of 5,The shooting percentage is correctly stated as 3 of 5.,qwen_small,p0a_sent,4251.08
S002,7,1,Kent Bazemore,143.0,144.0,NAME,Bazemore,"Kent Bazemore is not a valid name, Bazemore is correct.",qwen_small,p0a_sent,4251.08
S002,8,1,Kent Bazemore,143.0,144.0,NAME,,Kent Bazemore is correctly identified in the box-score data.,qwen_small,p0a_sent,4251.08
S002,8,2,25,151.0,151.0,NUMBER,,25 points is correctly identified in the box-score data.,qwen_small,p0a_sent,4251.08
S002,8,3,six,154.0,154.0,NUMBER,,Six rebounds is correctly identified in the box-score data.,qwen_small,p0a_sent,4251.08
S002,8,4,three,102.0,102.0,NUMBER,,Three assists is correctly identified in the box-score data.,qwen_small,p0a_sent,4251.08
S002,9,1,Sunday,188.0,188.0,DAY_OF_WEEK,Wednesday,"The game was played on Tuesday, not Sunday.",qwen_small,p0a_sent,4251.08
S002,9,2,Toronto,195.0,195.0,TEAM,Chicago,"The visiting team is the Chicago Bulls, not the Toronto Raptors.",qwen_small,p0a_sent,4251.08
S002,10,1,(6 -1),,,NUMBER,(5-2),The Cavaliers' record should be (5-2) based on the box score.,qwen_small,p0a_sent,4251.08
S002,10,2,have now won,99.0,101.0,WORD,have won,The sentence should directly state 'have won' without 'now'.,qwen_small,p0a_sent,4251.08
S002,11,1,LeBron James,221.0,222.0,NAME,Kyrie Irving,"LeBron James is not leading the team in points, Kyrie Irving is.",qwen_small,p0a_sent,4251.08
S002,12,1,Kyrie Irving,245.0,246.0,NAME,Kyrie Irving,Kyrie Irving is the correct name of the player.,qwen_small,p0a_sent,4251.08
S002,12,2,29,256.0,256.0,NUMBER,29,This number is correct according to the box score data.,qwen_small,p0a_sent,4251.08
S002,12,3,points,128.0,128.0,WORD,points,This word is correct according to the box score data.,qwen_small,p0a_sent,4251.08
S002,12,4,four,259.0,259.0,NUMBER,4,This number is correct according to the box score data.,qwen_small,p0a_sent,4251.08
S002,12,5,rebounds,131.0,131.0,WORD,rebounds,This word is correct according to the box score data.,qwen_small,p0a_sent,4251.08
S002,12,6,four,259.0,259.0,NUMBER,4,This number is correct according to the box score data.,qwen_small,p0a_sent,4251.08
S002,13,1,24 points,274.0,275.0,NUMBER,23 points,"LeBron James scored 23 points, not 24.",qwen_small,p0a_sent,4251.08
S002,13,2,9 rebounds,,,NUMBER,9 rebounds,"LeBron James had 9 rebounds, not 11.",qwen_small,p0a_sent,4251.08
S002,13,3,3 steals,,,NUMBER,3 steals,"LeBron James had 3 steals, not 11.",qwen_small,p0a_sent,4251.08
S002,14,1,25 points,151.0,152.0,NUMBER,21 points,"Tristan Thompson scored 21 points, not 25.",qwen_small,p0a_sent,4251.08
S002,14,2,two rebounds,297.0,298.0,NUMBER,five rebounds,"Tristan Thompson had five rebounds, not two.",qwen_small,p0a_sent,4251.08
S002,15,1,Sunday,188.0,188.0,NAME,Tuesday,"The game was played on Tuesday, not Sunday.",qwen_small,p0a_sent,4251.08
S002,15,2,Orlando,317.0,317.0,NAME,Cleveland,"The visiting team is the Cleveland Cavaliers, not the Orlando Magic.",qwen_small,p0a_sent,4251.08
S003,1,1,Saturday,17.0,17.0,DAY_OF_WEEK,Sunday,"The game was played on Sunday, not Saturday.",qwen_small,p0a_sent,4251.08
S003,2,1,(19-8),,,NUMBER,(19-8),The home team's record is correctly stated as 19-8.,qwen_small,p0a_sent,4251.08
S003,2,2,(19-8),,,NUMBER,(19-8),The visiting team's record is correctly stated as 19-8.,qwen_small,p0a_sent,4251.08
S003,2,3,30,56.0,56.0,NUMBER,61,"The score for the second quarter is incorrect. The Raptors scored 61 points, not 30.",qwen_small,p0a_sent,4251.08
S003,2,4,30,56.0,56.0,NUMBER,34,"The score for the third quarter is incorrect. The Raptors scored 34 points, not 30.",qwen_small,p0a_sent,4251.08
S003,2,5,Friday,51.0,51.0,NAME,Sunday,"The day of the week is incorrect. The game was played on Sunday, not Friday.",qwen_small,p0a_sent,4251.08
S003,3,1,DeMar DeRozan,74.0,75.0,NAME,DeRozan,Last name missing,qwen_small,p0a_sent,4251.08
S003,3,2,31,83.0,83.0,NUMBER,31,"Correct, no mistake",qwen_small,p0a_sent,4251.08
S003,3,3,points,84.0,84.0,WORD,points,"Correct, no mistake",qwen_small,p0a_sent,4251.08
S003,3,4,five,90.0,90.0,NUMBER,5,Incorrect number of rebounds,qwen_small,p0a_sent,4251.08
S003,3,5,four,93.0,93.0,NUMBER,4,Incorrect number of assists,qwen_small,p0a_sent,4251.08
S003,4,1,Kyle Lowry,99.0,100.0,NAME,,Kyle Lowry is not mentioned in the box-score data.,qwen_small,p0a_sent,4251.08
S003,4,2,"16 - point , 10 - assist",107.0,113.0,NUMBER,,The box-score data does not show a specific double-double for Kyle Lowry in this game.,qwen_small,p0a_sent,4251.08
S003,5,1,16 -,107.0,108.0,NUMBER,16,"The correct number of rebounds is 16, not 16-.",qwen_small,p0a_sent,4251.08
S003,5,2,13 -,139.0,140.0,NUMBER,13,"The correct number of rebounds is 13, not 13-.",qwen_small,p0a_sent,4251.08
S003,6,1,16 -,107.0,108.0,NUMBER,16,"The correct number of rebounds is 16, not 16-.",qwen_small,p0a_sent,4251.08
S003,6,2,13 -,139.0,140.0,NUMBER,13,"The correct number of rebounds is 13, not 13-.",qwen_small,p0a_sent,4251.08
S003,7,1,Terrence Ross,183.0,184.0,NAME,,Terrence Ross is not mentioned in the box-score data.,qwen_small,p0a_sent,4251.08
S003,7,2,11 points,194.0,195.0,NUMBER,,No player scored exactly 11 points according to the box-score data.,qwen_small,p0a_sent,4251.08
S003,7,3,two rebounds,197.0,198.0,WORD,,No player had exactly two rebounds in this game based on the box-score data.,qwen_small,p0a_sent,4251.08
S003,7,4,steal,97.0,97.0,WORD,,No player had a steal in this game based on the box-score data.,qwen_small,p0a_sent,4251.08
S003,7,5,block,127.0,127.0,WORD,,No player had a block in this game based on the box-score data.,qwen_small,p0a_sent,4251.08
S003,8,1,"Toronto remains in third place in the Eastern Conference 's Atlantic Division , and are currently slotted in the seventh seed in the conference as well",206.0,231.0,NAME,,"The text incorrectly refers to the Toronto Raptors as Toronto and mentions the Eastern Conference and Atlantic Division, which are not relevant to the game described in the story.",qwen_small,p0a_sent,4251.08
S003,9,1,Charlotte,236.0,236.0,NAME,Toronto,"The story mentions Charlotte, but the game was played in Orlando against the Toronto Raptors.",qwen_small,p0a_sent,4251.08
S003,9,2,Friday,51.0,51.0,DAY_OF_WEEK,Sunday,"The game was played on Sunday, not Friday.",qwen_small,p0a_sent,4251.08
S003,10,1,Elfrid Payton,252.0,253.0,NAME,DeMar DeRozan,Elfrid Payton did not lead Orlando's attack in this game. DeMar DeRozan scored 31 points.,qwen_small,p0a_sent,4251.08
S003,11,1,Aaron Gordon,269.0,270.0,NAME,,Aaron Gordon is not mentioned in the box score data.,qwen_small,p0a_sent,4251.08
S003,12,1,Elfrid Payton,252.0,253.0,NAME,,Elfrid Payton is not mentioned in the box-score data.,qwen_small,p0a_sent,4251.08
S003,13,1,Aaron Gordon,269.0,270.0,NAME,,Aaron Gordon is not mentioned in the box-score data.,qwen_small,p0a_sent,4251.08
S003,13,2,10 - point,275.0,277.0,NUMBER,,No player in the box-score data has a double-double with exactly 10 points.,qwen_small,p0a_sent,4251.08
S003,13,3,12 - rebound,279.0,281.0,NUMBER,,No player in the box-score data has a double-double with exactly 12 rebounds.,qwen_small,p0a_sent,4251.08
S003,14,1,DJ Augustin,342.0,343.0,NAME,D.J. Augustin,The player's full name is D.J. Augustin according to the box score.,qwen_small,p0a_sent,4251.08
S003,15,1,The Raptors remain in last place in the Eastern Conference ' s Southeast Division,,,NAME,,"The Raptors are not in last place in the Southeast Division. They have 19 wins and 8 losses, indicating they are performing well.",qwen_small,p0a_sent,4251.08
S003,16,1,Friday,51.0,51.0,NAME,Sunday,"The game was played on Sunday, not Friday.",qwen_small,p0a_sent,4251.08
S004,1,1,Los Angeles,7.0,8.0,NAME,Utah,"The home team is Utah Jazz, not Los Angeles Lakers.",qwen_small,p0a_sent,4251.08
S004,1,2,96 - 89,11.0,13.0,NUMBER,96-89,The score is already correctly stated as 96-89.,qwen_small,p0a_sent,4251.08
S004,2,1,( 1 - 1 ),,,NUMBER,( 1 - 0 ),"The Jazz won the game, so their record should be 1-0.",qwen_small,p0a_sent,4251.08
S004,3,1,16,72.0,72.0,NUMBER,17,"The Jazz outscored the Lakers by 17 in the fourth quarter, not 16.",qwen_small,p0a_sent,4251.08
S004,4,1,3 - for - 14,,,NUMBER,3 for 14,The correct representation of the shooting percentage should be '3 for 14'.,qwen_small,p0a_sent,4251.08
S004,4,2,38 %,,,NUMBER,38%,The correct shooting percentage from the field is 38%. ,qwen_small,p0a_sent,4251.08
S004,4,3,24 %,,,NUMBER,24%,The correct shooting percentage from three-point range is 24%. ,qwen_small,p0a_sent,4251.08
S004,5,1,43 -,120.0,121.0,NUMBER,47,"The Jazz had 47 rebounds, not 43.",qwen_small,p0a_sent,4251.08
S004,5,2,24,97.0,97.0,NUMBER,24,"The Lakers had 24 rebounds, not 24 again.",qwen_small,p0a_sent,4251.08
S004,6,1,(1 -1),,,NUMBER,(1-1),The correct score for the Lakers should be (1-1) based on the provided box score.,qwen_small,p0a_sent,4251.08
S004,6,2,without Kobe Bryant,136.0,138.0,NAME,without LeBron James,"Kobe Bryant is not the correct player mentioned, and the sentence implies a different player was absent.",qwen_small,p0a_sent,4251.08
S004,7,1,D' Angelo Russell,,,NAME,D'Angelo Russell,The name 'D'Angelo Russell' is correct in the box score.,qwen_small,p0a_sent,4251.08
S004,7,2,17,164.0,164.0,NUMBER,17,The number of points is correct in the box score.,qwen_small,p0a_sent,4251.08
S004,8,1,Luol Deng,173.0,174.0,NAME,Julius Randle,Luol Deng did not score in this game according to the box score.,qwen_small,p0a_sent,4251.08
S004,9,1,D' Angelo Russell,,,NAME,D'Angelo Russell,The name 'D'Angelo Russell' is correct in the box score.,qwen_small,p0a_sent,4251.08
S004,9,2,17,164.0,164.0,NUMBER,17,The number of points is correct in the box score.,qwen_small,p0a_sent,4251.08
S004,10,1,Luol Deng,173.0,174.0,NAME,Julius Randle,Luol Deng was not a starter in this game. Julius Randle was.,qwen_small,p0a_sent,4251.08
S004,10,2,12 points and 12 rebounds,187.0,191.0,NUMBER,7 points and 4 rebounds,"According to the box score, Luol Deng had 7 points and 4 rebounds.",qwen_small,p0a_sent,4251.08
S004,11,1,On deck for Los Angeles is a home matchup against the Portland Trail Blazers on Sunday,233.0,248.0,NAME,On deck for Los Angeles is a home matchup against the Portland Trail Blazers on Sunday.,The visiting team is incorrectly identified as 'Los Angeles' instead of 'the Lakers'.,qwen_small,p0a_sent,4251.08
S004,13,1,George Hill,273.0,274.0,NAME,Derrick Favors,George Hill is not the player of the game according to the box score.,qwen_small,p0a_sent,4251.08
S004,13,2,23,288.0,288.0,NUMBER,15,"The correct number of points for George Hill is 15, not 23.",qwen_small,p0a_sent,4251.08
S004,13,3,3,,,NUMBER,17,"The correct number of points for Lou Williams is 17, not 3.",qwen_small,p0a_sent,4251.08
S004,14,1,13 points,313.0,314.0,NUMBER,13 points,"The correct number of points for Rudy Gobert is 13, not 13 points.",qwen_small,p0a_sent,4251.08
S004,14,2,13 rebounds,316.0,317.0,NUMBER,13 rebounds,"The correct number of rebounds for Rudy Gobert is 13, not 13 rebounds.",qwen_small,p0a_sent,4251.08
S004,15,1,13 points,313.0,314.0,NUMBER,13 points,"Gobert's actual points were 13, not 13 points.",qwen_small,p0a_sent,4251.08
S004,15,2,13 rebounds,316.0,317.0,NUMBER,13 rebounds,"Gobert's actual rebounds were 13, not 13 rebounds.",qwen_small,p0a_sent,4251.08
S004,16,1,13 points,313.0,314.0,NUMBER,13 points,"The correct number of points for Rudy Gobert is 13, not 13 points.",qwen_small,p0a_sent,4251.08
S004,16,2,13 rebounds,316.0,317.0,NUMBER,13 rebounds,"The correct number of rebounds for Rudy Gobert is 13, not 13 rebounds.",qwen_small,p0a_sent,4251.08
S004,17,1,Portland Trail Blazers,244.0,246.0,NAME,Clippers,The correct opponent for the Jazz's next game is the Los Angeles Clippers.,qwen_small,p0a_sent,4251.08
S005,1,1,30 -21,,,NUMBER,"35, 26","The home line shows 35% from the floor and 26% from three-point range, not 30-21.",qwen_small,p0a_sent,4251.08
S005,2,1,Paul Millsap,38.0,39.0,NAME,"Tim Hardaway, Jr.","Paul Millsap did not lead the Hawks with 21 points. Tim Hardaway, Jr. led the Hawks with 21 points.",qwen_small,p0a_sent,4251.08
S005,2,2,21,35.0,35.0,NUMBER,28,Paul Millsap did not score 21 points. He scored 28 points according to the box score.,qwen_small,p0a_sent,4251.08
S005,3,1,Millsap,39.0,39.0,NAME,Paul Millsap,Millsap's full name is Paul Millsap.,qwen_small,p0a_sent,4251.08
S005,3,2,21,35.0,35.0,NUMBER,21,The correct number of points for Millsap is 21.,qwen_small,p0a_sent,4251.08
S005,3,3,points,52.0,52.0,WORD,points,The correct word is 'points'.,qwen_small,p0a_sent,4251.08
S005,3,4,five,58.0,58.0,NUMBER,5,The correct number of rebounds for Millsap is 5.,qwen_small,p0a_sent,4251.08
S005,3,5,four,61.0,61.0,NUMBER,4,The correct number of assists for Millsap is 4.,qwen_small,p0a_sent,4251.08
S005,3,6,one,64.0,64.0,NUMBER,1,The correct number of steals for Millsap is 1.,qwen_small,p0a_sent,4251.08
S005,4,1,three assists,102.0,103.0,NUMBER,two,Dwight Howard's assists should be corrected to 'two'.,qwen_small,p0a_sent,4251.08
S005,4,2,one block,108.0,109.0,NUMBER,none,Dwight Howard did not record any blocks in this game.,qwen_small,p0a_sent,4251.08
S005,5,1,Kent Bazemore,111.0,112.0,NAME,Malcolm Delaney,Kent Bazemore did not score 27 points in this game. Malcolm Delaney scored 12 points.,qwen_small,p0a_sent,4251.08
S005,5,2,27,117.0,117.0,NUMBER,12,Kent Bazemore did not score 27 points. Malcolm Delaney scored 12 points.,qwen_small,p0a_sent,4251.08
S005,5,3,27,117.0,117.0,NUMBER,12,Kent Bazemore did not score 27 points. Malcolm Delaney scored 12 points.,qwen_small,p0a_sent,4251.08
S005,5,4,27,117.0,117.0,NUMBER,12,Kent Bazemore did not score 27 points. Malcolm Delaney scored 12 points.,qwen_small,p0a_sent,4251.08
S005,5,5,27,117.0,117.0,NUMBER,12,Kent Bazemore did not score 27 points. Malcolm Delaney scored 12 points.,qwen_small,p0a_sent,4251.08
S005,6,1,Kent Bazemore,111.0,112.0,NAME,Malcolm Delaney,Kent Bazemore did not score 27 points in this game. Malcolm Delaney scored 12 points.,qwen_small,p0a_sent,4251.08
S005,6,2,27,117.0,117.0,NUMBER,12,Kent Bazemore did not score 27 points. Malcolm Delaney scored 12 points.,qwen_small,p0a_sent,4251.08
S005,6,3,27,117.0,117.0,NUMBER,12,Kent Bazemore did not score 27 points. Malcolm Delaney scored 12 points.,qwen_small,p0a_sent,4251.08
S005,6,4,27,117.0,117.0,NUMBER,12,Kent Bazemore did not score 27 points. Malcolm Delaney scored 12 points.,qwen_small,p0a_sent,4251.08
S005,6,5,27,117.0,117.0,NUMBER,12,Kent Bazemore did not score 27 points. Malcolm Delaney scored 12 points.,qwen_small,p0a_sent,4251.08
S005,7,1,Paul Millsap,38.0,39.0,NAME,"Tim Hardaway, Jr.","Paul Millsap is incorrectly identified as leading the way for Orlando. The correct player is Tim Hardaway, Jr.",qwen_small,p0a_sent,4251.08
S005,8,1,three assists,102.0,103.0,NUMBER,two,"Dwight Howard's assists should be 2, not 3.",qwen_small,p0a_sent,4251.08
S005,8,2,one block,108.0,109.0,NUMBER,none,Dwight Howard did not record a block in this game.,qwen_small,p0a_sent,4251.08
S005,9,1,Kent Bazemore,111.0,112.0,NAME,Malcolm Delaney,Kent Bazemore is not the player who led the second unit. Malcolm Delaney led the second unit with 12 points.,qwen_small,p0a_sent,4251.08
S005,10,1,New York Knicks,,,NAME,Orlando Magic,"The Orlando Magic, not the New York Knicks, were the visiting team.",qwen_small,p0a_sent,4251.08
S005,10,2,Toronto Raptors,244.0,245.0,NAME,Orlando Raptors,"The game was against the Orlando Raptors, not the Toronto Raptors.",qwen_small,p0a_sent,4251.08
S006,1,1,The Houston Rockets ( 10 - 12 ),1.0,8.0,NAME,The Brooklyn Nets (6-15),Incorrect team name and record.,qwen_small,p0a_sent,4251.08
S006,1,2,defeated,9.0,9.0,WORD,defeated,"Incorrect verb usage, should be 'beat' for a win.",qwen_small,p0a_sent,4251.08
S006,1,3,110 - 105,18.0,20.0,NUMBER,110-105,"Incorrect score format, should be hyphenated.",qwen_small,p0a_sent,4251.08
S006,1,4,on Friday,21.0,22.0,NAME,on Tuesday,Incorrect day of the week.,qwen_small,p0a_sent,4251.08
S006,2,1,double - digit,32.0,34.0,NUMBER,ten,"The Nets were a ten-point favorite, not a double-digit favorite.",qwen_small,p0a_sent,4251.08
S006,3,1,James Harden,46.0,47.0,NAME,"Corey Brewer, Marcus Thornton","Corey Brewer and Marcus Thornton were the principal beneficiaries of Ariza's absence, not James Harden.",qwen_small,p0a_sent,4251.08
S006,3,2,10 points,51.0,52.0,NUMBER,"22, 32 points","James Harden finished with 22 and 32 points, not 10 points.",qwen_small,p0a_sent,4251.08
S006,3,3,nine - point effort,,,WORD,"22, 32 points","James Harden finished with 22 and 32 points, not a nine-point effort.",qwen_small,p0a_sent,4251.08
S006,3,4,nine assists,54.0,55.0,NUMBER,"nine, 12 assists","Corey Brewer had 12 assists, not nine assists.",qwen_small,p0a_sent,4251.08
S006,3,5,34 and 26 minutes,,,NUMBER,"34, 26 minutes","Corey Brewer and Marcus Thornton were the principal beneficiaries of Ariza's absence, not 34 and 26 minutes.",qwen_small,p0a_sent,4251.08
S006,4,1,Trevor Ariza,66.0,67.0,NAME,Clint Capela,Trevor Ariza did not play in this game according to the box score.,qwen_small,p0a_sent,4251.08
S006,5,1,Orlando,102.0,102.0,NAME,Houston,"The Rockets are playing against the Brooklyn Nets, not the Orlando Magic.",qwen_small,p0a_sent,4251.08
S006,6,1,The Nets played this game without Brook Lopez,111.0,118.0,NAME,The Nets played this game without Brook Lopez,Brook Lopez is the correct name of the player mentioned.,qwen_small,p0a_sent,4251.08
S006,6,2,simply didn't have enough offense,,,WORD,The Nets simply didn't have enough offense to keep up with the Rockets.,"The sentence implies the Nets lacked offense, but the context suggests the Rockets were the stronger team in this game.",qwen_small,p0a_sent,4251.08
S006,7,1,Brook Lopez,117.0,118.0,NAME,Clint Capela,"Clint Capela is the player who scored 6 points and 9 rebounds, not Brook Lopez.",qwen_small,p0a_sent,4251.08
S006,7,2,24 points,151.0,152.0,NUMBER,10 points,"Clint Capela scored 10 points, not 24 points.",qwen_small,p0a_sent,4251.08
S006,7,3,eight rebounds,154.0,155.0,NUMBER,six rebounds,"Clint Capela had 6 rebounds, not 8 rebounds.",qwen_small,p0a_sent,4251.08
S006,7,4,five blocks,157.0,158.0,NUMBER,nine rebounds,"Clint Capela had 9 rebounds, not 5 blocks.",qwen_small,p0a_sent,4251.08
S006,8,1,Thaddeus Young,163.0,164.0,NAME,Dwight Howard,"Dwight Howard was the only other starter in double figures, not Thaddeus Young.",qwen_small,p0a_sent,4251.08
S006,9,1,Friday,22.0,22.0,NAME,Wednesday,"The game was played on Tuesday, not Friday.",qwen_small,p0a_sent,4251.08
S007,1,1,Russell Westbrook and Russell Westbrook,1.0,5.0,NAME,Russell Westbrook,There is only one Russell Westbrook playing for the Oklahoma City Thunder.,qwen_small,p0a_sent,4251.08
S007,2,1,Westbrook scored 36 points on 11 - of - 21 shooting,56.0,66.0,NUMBER,"Westbrook finished with 36 points, 11 rebounds, seven assists, four steals and one block on 11-of-21 shooting.",The number of assists (7) and blocks (1) are missing from the original sentence.,qwen_small,p0a_sent,4251.08
S007,2,2,Westbrook scored 36 points on 11 - of - 21 shooting,56.0,66.0,WORD,"Westbrook finished with 36 points, 11 rebounds, seven assists, four steals and one block on 11-of-21 shooting.",The word 'scored' is redundant and can be removed.,qwen_small,p0a_sent,4251.08
S007,3,1,Enes Kanter,88.0,89.0,NAME,Rudy Gay,Enes Kanter did not score in double digits. Rudy Gay scored 22 points.,qwen_small,p0a_sent,4251.08
S007,4,1,"The Kings shot 46 percent from the field and 36 percent from long range , while the Kings shot 46 percent from the field and 36 percent from long range .",123.0,153.0,NUMBER,,"The sentence repeats the same statistics for both teams, which is incorrect.",qwen_small,p0a_sent,4251.08
S007,5,1,DeMarcus Cousins,154.0,155.0,NAME,Cousins,"DeMarcus Cousins is the player's full name, but only Cousins is mentioned in the box score.",qwen_small,p0a_sent,4251.08
S007,5,2,31 points on 11 - of - 20 shooting,164.0,172.0,NUMBER,31 points on 11-of-17 shooting,"The shooting percentage should be 17, not 20.",qwen_small,p0a_sent,4251.08
S007,6,1,Steven Adams,209.0,210.0,NAME,Enes Kanter,"Steven Adams is incorrectly named as contributing 21 points, while Enes Kanter actually scored 29 points.",qwen_small,p0a_sent,4251.08
S008,1,1,"The Memphis Grizzlies defeated the Utah Jazz , 102 - 96 , at Vivint Smart Home Arena on Saturday .",1.0,20.0,NUMBER,102-96,The score should be separated into two numbers without a hyphen.,qwen_small,p0a_sent,4251.08
S008,1,2,Saturday,19.0,19.0,NAME,Wednesday,"The game was played on Wednesday, not Saturday.",qwen_small,p0a_sent,4251.08
S008,3,1,Marc Gasol,95.0,96.0,NAME,Joe Ingles,"Joe Ingles scored 20 points, not Marc Gasol.",qwen_small,p0a_sent,4251.08
S008,3,2,22,104.0,104.0,NUMBER,20,"Joe Ingles scored 20 points, not 22.",qwen_small,p0a_sent,4251.08
S008,4,1,Mike Conley,131.0,132.0,NAME,Joe Ingles,Mike Conley is not the player who scored 20 points. Joe Ingles scored 20 points according to the box score.,qwen_small,p0a_sent,4251.08
S008,5,1,Zach Randolph,173.0,174.0,NAME,Joe Ingles,Zach Randolph is not mentioned in the box score data. Joe Ingles provided a 20-point performance.,qwen_small,p0a_sent,4251.08
S008,5,2,18 points,136.0,137.0,NUMBER,"20, 20","Zach Randolph scored 20 points, not 18. The sentence mentions two consecutive 20-point performances by Carter and Ingles.",qwen_small,p0a_sent,4251.08
S008,5,3,7 - of - 13,,,NUMBER,22 - of - 33,"Joe Ingles had 22 points on 33 shots, not 7 of 13. The sentence attributes this to Zach Randolph.",qwen_small,p0a_sent,4251.08
S008,7,1,5 -,24.0,25.0,NUMBER,7,"The home team (Jazz) won with 96 points, not 5-5.",qwen_small,p0a_sent,4251.08
S008,7,2,5,24.0,24.0,NUMBER,7,"The home team (Jazz) won with 96 points, not 5 losses.",qwen_small,p0a_sent,4251.08
S008,8,1,Gordon Hayward led the way for the Grizzlies,265.0,272.0,NAME,,"Gordon Hayward is a player for the Utah Jazz, not the Memphis Grizzlies.",qwen_small,p0a_sent,4251.08
S008,8,2,13 points on 4 - of - 14 shooting,275.0,283.0,NUMBER,,The correct shooting percentage should be '4 of 14'.,qwen_small,p0a_sent,4251.08
S008,9,1,Rudy Gobert,311.0,312.0,NAME,,Rudy Gobert is not a player for the Jazz. The correct name is Zach Randolph.,qwen_small,p0a_sent,4251.08
S008,9,2,22 points,104.0,105.0,NUMBER,,"The correct number of points for Zach Randolph is 18, not 22.",qwen_small,p0a_sent,4251.08
S008,9,3,9 of 17,,,NUMBER,,"The correct shooting percentage for Zach Randolph is 9/17, not 9 of 17.",qwen_small,p0a_sent,4251.08
S008,11,1,Trail Blazers,376.0,377.0,NAME,Grizzlies,"The correct opponent is the Grizzlies, not the Trail Blazers.",qwen_small,p0a_sent,4251.08
S009,1,1,"The Milwaukee Bucks defeated the Los Angeles Lakers , 122 - 122 , at BMO Harris Bradley Center on Tuesday",1.0,20.0,NUMBER,"The Milwaukee Bucks defeated the Los Angeles Lakers, 122-114, at BMO Harris Bradley Center on Tuesday","The score is incorrect. The Bucks scored 114 points, not 122.",qwen_small,p0a_sent,4251.08
S009,1,2,at BMO Harris Bradley Center on Tuesday,14.0,20.0,NAME,at BMO Harris Bradley Center on Friday,"The game was played on Friday, not Tuesday.",qwen_small,p0a_sent,4251.08
S009,2,1,the Bucks,30.0,31.0,NAME,the Bucks (22-30),The Bucks should be referred to as 'the Bucks (22-30)' to include their record.,qwen_small,p0a_sent,4251.08
S009,2,2,six road victories,,,NUMBER,six road victories in 30 games,The number of road victories should be specified in the context of the total games played away from home.,qwen_small,p0a_sent,4251.08
S009,2,3,only six road victories,,,WORD,only six road victories in 30 games,The phrase 'only six road victories in 30 games' provides a clearer context.,qwen_small,p0a_sent,4251.08
S009,3,1,the Bucks,30.0,31.0,NAME,the Bucks,"The Bucks led for the majority of the game, not the Bucks.",qwen_small,p0a_sent,4251.08
S009,4,1,29,83.0,83.0,NUMBER,30,"The Bucks scored 30 points in the final quarter, not 29.",qwen_small,p0a_sent,4251.08
S009,4,2,29,83.0,83.0,NUMBER,30,"The Bucks scored 30 points in the final quarter, not 29.",qwen_small,p0a_sent,4251.08
S009,4,3,17,91.0,91.0,NUMBER,18,"The Bucks committed 18 turnovers, not 17.",qwen_small,p0a_sent,4251.08
S009,5,1,four of their last five games,104.0,109.0,NUMBER,five of their last five games,"The Lakers have won five of their last five games, not four.",qwen_small,p0a_sent,4251.08
S009,5,2,continue to struggle,113.0,115.0,WORD,have improved,"The Lakers have shown improvement, not continued to struggle.",qwen_small,p0a_sent,4251.08
S009,6,1,41,129.0,129.0,NUMBER,26,"D'Angelo Russell scored 26 points, not 41.",qwen_small,p0a_sent,4251.08
S009,7,1,Luol Deng,145.0,146.0,NAME,D'Angelo Russell,Luol Deng did not score 26 points in this game. D'Angelo Russell scored 26 points.,qwen_small,p0a_sent,4251.08
S009,8,1,D' Angelo Russell,,,NAME,D'Angelo Russell,The correct full name is D'Angelo Russell.,qwen_small,p0a_sent,4251.08
S009,9,1,Sunday,203.0,203.0,NAME,Tuesday,"The game was played on Friday, not Sunday.",qwen_small,p0a_sent,4251.08
S009,10,1,Milwaukee,2.0,2.0,NAME,Los Angeles,"The Bucks are the visiting team, not the home team.",qwen_small,p0a_sent,4251.08
S009,10,2,BMO Harris Bradley Center,15.0,18.0,NAME,Staples Center,"The game was played at Staples Center, not BMO Harris Bradley Center.",qwen_small,p0a_sent,4251.08
S009,10,3,Friday,300.0,300.0,NAME,Wednesday,"The game was played on Wednesday, not Friday.",qwen_small,p0a_sent,4251.08
S009,11,1,Giannis Antetokounmpo,227.0,228.0,NAME,"Antetokounmpo, Giannis",The order of names is reversed.,qwen_small,p0a_sent,4251.08
S009,12,1,Khris Middleton,248.0,249.0,NAME,Malcolm Brogdon,Khris Middleton was not second on the team in points. Malcolm Brogdon led the bench with 18 points.,qwen_small,p0a_sent,4251.08
S009,13,1,Greg Monroe,268.0,269.0,NAME,Julius Randle,Greg Monroe was not a starter in this game. Julius Randle was.,qwen_small,p0a_sent,4251.08
S009,14,1,Milwaukee will look to build off this win on Friday in a road matchup with the Orlando Magic,291.0,308.0,NAME,Milwaukee will look to build off this win on Tuesday in a road matchup with the Orlando Magic,"The game was played on February 10, 2017, which was a Tuesday, not Friday.",qwen_small,p0a_sent,4251.08
S010,1,1,host,6.0,6.0,NAME,home,The term 'host' is less common in basketball reporting and should be replaced with 'home'.,qwen_small,p0a_sent,4251.08
S010,1,2,Friday,18.0,18.0,NAME,no specific day,The day of the week is not provided in the box score data and is not explicitly mentioned in the summary.,qwen_small,p0a_sent,4251.08
S010,2,1,Hawks,3.0,3.0,NAME,Magic,"The home team was the Magic, not the Hawks.",qwen_small,p0a_sent,4251.08
S010,2,2,road,37.0,37.0,WORD,home,"The game was played at the home arena of the Magic, not on the road.",qwen_small,p0a_sent,4251.08
S010,3,1,11 ties and 11 lead changes,45.0,50.0,NUMBER,,The number of ties and lead changes should be consistent with the game summary. The summary does not mention specific tie or lead change counts.,qwen_small,p0a_sent,4251.08
S010,4,1,43 percent,75.0,76.0,NUMBER,40,"Orlando's shooting percentage from the field was 40%, not 43%.",qwen_small,p0a_sent,4251.08
S010,4,2,53 percent,81.0,82.0,NUMBER,30,"Orlando's shooting percentage from three-point range was 30%, not 53%.",qwen_small,p0a_sent,4251.08
S010,5,1,27 assists to 12 turnovers,101.0,105.0,NUMBER,27 assists to 19 turnovers,"The Magic had 27 assists and 19 turnovers, not 27 assists to 12 turnovers.",qwen_small,p0a_sent,4251.08
S010,5,2,17 turnovers to just 19 assists,111.0,116.0,NUMBER,17 turnovers to 19 assists,"The Hawks had 17 turnovers and 19 assists, not 17 turnovers to just 19 assists.",qwen_small,p0a_sent,4251.08
S010,6,1,19 -,121.0,122.0,NUMBER,11,"The Hawks won by 19 points, not 11.",qwen_small,p0a_sent,4251.08
S010,6,2,23 - 8,,,NUMBER,13,"The Hawks scored 13 points in the final minutes, not 23-8.",qwen_small,p0a_sent,4251.08
S010,7,1,7 of 13,,,NUMBER,5 of 13,Dennis Schroeder's shooting percentage should be corrected to 5 of 13.,qwen_small,p0a_sent,4251.08
S010,8,1,13 points and 12 rebounds,178.0,182.0,NUMBER,13 points and 12 rebounds,The correct double-double stats for Dwight Howard are 13 points and 12 rebounds.,qwen_small,p0a_sent,4251.08
S010,9,1,Kent Bazemore,184.0,185.0,NAME,D.J. Augustin,"Kent Bazemore is not a starter, according to the box score.",qwen_small,p0a_sent,4251.08
S010,10,1,New Orleans Pelicans,214.0,216.0,NAME,Orlando Magic,"The visiting team was the Orlando Magic, not the New Orleans Pelicans.",qwen_small,p0a_sent,4251.08
S010,10,2,Saturday,218.0,218.0,DAY_OF_WEEK,Wednesday,"The game was played on Wednesday, not Saturday.",qwen_small,p0a_sent,4251.08
S010,11,1,(16 -21),,,NUMBER,(92-111),"The score for the Magic should be 92, not 16-21.",qwen_small,p0a_sent,4251.08
S010,12,1,Nikola Vucevic,240.0,241.0,NAME,,Nikola Vucevic is not the player of the game according to the summary.,qwen_small,p0a_sent,4251.08
S010,12,2,"10 points , 12 rebounds and 6 assists",,,NUMBER,,"The player of the game had 18 points, 6 rebounds, and 7 assists according to the summary.",qwen_small,p0a_sent,4251.08
S010,13,1,Evan Fournier,261.0,262.0,NAME,Dwight Howard,"Evan Fournier is not the second on the team in terms of points scored. Dwight Howard is mentioned in the summary as recording a 13-point, 12-rebound double-double.",qwen_small,p0a_sent,4251.08
S010,14,1,10 points and 10 rebounds,290.0,294.0,NUMBER,10 points and 10 rebounds,The tokens '10' and '10' are incorrect. They should be '10 points' and '10 rebounds'.,qwen_small,p0a_sent,4251.08
S010,15,1,Evan Fournier,261.0,262.0,NAME,Evan Fournier,Evan Fournier is correctly named in the box score.,qwen_small,p0a_sent,4251.08
S010,15,2,14,272.0,272.0,NUMBER,14,14 points is correct according to the box score.,qwen_small,p0a_sent,4251.08
S010,15,3,14,272.0,272.0,NUMBER,1,"1 rebound is incorrect, as per the box score.",qwen_small,p0a_sent,4251.08
S010,16,1,Orlando,7.0,7.0,NAME,Magic,"The home team is the Magic, not Orlando.",qwen_small,p0a_sent,4251.08
S010,16,2,Toronto,331.0,331.0,NAME,Raptors,"The visiting team is the Raptors, not Toronto.",qwen_small,p0a_sent,4251.08
S011,1,1,Tuesday,22.0,22.0,NAME,Wednesday,"The game was played on Wednesday, not Tuesday.",qwen_small,p0a_sent,4251.08
S011,2,1,29 18,,,NUMBER,29-18,The first quarter score difference should be represented as a range (29-18) rather than two separate numbers.,qwen_small,p0a_sent,4251.08
S011,3,1,out - score,60.0,62.0,WORD,outscore,The phrase 'out-score' should be corrected to 'outscore'.,qwen_small,p0a_sent,4251.08
S011,3,2,be able to,,,NOT_CHECKABLE,,The phrase 'be able to' is not checkable against the box-score data.,qwen_small,p0a_sent,4251.08
S011,4,1,48 percent from the field and 44 percent from the three - point line,93.0,106.0,NUMBER,48% from the field and 44% from the three-point line,The percentages should be in percentage format without spaces.,qwen_small,p0a_sent,4251.08
S011,4,2,25 percent from deep,120.0,123.0,NUMBER,25% from deep,The percentage should be in percentage format without spaces.,qwen_small,p0a_sent,4251.08
S011,5,1,14 turnovers,135.0,136.0,NUMBER,12 turnovers,"The Hawks committed 12 turnovers, not 14.",qwen_small,p0a_sent,4251.08
S011,5,2,12,141.0,141.0,NUMBER,14 turnovers,"The Hawks forced the Wizards into 14 turnovers, not 12.",qwen_small,p0a_sent,4251.08
S011,6,1,The Hawks were led by the duo of John Wall and Bradley Beal,146.0,158.0,NAME,,"John Wall and Bradley Beal are from the visiting team, not the home team.",qwen_small,p0a_sent,4251.08
S011,7,1,Wall went 9 - for - 15 from the field and 3 - for - 5 from the three - point line,160.0,181.0,NUMBER,Wall went 9 for 15 from the field and 3 for 5 from the three-point line,Incorrect punctuation and formatting in the sentence.,qwen_small,p0a_sent,4251.08
S011,8,1,second double - double,205.0,208.0,WORD,back-to-back double-double,The phrase 'second double-double' is not a common basketball term. It should be corrected to 'back-to-back double-double'.,qwen_small,p0a_sent,4251.08
S011,9,1,Paul Millsap,238.0,239.0,NAME,Al Horford,Paul Millsap is not the player who scored the double-double. Al Horford had at least 20 points and 10 rebounds in three of his last five games.,qwen_small,p0a_sent,4251.08
S011,9,2,11 points,242.0,243.0,NUMBER,26,"Paul Millsap scored 26 points, not 11 points.",qwen_small,p0a_sent,4251.08
S011,9,3,11 rebounds,261.0,262.0,NUMBER,10,"Paul Millsap had 10 rebounds, not 11 rebounds.",qwen_small,p0a_sent,4251.08
S011,10,1,second double - double,205.0,208.0,WORD,consecutive,The term 'second double-double' is not a standard basketball statistic. It should be 'consecutive double-doubles'.,qwen_small,p0a_sent,4251.08
S011,10,2,21 points and 12 rebounds,281.0,285.0,NUMBER,24 points and 10 rebounds,"According to the box score, Jeff Teague scored 26 points and had 10 rebounds, not 21 points and 12 rebounds.",qwen_small,p0a_sent,4251.08
S011,11,1,Bradley Beal,157.0,158.0,NAME,,Bradley Beal is the correct name.,qwen_small,p0a_sent,4251.08
S011,11,2,23 points,300.0,301.0,NUMBER,23,The number of points is correct.,qwen_small,p0a_sent,4251.08
S011,11,3,8 - 19 FG 0 - 4 3Pt 7 - 10 FT,,,NUMBER,"8/19 FG, 0/4 3Pt, 7/10 FT",The shooting percentages are correct.,qwen_small,p0a_sent,4251.08
S011,12,1,16 points,326.0,327.0,NUMBER,26 points,"Jeff Teague scored 26 points, not an average of 16 points.",qwen_small,p0a_sent,4251.08
S011,12,2,6 rebounds,329.0,330.0,NUMBER,10 rebounds,"Al Horford had 10 rebounds, not an average of 6 rebounds.",qwen_small,p0a_sent,4251.08
S011,13,1,Al Horford,346.0,347.0,NAME,Jeff Teague,Al Horford did not lead the Hawks in scoring against the Wizards. Jeff Teague scored 26 points.,qwen_small,p0a_sent,4251.08
S011,13,2,21,281.0,281.0,NUMBER,26,"Al Horford scored 21 points, not 26 points.",qwen_small,p0a_sent,4251.08
S011,14,1,New Orleans Pelicans,390.0,392.0,NAME,New Orleans Pelicans,The team name should include the space between 'New' and 'Orleans'.,qwen_small,p0a_sent,4251.08
S011,14,2,Monday,,,NAME,Monday,The day of the week should be capitalized.,qwen_small,p0a_sent,4251.08
S011,14,3,Cleveland Cavaliers,405.0,406.0,NAME,Cleveland Cavaliers,The team name should include the space between 'Cleveland' and 'Cavaliers'.,qwen_small,p0a_sent,4251.08
S012,1,1,Friday,19.0,19.0,NAME,Saturday,"The game was played on Saturday, not Friday.",qwen_small,p0a_sent,4251.08
S012,2,1,21 - 25,25.0,27.0,NUMBER,21-25,The Nuggets' record should be consistent with the home team's record.,qwen_small,p0a_sent,4251.08
S012,2,2,21 - 25,25.0,27.0,NUMBER,21-25,The Suns' record should be consistent with the visiting team's record.,qwen_small,p0a_sent,4251.08
S012,3,1,Six,57.0,57.0,NUMBER,Four,Only four players scored in double digits according to the box score.,qwen_small,p0a_sent,4251.08
S012,3,2,Danilo Gallinari,67.0,68.0,NAME,Eric Bledsoe,"Eric Bledsoe led the way with 41 points, not Danilo Gallinari.",qwen_small,p0a_sent,4251.08
S012,4,1,Gary Harris,84.0,85.0,NAME,,Gary Harris is not mentioned in the box-score data.,qwen_small,p0a_sent,4251.08
S012,4,2,Wilson Chandler,102.0,103.0,NAME,,Wilson Chandler is not mentioned in the box-score data.,qwen_small,p0a_sent,4251.08
S012,5,1,Jameer Nelson,115.0,116.0,NAME,Eric Bledsoe,Jameer Nelson did not score 17 points in this game.,qwen_small,p0a_sent,4251.08
S012,6,1,Jameer Nelson,115.0,116.0,NAME,Jameer Nelson,Corrected the full name of the player.,qwen_small,p0a_sent,4251.08
S012,6,2,chipped in,104.0,105.0,WORD,scored,The term 'chipped in' is not commonly used in basketball to describe scoring. 'Scored' is more appropriate.,qwen_small,p0a_sent,4251.08
S012,6,3,six,106.0,106.0,NUMBER,three,"Wilson Chandler scored three points, not six.",qwen_small,p0a_sent,4251.08
S012,7,1,(15 -32),,,NUMBER,(21-25),Incorrect win-loss record for the Nuggets. The correct record is 21-25.,qwen_small,p0a_sent,4251.08
S012,7,2,23,173.0,173.0,NUMBER,32,Incorrect points scored by Danilo Gallinari. He scored 32 points.,qwen_small,p0a_sent,4251.08
S012,8,1,"Tyson Chandler finished with 15 points , 12 rebounds and two steals , while Tyson Chandler finished with 15 points , 12 rebounds and two steals .",188.0,214.0,WORD,,Duplicate mention of Tyson Chandler's stats.,qwen_small,p0a_sent,4251.08
S012,9,1,Tyson Chandler,188.0,189.0,NAME,Devin Booker,Tyson Chandler is not the player who finished with 15 points and 12 rebounds. Devin Booker did.,qwen_small,p0a_sent,4251.08
S013,1,1,Wednesday,22.0,22.0,NAME,Saturday,"The game was played on Saturday, not Wednesday.",qwen_small,p0a_sent,4251.08
S013,2,1,31 -,45.0,46.0,NUMBER,60,"The correct score difference is 60, not 31.",qwen_small,p0a_sent,4251.08
S013,2,2,31 -,45.0,46.0,NUMBER,60,"The correct score difference is 60, not 31.",qwen_small,p0a_sent,4251.08
S013,3,1,Kyrie Irving,58.0,59.0,NAME,LeBron James,Kyrie Irving is incorrectly named as the leader of the Cavaliers. The correct leader was LeBron James.,qwen_small,p0a_sent,4251.08
S013,3,2,13 points,64.0,65.0,NUMBER,29 points,"Kyrie Irving scored 29 points, not 13.",qwen_small,p0a_sent,4251.08
S013,4,1,LeBron James,92.0,93.0,NAME,LeBron James,The full name should be included.,qwen_small,p0a_sent,4251.08
S013,4,2,11 - 18,98.0,100.0,NUMBER,11-18,The correct FG percentage should be represented as 11-18.,qwen_small,p0a_sent,4251.08
S013,4,3,4 - 7,103.0,105.0,NUMBER,4-7,The correct 3Pt percentage should be represented as 4-7.,qwen_small,p0a_sent,4251.08
S013,4,4,3 - 4,108.0,110.0,NUMBER,3-4,The correct FT percentage should be represented as 3-4.,qwen_small,p0a_sent,4251.08
S013,5,1,Kevin Love,129.0,130.0,NAME,,Kevin Love is the correct player name.,qwen_small,p0a_sent,4251.08
S013,5,2,10 points,133.0,134.0,NUMBER,10,The number of points is correct.,qwen_small,p0a_sent,4251.08
S013,5,3,2 - 5 FG,136.0,139.0,NUMBER,2/5,The FG percentage should be represented as a fraction.,qwen_small,p0a_sent,4251.08
S013,5,4,1 - 2 3Pt,141.0,144.0,NUMBER,1/2,The 3Pt percentage should be represented as a fraction.,qwen_small,p0a_sent,4251.08
S013,5,5,5 - 8 FT,146.0,149.0,NUMBER,5/8,The FT percentage should be represented as a fraction.,qwen_small,p0a_sent,4251.08
S013,6,1,Nikola Vucevic,165.0,166.0,NAME,,"Nikola Vucevic is the correct name, but the sentence does not contain any mistakes.",qwen_small,p0a_sent,4251.08
S013,7,1,Aaron Gordon,199.0,200.0,NAME,,Aaron Gordon is the correct player name.,qwen_small,p0a_sent,4251.08
S013,7,2,5 - 10 FG,,,NUMBER,5-10 FG,The format should be consistent with the box score data.,qwen_small,p0a_sent,4251.08
S013,7,3,1 - 2 3Pt,,,NUMBER,1-2 3Pt,The format should be consistent with the box score data.,qwen_small,p0a_sent,4251.08
S013,7,4,2 - 2 FT,,,NUMBER,2-2 FT,The format should be consistent with the box score data.,qwen_small,p0a_sent,4251.08
S013,8,1,Nikola Vucevic,165.0,166.0,NAME,Aaron Gordon,Nikola Vucevic's performance details are incorrect.,qwen_small,p0a_sent,4251.08
S013,8,2,4 points,,,NUMBER,11 points,Incorrect points scored by Nikola Vucevic.,qwen_small,p0a_sent,4251.08
S013,8,3,"2 - 5 FG , 0 - 4 3Pt , 5 - 7 FT",174.0,187.0,NUMBER,"5-10 FG, 1-2 3Pt, 7-10 FT",Incorrect shooting statistics for Nikola Vucevic.,qwen_small,p0a_sent,4251.08
S013,8,4,11 points,203.0,204.0,NUMBER,4 points,Incorrect points scored by Aaron Gordon.,qwen_small,p0a_sent,4251.08
S013,9,1,Magic,12.0,12.0,NAME,Orlando Magic,"The visiting team is the Orlando Magic, not just 'Magic'.",qwen_small,p0a_sent,4251.08
S013,9,2,Monday,307.0,307.0,DAY_OF_WEEK,Tuesday,"The game was played on Saturday, not Monday.",qwen_small,p0a_sent,4251.08
S014,1,1,Friday,24.0,24.0,NAME,Saturday,"The game was played on Saturday night, not Friday.",qwen_small,p0a_sent,4251.08
S014,2,1,34 -,50.0,51.0,NUMBER,34-21,"The first quarter score should be 34-21, not just 34.",qwen_small,p0a_sent,4251.08
S014,3,1,49 percent,72.0,73.0,NUMBER,49%,The percentage should be formatted as a decimal.,qwen_small,p0a_sent,4251.08
S014,3,2,40 percent,78.0,79.0,NUMBER,40%,The percentage should be formatted as a decimal.,qwen_small,p0a_sent,4251.08
S014,3,3,44 percent,91.0,92.0,NUMBER,44%,The percentage should be formatted as a decimal.,qwen_small,p0a_sent,4251.08
S014,3,4,30 percent,98.0,99.0,NUMBER,30%,The percentage should be formatted as a decimal.,qwen_small,p0a_sent,4251.08
S014,4,1,CJ McCollum,112.0,113.0,NAME,Damian Lillard and CJ McCollum,"CJ McCollum is not mentioned as leading the team, but Damian Lillard is.",qwen_small,p0a_sent,4251.08
S014,4,2,Damian Lillard,115.0,116.0,NAME,CJ McCollum and Damian Lillard,"CJ McCollum is not mentioned as leading the team, but Damian Lillard is.",qwen_small,p0a_sent,4251.08
S014,5,1,9 for 19,,,NUMBER,19 for 9,Lillard's field goal attempts are incorrect. He made 9 out of 19 shots.,qwen_small,p0a_sent,4251.08
S014,5,2,5 for 11,,,NUMBER,11 for 5,Lillard's three-point attempts are incorrect. He made 5 out of 11 three-point shots.,qwen_small,p0a_sent,4251.08
S014,6,1,He 's,156.0,157.0,WORD,They,"The sentence refers to multiple players, not a single player.",qwen_small,p0a_sent,4251.08
S014,6,2,37,160.0,160.0,NUMBER,35,"The combined points over the last two games is 35, not 37.",qwen_small,p0a_sent,4251.08
S014,7,1,12 -,185.0,186.0,NUMBER,12-20,The correct shooting percentage format is 12-20.,qwen_small,p0a_sent,4251.08
S014,7,2,4 -,194.0,195.0,NUMBER,4-7,The correct three-point shooting percentage format is 4-7.,qwen_small,p0a_sent,4251.08
S014,8,1,his second strong showing in a row,212.0,218.0,WORD,,"The sentence implies that this is the second consecutive strong performance, but the provided text does not mention any previous game. This could be a context mistake.",qwen_small,p0a_sent,4251.08
S014,9,1,Kobe Bryant,247.0,248.0,NAME,Kobe Bryant,Kobe Bryant's full name should be included.,qwen_small,p0a_sent,4251.08
S014,9,2,21 points,256.0,257.0,NUMBER,21 points,The number of points should be followed by 'points'.,qwen_small,p0a_sent,4251.08
S014,9,3,7 - 20,259.0,261.0,NUMBER,7-20 from the field,The shooting statistics should be formatted as 'X-Y'.,qwen_small,p0a_sent,4251.08
S014,9,4,1 - 5,264.0,266.0,NUMBER,1-5 3Pt,The shooting statistics should be formatted as 'X-Y'.,qwen_small,p0a_sent,4251.08
S014,9,5,6 - 7,269.0,271.0,NUMBER,6-7 FT,The shooting statistics should be formatted as 'X-Y'.,qwen_small,p0a_sent,4251.08
S014,10,1,his best,288.0,289.0,WORD,their best,The sentence should refer to the team's performance rather than an individual player's.,qwen_small,p0a_sent,4251.08
S014,10,2,new season - high,301.0,304.0,NOT_CHECKABLE,,The term 'season-high' is not directly verifiable from the provided box score data.,qwen_small,p0a_sent,4251.08
S014,11,1,Jordan Clarkson,322.0,323.0,NAME,Clarkson,The last name 'Jordan' is incorrect. The player's last name is 'Clarkson'.,qwen_small,p0a_sent,4251.08
S014,11,2,8 - 15,331.0,333.0,NUMBER,8-13,The field goal percentage is incorrect. The correct field goal percentage is 8-13.,qwen_small,p0a_sent,4251.08
S014,11,3,2 - 5,336.0,338.0,NUMBER,2-5,The three-point attempt is incorrect. The correct three-point attempt is 2-5.,qwen_small,p0a_sent,4251.08
S014,11,4,1 - 2,341.0,343.0,NUMBER,1-2,The free throw percentage is incorrect. The correct free throw percentage is 1-2.,qwen_small,p0a_sent,4251.08
S014,12,1,first,57.0,57.0,WORD,first,The sentence should be 'It was the first time he has surpassed the 20-point mark this season.',qwen_small,p0a_sent,4251.08
S014,13,1,The Lakers also saw some strong contributions off their bench,381.0,390.0,WORD,The Trail Blazers also saw some strong contributions off their bench,The sentence incorrectly refers to the Lakers instead of the Trail Blazers.,qwen_small,p0a_sent,4251.08
S014,14,1,Jordan Clarkson,322.0,323.0,NAME,Damian Lillard,"Jordan Clarkson is mentioned twice, but the correct player leading the team in scoring is Damian Lillard.",qwen_small,p0a_sent,4251.08
S014,14,2,19 points,328.0,329.0,NUMBER,29 points,"Jordan Clarkson actually scored 19 points, not 29.",qwen_small,p0a_sent,4251.08
S014,14,3,"8 - 15 FG , 2 - 5 3Pt , 1 - 2 FT",331.0,344.0,NUMBER,"8-13 FG, 2-5 3Pt, 4-7 FT","The correct shooting stats for Jordan Clarkson are 8-13 FG, 2-5 3Pt, 4-7 FT.",qwen_small,p0a_sent,4251.08
S014,14,4,Clarkson,323.0,323.0,NAME,Lillard,"The correct player leading the team in scoring is Damian Lillard, not Jordan Clarkson.",qwen_small,p0a_sent,4251.08
S014,15,1,Portland Trail Blazers,2.0,4.0,NAME,Trail Blazers,"The correct team name is 'Trail Blazers', not 'Portland Trail Blazers'.",qwen_small,p0a_sent,4251.08
S014,15,2,Los Angeles Lakers,12.0,14.0,NAME,Lakers,"The correct team name is 'Lakers', not 'Los Angeles Lakers'.",qwen_small,p0a_sent,4251.08
S014,15,3,Friday,24.0,24.0,NAME,Friday,"The sentence correctly mentions 'Friday', but it is not a mistake.",qwen_small,p0a_sent,4251.08
S014,15,4,Sacramento,482.0,482.0,NAME,Sacramento,"The sentence correctly mentions 'Sacramento', but it is not a mistake.",qwen_small,p0a_sent,4251.08
S015,1,1,Wednesday,22.0,22.0,NAME,Friday,"The game was played on Friday, not Wednesday.",qwen_small,p0a_sent,4251.08
S015,2,1,64 -,47.0,48.0,NUMBER,58,"The Raptors outscored the Heat by 58-39 in the second half, not 64-52.",qwen_small,p0a_sent,4251.08
S015,3,1,50 38,,,NUMBER,"58, 39",The second half score should be 58-39 according to the box score.,qwen_small,p0a_sent,4251.08
S015,3,2,easy,80.0,80.0,WORD,close,The game was not an easy victory based on the box score.,qwen_small,p0a_sent,4251.08
S015,4,1,8 -18,,,NUMBER,10,Kyle Lowry's field goal percentage should be 10.,qwen_small,p0a_sent,4251.08
S015,4,2,1 -4,,,NUMBER,3,Kyle Lowry's three-point attempt should be 3.,qwen_small,p0a_sent,4251.08
S015,6,1,13,147.0,147.0,NUMBER,20,Incorrect points scored by DeMarre Carroll. He scored 20 points.,qwen_small,p0a_sent,4251.08
S015,6,2,20,196.0,196.0,NUMBER,13,Incorrect points scored by DeMar DeRozan. He scored 30 points.,qwen_small,p0a_sent,4251.08
S015,6,3,20,196.0,196.0,NUMBER,17,Incorrect points scored by Terrence Ross. He scored 17 points.,qwen_small,p0a_sent,4251.08
S015,6,4,20,196.0,196.0,NUMBER,20,Incorrect points scored by Gerald Green. He scored 20 points.,qwen_small,p0a_sent,4251.08
S015,7,1,off their bench,231.0,233.0,WORD,off the bench,The phrase 'off their bench' is incorrect. The correct phrase should be 'off the bench'.,qwen_small,p0a_sent,4251.08
S015,8,1,7 -15,,,NUMBER,5-15,Incorrect shooting percentage for Gerald Green.,qwen_small,p0a_sent,4251.08
S015,8,2,5 -10,,,NUMBER,5-10,Incorrect 3-point shooting percentage for Gerald Green.,qwen_small,p0a_sent,4251.08
S015,8,3,1 -1,,,NUMBER,1-1,Incorrect free throw shooting percentage for Gerald Green.,qwen_small,p0a_sent,4251.08
S015,9,1,Cleveland,287.0,287.0,NAME,Toronto,"The game was played in Miami, not Cleveland.",qwen_small,p0a_sent,4251.08
S015,9,2,Sunday,294.0,294.0,DAY_OF_WEEK,Friday,"The game was played on Friday night, not Sunday.",qwen_small,p0a_sent,4251.08
S015,10,1,Miami,11.0,11.0,NAME,Toronto,"The game was played in Miami, but the home team is Toronto.",qwen_small,p0a_sent,4251.08
S015,11,1,Hassan Whiteside,305.0,306.0,NAME,Goran Dragic,Hassan Whiteside is not mentioned in the box score data. Goran Dragic is the player who scored 18 points.,qwen_small,p0a_sent,4251.08
S015,11,2,20 points,196.0,197.0,NUMBER,18 points,Hassan Whiteside did not score 20 points. Goran Dragic scored 18 points.,qwen_small,p0a_sent,4251.08
S015,11,3,"7 - 15 FG , 5 - 10 3Pt , 1 - 1 FT",,,NUMBER,"8 - 13 FG, 2 - 3 FT","The shooting statistics for Hassan Whiteside are incorrect. Goran Dragic's shooting statistics are 8-13 FG, 2-3 FT.",qwen_small,p0a_sent,4251.08
S015,12,1,He 's,340.0,341.0,NAME,,"The sentence refers to a player, but the specific player is not mentioned and cannot be verified against the provided data.",qwen_small,p0a_sent,4251.08
S015,12,2,37,345.0,345.0,NUMBER,,The number of points combined in the last two games cannot be verified against the provided data.,qwen_small,p0a_sent,4251.08
S015,13,1,Sunday,294.0,294.0,NAME,Tuesday,"The game was played on Friday night, not Sunday.",qwen_small,p0a_sent,4251.08
S015,13,2,Sunday,294.0,294.0,NAME,Tuesday,"The game was played on Friday night, not Sunday.",qwen_small,p0a_sent,4251.08
S016,1,1,Friday,25.0,25.0,NAME,Thursday,"The game was played on Thursday, not Friday.",qwen_small,p0a_sent,4251.08
S016,2,1,tight,35.0,35.0,WORD,close,"The game was not tight throughout the first half, it was close.",qwen_small,p0a_sent,4251.08
S016,2,2,third,49.0,49.0,NUMBER,fourth,"The quarter mentioned is the fourth, not the third.",qwen_small,p0a_sent,4251.08
S016,3,1,out - scoring the Jazz 8,,,NUMBER,out-scoring the Jazz 8,"The correct score difference in the third quarter was 8, not 29-8.",qwen_small,p0a_sent,4251.08
S016,3,2,59 - 42,99.0,101.0,NUMBER,59-42,"The correct score difference in the second and third quarters was 59-42, not 59-42.",qwen_small,p0a_sent,4251.08
S016,3,3,24 - 2,109.0,111.0,NUMBER,24-2,"The correct score difference in the 24-2 run was 24-2, not 24-2.",qwen_small,p0a_sent,4251.08
S016,4,1,Russell Westbrook,119.0,120.0,NAME,,Russell Westbrook is not the leader of Oklahoma City in this sentence. The leader is Trey Burke.,qwen_small,p0a_sent,4251.08
S016,4,2,15 points,128.0,129.0,NUMBER,,"The correct number of points scored by Russell Westbrook is 20, not 15.",qwen_small,p0a_sent,4251.08
S016,4,3,6 - 15 FG 1 - 3 3Pt 2 - 3 FT,,,NUMBER,,"The correct shooting stats for Russell Westbrook are 6-15 FG, 1-3 3Pt, 2-3 FT.",qwen_small,p0a_sent,4251.08
S016,5,1,Kevin Durant followed up with 20 points (,162.0,169.0,NUMBER,"20 points (7-11 FG, 2-4 3Pt, 4-5 FT)",Incorrect number of points scored by Kevin Durant.,qwen_small,p0a_sent,4251.08
S016,5,2,20 points,167.0,168.0,NUMBER,"20 points (7-11 FG, 2-4 3Pt, 4-5 FT)",Incorrect number of points scored by Kevin Durant.,qwen_small,p0a_sent,4251.08
S016,5,3,8 FG,272.0,273.0,NUMBER,7-11 FG,Incorrect field goal percentage representation.,qwen_small,p0a_sent,4251.08
S016,5,4,2 3Pt,,,NUMBER,2-4 3Pt,Incorrect three-point field goal attempts and makes.,qwen_small,p0a_sent,4251.08
S016,5,5,4 FT,,,NUMBER,4-5 FT,Incorrect free throw attempts and makes.,qwen_small,p0a_sent,4251.08
S016,5,6,"2 rebounds , 9 assists , 2 steals , one block",,,WORD,"8 rebounds, 9 assists, 2 steals, and 1 block","Incorrect count of rebounds, assists, steals, and blocks.",qwen_small,p0a_sent,4251.08
S016,5,7,12 minutes,,,NUMBER,30 minutes,Incorrect playing time for Trey Burke.,qwen_small,p0a_sent,4251.08
S016,5,8,17 points,207.0,208.0,NUMBER,17 points,Incorrect number of points scored by Dion Waiters.,qwen_small,p0a_sent,4251.08
S016,5,9,8 FG,272.0,273.0,NUMBER,8-16 FG,Incorrect field goal percentage representation.,qwen_small,p0a_sent,4251.08
S016,5,10,2 3Pt,,,NUMBER,1-4 3Pt,Incorrect three-point field goal attempts and makes.,qwen_small,p0a_sent,4251.08
S016,6,1,Gordon Hayward,234.0,235.0,NAME,Trey Burke,"Gordon Hayward had 17 points, but the text incorrectly states he had 6 points.",qwen_small,p0a_sent,4251.08
S016,6,2,6 points,,,NUMBER,17,"Gordon Hayward actually scored 17 points, not 6.",qwen_small,p0a_sent,4251.08
S016,6,3,"2 - 6 FG , 0 - 3 3Pt , 2 - 2 FT",240.0,253.0,NUMBER,"2 - 8 FG, 0 - 4 3Pt, 4 - 4 FT","Gordon Hayward's shooting stats are incorrect. He made 2 of 8 FG, 0 of 4 3Pt, and 4 of 4 FT.",qwen_small,p0a_sent,4251.08
S016,6,4,Derrick Favors,263.0,264.0,NAME,Trey Burke,"Derrick Favors chipped in 7 points, but the text incorrectly states he had 7 points.",qwen_small,p0a_sent,4251.08
S016,6,5,7 points,,,NUMBER,17,"Derrick Favors actually scored 17 points, not 7.",qwen_small,p0a_sent,4251.08
S016,7,1,six,237.0,237.0,NUMBER,five,"The correct number of players from the Jazz who scored in double figures is five, not six.",qwen_small,p0a_sent,4251.08
S016,8,1,Hayward finished with six points,308.0,312.0,NUMBER,Hayward finished with two points,"Hayward actually scored two points, not six.",qwen_small,p0a_sent,4251.08
S016,9,1,Derrick Favors,263.0,264.0,NAME,,Derrick Favors is not mentioned in the box score data.,qwen_small,p0a_sent,4251.08
S016,9,2,seven points,267.0,268.0,NUMBER,,Seven points is not accurate according to the box score data.,qwen_small,p0a_sent,4251.08
S016,9,3,3 - 8 FG 1 - 1 FT,,,NUMBER,,The shooting percentages and free throws are not accurate according to the box score data.,qwen_small,p0a_sent,4251.08
S016,10,1,six,237.0,237.0,NUMBER,five,"The correct number of players from the Jazz who reached double figures in points is five, not six.",qwen_small,p0a_sent,4251.08
S016,11,1,Gordon Hayward,234.0,235.0,NAME,Trey Burke,"Gordon Hayward had 17 points, but the text incorrectly states Gordon Hayward had 6 points.",qwen_small,p0a_sent,4251.08
S016,11,2,6,131.0,131.0,NUMBER,17,"Gordon Hayward had 17 points, not 6 points.",qwen_small,p0a_sent,4251.08
S016,11,3,5,182.0,182.0,NUMBER,12,"Gordon Hayward played for 12 minutes, not 5 minutes.",qwen_small,p0a_sent,4251.08
S016,12,1,The Jazz,61.0,62.0,NAME,Utah Jazz,The Jazz should be specified as the Utah Jazz.,qwen_small,p0a_sent,4251.08
S016,12,2,113 - 91,20.0,22.0,NUMBER,113-91,The score should be 113-91.,qwen_small,p0a_sent,4251.08
S016,13,1,Grizzlies,446.0,446.0,NAME,Thunder,"The visiting team was the Oklahoma City Thunder, not the Grizzlies.",qwen_small,p0a_sent,4251.08
S016,14,1,Tuesday,464.0,464.0,NAME,Wednesday,"The game was on Thursday, not Tuesday.",qwen_small,p0a_sent,4251.08
S017,1,1,Saturday,18.0,18.0,NAME,Tuesday,"The game was played on Tuesday, not Saturday.",qwen_small,p0a_sent,4251.08
S017,2,1,Monday,31.0,31.0,NAME,Tuesday,"The game was played on Tuesday, not Monday.",qwen_small,p0a_sent,4251.08
S017,3,1,The Cavaliers (33 - 34) checked in to Tuesday 's contest,,,NAME,The Cavaliers (44-22) checked in to Tuesday's contest,"The Cavaliers had 44 wins and 22 losses, not 33-34.",qwen_small,p0a_sent,4251.08
S017,5,1,Andre Drummond,164.0,165.0,NAME,Reggie Drummond,Reggie Drummond is the correct player name.,qwen_small,p0a_sent,4251.08
S017,6,1,Reggie Jackson followed with a modest six points,187.0,194.0,NUMBER,Reggie Jackson followed with six points,The number 'six' is incorrect. Reggie Jackson actually followed with six points according to the box score.,qwen_small,p0a_sent,4251.08
S017,7,1,Kentavious Caldwell-Pope,205.0,206.0,NAME,Kentavious Caldwell-Pope,The full name of the player is missing.,qwen_small,p0a_sent,4251.08
S017,7,2,11 points,211.0,212.0,NUMBER,11 points,"The number of points is correct, but the format is missing the 'points' descriptor.",qwen_small,p0a_sent,4251.08
S017,8,1,Marcus Morris matched Morris,223.0,226.0,NAME,Marcus Morris,The second 'Morris' should be 'Marcus Morris'.,qwen_small,p0a_sent,4251.08
S017,9,1,Ish Smith,241.0,242.0,NAME,,Ish Smith is not mentioned as being productive in the original sentence.,qwen_small,p0a_sent,4251.08
S017,10,1,Richard Jefferson and Richard Jefferson,264.0,268.0,NAME,LeBron James and Kyrie Irving,"There are two Richard Jefferey listed, but the story refers to LeBron James and Kyrie Irving.",qwen_small,p0a_sent,4251.08
S017,11,1,Deron Williams,306.0,307.0,NAME,LeBron James,"Deron Williams is not the player who scored 13 points, 3 assists, 2 rebounds and a steal.",qwen_small,p0a_sent,4251.08
S017,12,1,Kyle Korver,323.0,324.0,NAME,Tobias Harris,Kyle Korver's points do not match the box score.,qwen_small,p0a_sent,4251.08
S017,13,1,Richard Jefferson,264.0,265.0,NAME,LeBron James,Richard Jefferson is not the player who led the bench with 16 points. The correct player is LeBron James.,qwen_small,p0a_sent,4251.08
S017,14,1,Atlanta Hawks,365.0,366.0,NAME,Philadelphia 76ers,"The Pistons are scheduled to play against the Philadelphia 76ers, not the Atlanta Hawks.",qwen_small,p0a_sent,4251.08
S017,14,2,Friday night,368.0,369.0,NAME,Friday evening,"The game is on Friday evening, not Friday night.",qwen_small,p0a_sent,4251.08
S017,14,3,Philadelphia 76ers,379.0,380.0,NAME,Philadelphia 76ers,The team name should be written as 'Philadelphia 76ers'.,qwen_small,p0a_sent,4251.08
S018,1,1,Wednesday,24.0,24.0,NAME,Thursday,"The game was actually played on Thursday, not Wednesday.",qwen_small,p0a_sent,4251.08
S018,2,1,42 percent from the field and 29 percent from deep,,,NUMBER,,"The shooting percentages from the field and three-point line are not consistent with the box score data. Warriors' shooting percentages are 45% from the field and 44% from three-point line, while Clippers' are 42% from the field and 29% from three-point line.",qwen_small,p0a_sent,4251.08
S018,4,1,12 -23 FG 4 - 10 3Pt 5 - 6 FT,,,NUMBER,,"The box score shows Curry's stats as 12 of 23 from the field, 4 of 10 from three-point range, and 5 of 6 from the free-throw line.",qwen_small,p0a_sent,4251.08
S018,5,1,two,128.0,128.0,NUMBER,three,"Curry had three consecutive sub-20 point performances, not two.",qwen_small,p0a_sent,4251.08
S018,6,1,Draymond Green,146.0,147.0,NAME,,"Draymond Green is the correct name, but the sentence incorrectly states that he nearly had a triple-double.",qwen_small,p0a_sent,4251.08
S018,6,2,12 points,161.0,162.0,NUMBER,"12 (4-8 FG, 0-2 3Pt, 4-6 FT)",The points and shooting stats do not match the actual performance.,qwen_small,p0a_sent,4251.08
S018,6,3,12 rebounds,180.0,181.0,NUMBER,"12 (4-8 FG, 0-2 3Pt, 4-6 FT)",The points and shooting stats do not match the actual performance.,qwen_small,p0a_sent,4251.08
S018,7,1,two game,,,NUMBER,three-game,The sentence states 'two-game stretch' but the context suggests a 'three-game stretch'.,qwen_small,p0a_sent,4251.08
S018,8,1,11 points,208.0,209.0,NUMBER,32 points,"Harrison Barnes scored 32 points, not 11.",qwen_small,p0a_sent,4251.08
S018,8,2,3 - 11 FG,,,NUMBER,3 - 11 FG,"The tokenization is correct, but the accuracy of the shooting stats is not checked here.",qwen_small,p0a_sent,4251.08
S018,8,3,2 - 4 3Pt,,,NUMBER,2 - 4 3Pt,"The tokenization is correct, but the accuracy of the shooting stats is not checked here.",qwen_small,p0a_sent,4251.08
S018,8,4,3 - 4 FT,,,NUMBER,3 - 4 FT,"The tokenization is correct, but the accuracy of the shooting stats is not checked here.",qwen_small,p0a_sent,4251.08
S018,9,1,Josh Smith,245.0,246.0,NAME,DeAndre Jordan,Josh Smith did not play in this game according to the box score.,qwen_small,p0a_sent,4251.08
S018,9,2,Jamal Crawford,248.0,249.0,NAME,Jamal Crawford,Josh Smith did not play in this game according to the box score.,qwen_small,p0a_sent,4251.08
S018,10,1,Jordan,253.0,253.0,NAME,DeAndre Jordan,The name 'Jordan' is incorrect. The correct name is 'DeAndre Jordan'.,qwen_small,p0a_sent,4251.08
S018,10,2,7 - 10,,,NUMBER,10,"The field goal percentage should be reported as a single number, not a range. The correct value is 10.",qwen_small,p0a_sent,4251.08
S018,10,3,2 - 4,,,NUMBER,4,"The three-point field goal percentage should be reported as a single number, not a range. The correct value is 4.",qwen_small,p0a_sent,4251.08
S018,11,1,second double - - in a row,,,WORD,two double-doubles in a row,"The sentence implies a second double-double, but it should specify 'two double-doubles' for clarity.",qwen_small,p0a_sent,4251.08
S018,11,2,stretch where he 's averaging,324.0,328.0,NOT_CHECKABLE,,The phrase 'stretch where he's averaging' is not directly verifiable from the box score data.,qwen_small,p0a_sent,4251.08
S018,12,1,Jamal Crawford,248.0,249.0,NAME,Jamal Crawford,The name 'Crawford' was not correctly identified in the text.,qwen_small,p0a_sent,4251.08
S018,12,2,12 points,161.0,162.0,NUMBER,12 points,The number of points scored by Jamal Crawford was incorrectly stated as just '12'.,qwen_small,p0a_sent,4251.08
S018,12,3,six assists,309.0,310.0,NUMBER,six assists,The number of assists made by Jamal Crawford was incorrectly stated as just 'six'.,qwen_small,p0a_sent,4251.08
S018,13,1,Friday,398.0,398.0,NAME,Thursday,"The game was played on Wednesday, not Friday.",qwen_small,p0a_sent,4251.08
S018,13,2,Friday,398.0,398.0,NAME,Thursday,"The game was played on Wednesday, not Friday.",qwen_small,p0a_sent,4251.08
S019,1,1,Saturday evening,18.0,19.0,NOT_CHECKABLE,,"The original sentence states 'Saturday evening', but the box score does not specify the day of the week. The box score only mentions 'Saturday night'.",qwen_small,p0a_sent,4251.08
S019,2,1,The Heat,21.0,22.0,NAME,Miami Heat,The Heat should be specified as Miami Heat.,qwen_small,p0a_sent,4251.08
S019,2,2,defeated,4.0,4.0,WORD,beat,"Defeated is a stronger term than necessary, beat is more appropriate.",qwen_small,p0a_sent,4251.08
S019,2,3,113 - 95,9.0,11.0,NUMBER,113-95,No spaces are needed between the scores.,qwen_small,p0a_sent,4251.08
S019,2,4,Saturday,18.0,18.0,NAME,Saturday night,Specify the time of day for clarity.,qwen_small,p0a_sent,4251.08
S019,3,1,30 -,65.0,66.0,NUMBER,30-29,"The visiting team's record should be 30-29, not 30-.",qwen_small,p0a_sent,4251.08
S019,3,2,27 -,208.0,209.0,NUMBER,27-32,"The home team's record should be 27-32, not 27-.",qwen_small,p0a_sent,4251.08
S019,4,1,23 assists to 16 turnovers,89.0,93.0,NUMBER,23 assists to 16 assists,"The visiting team had 15 turnovers, not 16 assists.",qwen_small,p0a_sent,4251.08
S019,5,1,(30 -29),,,NUMBER,(30-29),The visiting team's score should be in parentheses before the home team's score.,qwen_small,p0a_sent,4251.08
S019,6,1,Paul George,128.0,129.0,NAME,,Paul George is not mentioned as the leader in the original sentence.,qwen_small,p0a_sent,4251.08
S019,7,1,Jeff Teague,148.0,149.0,NAME,,Jeff Teague was not second on the team according to the box score.,qwen_small,p0a_sent,4251.08
S019,8,1,Thaddeus Young,167.0,168.0,NAME,James Johnson,Thaddeus Young was not a starter in this game. James Johnson was.,qwen_small,p0a_sent,4251.08
S019,9,1,Atlanta Hawks,200.0,201.0,NAME,Houston Rockets,"The visiting team is the Indiana Pacers, and their next game is against the Houston Rockets, not the Atlanta Hawks.",qwen_small,p0a_sent,4251.08
S019,10,1,(27 -32),,,NUMBER,(27-32),The parentheses around the win-loss record should be removed.,qwen_small,p0a_sent,4251.08
S019,11,1,Goran Dragic,228.0,229.0,NAME,,Goran Dragic is the correct player name.,qwen_small,p0a_sent,4251.08
S019,11,2,21,240.0,240.0,NUMBER,21,The number of points is correct.,qwen_small,p0a_sent,4251.08
S019,11,3,2,,,NUMBER,2,The number of assists is correct.,qwen_small,p0a_sent,4251.08
S019,11,4,12,253.0,253.0,NUMBER,4,"The number of rebounds is incorrect, should be 4.",qwen_small,p0a_sent,4251.08
S019,12,1,22 points and 17 rebounds,265.0,269.0,NUMBER,22 points and 17 rebounds,The tokens '22' and '17' are not consistent with the box score data.,qwen_small,p0a_sent,4251.08
S019,13,1,Dion Waiters,271.0,272.0,NAME,Luke Babbitt,"Luke Babbitt scored 9 points, not Dion Waiters.",qwen_small,p0a_sent,4251.08
S019,13,2,22 points,265.0,266.0,NUMBER,9 points,"Luke Babbitt scored 9 points, not 22 points.",qwen_small,p0a_sent,4251.08
S019,14,1,Thursday,299.0,299.0,NOT_CHECKABLE,,The day of the week is not specified in the box-score data.,qwen_small,p0a_sent,4251.08
S019,14,2,Toronto Raptors,306.0,307.0,NAME,"Heat, Pacers",The opposing team is incorrect. The story mentions the Heat playing against the Pacers.,qwen_small,p0a_sent,4251.08
S020,1,1,The Phoenix Suns defeated the host Phoenix Suns,1.0,8.0,NAME,The Phoenix Suns defeated the host New Orleans Pelicans,"The home team is the New Orleans Pelicans, not the visiting Phoenix Suns.",qwen_small,p0a_sent,4251.08
S020,2,1,Pelicans Pelicans,,,NAME,"Pelicans, New Orleans","The home team is New Orleans Pelicans, not just Pelicans.",qwen_small,p0a_sent,4251.08
S020,2,2,Friday,19.0,19.0,DAY_OF_WEEK,,"The day of the week is not specified in the original text, but the game was played on February 6, 2017.",qwen_small,p0a_sent,4251.08
S020,3,1,outscoring the Suns by a 34 - 18 margin,73.0,81.0,NUMBER,outscoring the Suns by a 34-18 margin,The margin of victory should not include a hyphen.,qwen_small,p0a_sent,4251.08
S020,4,1,outscoring the Pelicans,98.0,100.0,WORD,outscored the Suns,The Pelicans were the home team and the Suns were the visiting team. The sentence incorrectly states that the Pelicans outscored themselves.,qwen_small,p0a_sent,4251.08
S020,5,1,Eric Bledsoe,118.0,119.0,NAME,Tyreke Evans,Eric Bledsoe did not lead the Pelicans in scoring; Tyreke Evans did.,qwen_small,p0a_sent,4251.08
S020,6,1,right behind him,142.0,144.0,WORD,right behind,The phrase 'right behind' is more appropriate and commonly used in basketball narratives.,qwen_small,p0a_sent,4251.08
S020,6,2,"14 points , five assists , two rebounds and a steal",146.0,156.0,NUMBER,"14 points, five assists, and a steal",The number of rebounds should be singular ('one') when paired with 'blocks' and 'steals'.,qwen_small,p0a_sent,4251.08
S020,7,1,Marquese Chriss,158.0,159.0,NAME,TJ Warren,Marquese Chriss is not the player mentioned in the context. TJ Warren was the Suns' leading scorer according to the box score.,qwen_small,p0a_sent,4251.08
S020,8,1,PJ Tucker,177.0,178.0,NAME,Tyreke Evans,PJ Tucker is not a player on the Pelicans team. Tyreke Evans is the correct player.,qwen_small,p0a_sent,4251.08
S020,8,2,12 points,162.0,163.0,NUMBER,2,PJ Tucker did not score 12 points. He scored 2 points.,qwen_small,p0a_sent,4251.08
S020,8,3,5 rebounds,,,NUMBER,13,PJ Tucker did not get 5 rebounds. He got 13 rebounds.,qwen_small,p0a_sent,4251.08
S020,8,4,1 assist,,,NUMBER,2,PJ Tucker did not get 1 assist. He got 2 assists.,qwen_small,p0a_sent,4251.08
S020,8,5,1 steal,,,NUMBER,0,PJ Tucker did not get 1 steal. He got 0 steals.,qwen_small,p0a_sent,4251.08
S020,9,1,Eric Bledsoe,118.0,119.0,NAME,Devin Booker,Eric Bledsoe did not score 14 points in this game. Devin Booker scored 14 points.,qwen_small,p0a_sent,4251.08
S020,10,1,Marquese Chriss,158.0,159.0,NAME,TJ Warren,"Marquese Chriss is not the player who scored 12 points. According to the box score, TJ Warren scored 20 points.",qwen_small,p0a_sent,4251.08
S020,11,1,Marquese Chriss,158.0,159.0,NAME,TJ Warren,Marquese Chriss is not mentioned in the box score data. TJ Warren was the Suns' leading scorer.,qwen_small,p0a_sent,4251.08
S020,12,1,Brandon Knight,264.0,265.0,NAME,Tyreke Evans,Brandon Knight did not score for the Suns in this game. Tyreke Evans is the correct player.,qwen_small,p0a_sent,4251.08
S020,13,1,Eric Bledsoe,118.0,119.0,NAME,,Eric Bledsoe is not mentioned in the summary.,qwen_small,p0a_sent,4251.08
S020,13,2,14,121.0,121.0,NUMBER,,The summary does not mention any specific scoring details for Eric Bledsoe.,qwen_small,p0a_sent,4251.08
S020,13,3,seven assists,291.0,292.0,WORD,,Seven assists is not mentioned in the summary for Eric Bledsoe.,qwen_small,p0a_sent,4251.08
S020,13,4,seven rebounds,128.0,129.0,WORD,,Seven rebounds is not mentioned in the summary for Eric Bledsoe.,qwen_small,p0a_sent,4251.08
S020,13,5,pair of blocks,135.0,137.0,WORD,,Pair of blocks is not mentioned in the summary for Eric Bledsoe.,qwen_small,p0a_sent,4251.08
S020,14,1,Terrence Jones,302.0,303.0,NAME,Anthony Davis,Terrence Jones is not mentioned in the box score data. Anthony Davis was the player of the game.,qwen_small,p0a_sent,4251.08
S020,14,2,"12 points , nine rebounds , six assists , two steals and a block",313.0,326.0,NUMBER,"34 points, nine rebounds, five blocks","The provided stats do not match the box score data. Anthony Davis had 34 points, nine rebounds, and five blocks.",qwen_small,p0a_sent,4251.08
S020,15,1,Buddy Hield,328.0,329.0,NAME,Anthony Davis,Buddy Hield is not mentioned in the box score data. Anthony Davis is the correct player.,qwen_small,p0a_sent,4251.08
S020,15,2,11 points,335.0,336.0,NUMBER,34 points,"The correct number of points for Buddy Hield is 34, not 11.",qwen_small,p0a_sent,4251.08
S020,15,3,five rebounds,186.0,187.0,NUMBER,nine rebounds,"The correct number of rebounds for Buddy Hield is 9, not 5.",qwen_small,p0a_sent,4251.08
S020,15,4,four assists,341.0,342.0,NUMBER,seven assists,"The correct number of assists for Buddy Hield is 7, not 4.",qwen_small,p0a_sent,4251.08
S020,15,5,a steal,155.0,156.0,WORD,three blocks,"Buddy Hield did not record a steal, he recorded three blocks.",qwen_small,p0a_sent,4251.08
S020,16,1,The Suns remain in last place in the Western Conference ' s Southwest Division,,,NAME,Pelicans remain in last place in the Western Conference's Southwest Division,"The sentence incorrectly refers to the Suns remaining in last place, while the home team is the Pelicans.",qwen_small,p0a_sent,4251.08
S020,17,1,Minnesota,364.0,364.0,NAME,Phoenix,"The visiting team was the Phoenix Suns, not the Minnesota Timberwolves.",qwen_small,p0a_sent,4251.08
S020,17,2,Monday,371.0,371.0,DAY_OF_WEEK,Wednesday,"The game was played on Wednesday, not Monday.",qwen_small,p0a_sent,4251.08
S020,18,1,34 points,381.0,382.0,NUMBER,34 points,"The correct number of points for Anthony Davis is 34, not 34 points.",qwen_small,p0a_sent,4251.08
S020,18,2,an assist,189.0,190.0,WORD,five assists,"Anthony Davis did not record an assist, but Devin Booker and Eric Bledsoe each handed out five assists apiece.",qwen_small,p0a_sent,4251.08
S020,19,1,20,397.0,397.0,NUMBER,30,"The correct number of points scored by Jrue Holiday is 30, not 20.",qwen_small,p0a_sent,4251.08
S020,19,2,seven,128.0,128.0,NUMBER,nine,"The correct number of assists by Jrue Holiday is 9, not 7.",qwen_small,p0a_sent,4251.08
S020,19,3,four,341.0,341.0,NUMBER,nine,"The correct number of rebounds by Jrue Holiday is 9, not 4.",qwen_small,p0a_sent,4251.08
S020,19,4,three,165.0,165.0,NUMBER,four,"The correct number of steals by Jrue Holiday is 4, not 3.",qwen_small,p0a_sent,4251.08
S020,20,1,Buddy Hield,328.0,329.0,NAME,,Buddy Hield is not mentioned in the box score data.,qwen_small,p0a_sent,4251.08
S020,20,2,11 points,335.0,336.0,NUMBER,,No player scored exactly 11 points according to the box score data.,qwen_small,p0a_sent,4251.08
S020,20,3,four assists,341.0,342.0,WORD,,No player had exactly four assists according to the box score data.,qwen_small,p0a_sent,4251.08
S020,20,4,a rebound,419.0,420.0,WORD,,No player had exactly one rebound according to the box score data.,qwen_small,p0a_sent,4251.08
S020,20,5,a steal,155.0,156.0,WORD,,No player had exactly one steal according to the box score data.,qwen_small,p0a_sent,4251.08
S020,21,1,Buddy Hield,328.0,329.0,NAME,Anthony Davis,Buddy Hield is not mentioned in the box score data. Anthony Davis is the correct player.,qwen_small,p0a_sent,4251.08
S020,21,2,11 points,335.0,336.0,NUMBER,34 points,Buddy Hield did not score 11 points. Anthony Davis scored 34 points according to the box score.,qwen_small,p0a_sent,4251.08
S020,21,3,four assists,341.0,342.0,WORD,nine rebounds,Buddy Hield did not have four assists. Anthony Davis had nine rebounds according to the box score.,qwen_small,p0a_sent,4251.08
S020,22,1,The Pelicans remain in last place in the Western Conference ' s Southwest Division,,,NAME,The Pelicans remain in last place in the Western Conference's Southwest Division,The division name should include an apostrophe to correctly represent possession.,qwen_small,p0a_sent,4251.08
S020,23,1,Golden State Warriors,463.0,465.0,NAME,Phoenix Suns,"The visiting team was the Phoenix Suns, not the Golden State Warriors.",qwen_small,p0a_sent,4251.08
S020,23,2,Monday,371.0,371.0,DAY_OF_WEEK,Wednesday,"The game was played on Wednesday, not Monday.",qwen_small,p0a_sent,4251.08
S021,1,1,Saturday,18.0,18.0,DAY_OF_WEEK,Friday,"The game was played on Friday, not Saturday.",qwen_small,p0a_sent,4251.08
S021,2,1,10 -6,,,NUMBER,10-6,The correct record for the Rockets is 10-6.,qwen_small,p0a_sent,4251.08
S021,2,2,38 -point,,,NUMBER,68-point,"The Rockets scored 68 points in the first quarter, not 38.",qwen_small,p0a_sent,4251.08
S021,2,3,Saturday,18.0,18.0,NAME,Friday,"The game was played on Friday, not Saturday.",qwen_small,p0a_sent,4251.08
S021,2,4,38 -point,,,NUMBER,68-point,"The Rockets scored 68 points in the first quarter, not 38.",qwen_small,p0a_sent,4251.08
S021,3,1,the Rockets battled back to make it a one - point game at the end of the third quarter,,,WORD,the Kings battled back to make it a one-point game at the end of the third quarter,The Rockets were the home team and should not be described as battling back.,qwen_small,p0a_sent,4251.08
S021,4,1,outscoring the Kings,143.0,145.0,WORD,outscored,The correct phrase should be 'outscored the Kings' based on the box score data.,qwen_small,p0a_sent,4251.08
S021,5,1,James Harden,163.0,164.0,NAME,James Harden,The full name should include both first and last name.,qwen_small,p0a_sent,4251.08
S021,5,2,6 of - 18,,,NUMBER,6 of 18,The correct shooting percentage format should be '6 of 18'.,qwen_small,p0a_sent,4251.08
S021,5,3,23 points,171.0,172.0,NUMBER,23 points,The correct scoring format should be '23 points'.,qwen_small,p0a_sent,4251.08
S021,5,4,10 assists,,,NUMBER,10 assists,The correct statistic format should be '10 assists'.,qwen_small,p0a_sent,4251.08
S021,5,5,10 rebounds,232.0,233.0,NUMBER,10 rebounds,The correct statistic format should be '10 rebounds'.,qwen_small,p0a_sent,4251.08
S021,5,6,18,229.0,229.0,NUMBER,18 minutes,The correct playing time format should be '18 minutes'.,qwen_small,p0a_sent,4251.08
S021,5,7,18,229.0,229.0,NUMBER,18 points,The correct scoring format should be '18 points'.,qwen_small,p0a_sent,4251.08
S021,5,8,9,,,NUMBER,9 rebounds,The correct statistic format should be '9 rebounds'.,qwen_small,p0a_sent,4251.08
S021,5,9,32 points,,,NUMBER,32 points,The correct scoring format should be '32 points'.,qwen_small,p0a_sent,4251.08
S021,5,10,12 of - 22,,,NUMBER,12 of 22,The correct shooting percentage format should be '12 of 22'.,qwen_small,p0a_sent,4251.08
S021,5,11,5 of - 9,,,NUMBER,5 of 9,The correct shooting percentage format should be '5 of 9'.,qwen_small,p0a_sent,4251.08
S021,5,12,4 of - 12,,,NUMBER,4 of 12,The correct shooting percentage format should be '4 of 12'.,qwen_small,p0a_sent,4251.08
S021,6,1,Eric Gordon,183.0,184.0,NAME,DeMarcus Cousins,"Eric Gordon is not the player with 14 points, two rebounds, an assist and a steal. The correct player is DeMarcus Cousins.",qwen_small,p0a_sent,4251.08
S021,7,1,Clint Capela,200.0,201.0,NAME,,"Clint Capela's stats are correct, but the sentence only mentions his name without his performance details.",qwen_small,p0a_sent,4251.08
S021,7,2,17 points,204.0,205.0,NUMBER,,"The sentence states Clint Capela scored 17 points, but according to the box score, he scored 17 points in the first half and 10 in total.",qwen_small,p0a_sent,4251.08
S021,8,1,18,229.0,229.0,NUMBER,18,The correct number of points the Rockets were leading by at halftime is 18.,qwen_small,p0a_sent,4251.08
S021,8,2,104,11.0,11.0,NUMBER,104,The correct score for the Kings is 104.,qwen_small,p0a_sent,4251.08
S021,8,3,117,9.0,9.0,NUMBER,117,The correct score for the Rockets is 117.,qwen_small,p0a_sent,4251.08
S021,8,4,Friday,,,NAME,Friday,"The game was played on Friday, as per the box score data.",qwen_small,p0a_sent,4251.08
S021,8,5,Golden 1 Center,,,NAME,Golden 1 Center,The correct venue for the game is Golden 1 Center.,qwen_small,p0a_sent,4251.08
S021,8,6,10 - 6,,,NUMBER,10-6,The correct record for the Rockets is 10-6.,qwen_small,p0a_sent,4251.08
S021,8,7,6 - 10,,,NUMBER,6-10,The correct record for the Kings is 6-10.,qwen_small,p0a_sent,4251.08
S021,8,8,40,,,NUMBER,40,The correct playing time for James Harden is 40 minutes.,qwen_small,p0a_sent,4251.08
S021,8,9,23,171.0,171.0,NUMBER,23,The correct points scored by James Harden is 23.,qwen_small,p0a_sent,4251.08
S021,8,10,18,229.0,229.0,NUMBER,18,The correct points scored by Trevor Ariza is 18.,qwen_small,p0a_sent,4251.08
S021,8,11,10,23.0,23.0,NUMBER,10,The correct rebounds for Trevor Ariza is 10.,qwen_small,p0a_sent,4251.08
S021,8,12,17,204.0,204.0,NUMBER,17,The correct points scored by Clint Capela is 17.,qwen_small,p0a_sent,4251.08
S021,8,13,10,23.0,23.0,NUMBER,10,The correct rebounds for Clint Capela is 10.,qwen_small,p0a_sent,4251.08
S021,8,14,32,,,NUMBER,32,The correct points scored by DeMarcus Cousins is 32.,qwen_small,p0a_sent,4251.08
S021,8,15,12 - of - 22,,,NUMBER,12-of-22,The correct shooting percentage for DeMarcus Cousins is 12-of-22.,qwen_small,p0a_sent,4251.08
S021,8,16,5 - of - 9,,,NUMBER,5-of-9,The correct three-point shooting percentage for DeMarcus Cousins is 5-of-9.,qwen_small,p0a_sent,4251.08
S021,8,17,4 - of - 12,,,NUMBER,4-of-12,The correct shooting percentage for Rudy Gay is 4-of-12.,qwen_small,p0a_sent,4251.08
S021,9,1,18,229.0,229.0,NUMBER,13,"The Kings scored 13 points in the first half, not 18.",qwen_small,p0a_sent,4251.08
S021,9,2,104,11.0,11.0,NUMBER,103,"The Kings' score was 103, not 104.",qwen_small,p0a_sent,4251.08
S021,9,3,10,23.0,23.0,NUMBER,6,"The Rockets' record is 10-6, not 10-10.",qwen_small,p0a_sent,4251.08
S021,9,4,6,25.0,25.0,NUMBER,10,"The Kings' record is 6-10, not 6-6.",qwen_small,p0a_sent,4251.08
S021,9,5,40,,,NUMBER,39,"James Harden played for 39 minutes, not 40.",qwen_small,p0a_sent,4251.08
S021,9,6,10,23.0,23.0,NUMBER,18,"Trevor Ariza scored 18 points, not 10.",qwen_small,p0a_sent,4251.08
S021,9,7,17,204.0,204.0,NUMBER,18,"Clint Capela scored 18 points, not 17.",qwen_small,p0a_sent,4251.08
S021,9,8,10,23.0,23.0,NUMBER,12,"Clint Capela had 12 rebounds, not 10.",qwen_small,p0a_sent,4251.08
S021,9,9,4,,,NUMBER,5,"DeMarcus Cousins made 5 three-pointers, not 4.",qwen_small,p0a_sent,4251.08
S021,9,10,10,23.0,23.0,NUMBER,12,"DeMarcus Cousins attempted 12 shots, not 10.",qwen_small,p0a_sent,4251.08
S021,9,11,10,23.0,23.0,NUMBER,12,"DeMarcus Cousins made 12 points, not 10.",qwen_small,p0a_sent,4251.08
S021,9,12,2,,,NUMBER,3,"The Kings finished 2-3, not 2-2.",qwen_small,p0a_sent,4251.08
S021,10,1,Sam Dekker,266.0,267.0,NAME,Patrick Beverley,Sam Dekker did not play in this game according to the box score.,qwen_small,p0a_sent,4251.08
S021,11,1,James Harden,163.0,164.0,NAME,James Harden,The full name should include both first and last name.,qwen_small,p0a_sent,4251.08
S021,11,2,23,171.0,171.0,NUMBER,23,The number of points is correct.,qwen_small,p0a_sent,4251.08
S021,11,3,points,172.0,172.0,WORD,points,The word 'points' is correct.,qwen_small,p0a_sent,4251.08
S021,11,4,10,23.0,23.0,NUMBER,10,The number of assists is correct.,qwen_small,p0a_sent,4251.08
S021,11,5,10,23.0,23.0,NUMBER,10,The number of rebounds is correct.,qwen_small,p0a_sent,4251.08
S021,12,1,Rudy Gay,312.0,313.0,NAME,Clint Capela,Clint Capela is the correct player mentioned in the context.,qwen_small,p0a_sent,4251.08
S021,12,2,10,23.0,23.0,NUMBER,17,"Clint Capela scored 17 points, not 10.",qwen_small,p0a_sent,4251.08
S021,13,1,Darren Collison,329.0,330.0,NAME,,Darren Collison's name is correct in the box-score data.,qwen_small,p0a_sent,4251.08
S021,13,2,18 - point,335.0,337.0,NUMBER,18 points,The number of points should be followed by 'points' rather than a hyphen.,qwen_small,p0a_sent,4251.08
S021,13,3,10 - rebound,339.0,341.0,NUMBER,10 rebounds,The number of rebounds should be followed by 'rebounds' rather than a hyphen.,qwen_small,p0a_sent,4251.08
S021,13,4,double - double,225.0,227.0,WORD,double-double,The phrase 'double-double' should be used without hyphens.,qwen_small,p0a_sent,4251.08
S021,14,1,Darren Collison,329.0,330.0,NAME,Ty Lawson,"Ty Lawson scored 18 points, 4 assists, 3 rebounds and 2 steals in this game.",qwen_small,p0a_sent,4251.08
S021,15,1,Rudy Gay,312.0,313.0,NAME,,"Rudy Gay's stats are correct, but the sentence incorrectly states his name.",qwen_small,p0a_sent,4251.08
S021,15,2,"10 - point , 12 - rebound",380.0,386.0,NUMBER,,"The sentence incorrectly states the double-double as 10-point, 12-rebound without mentioning assists, steals, and blocks.",qwen_small,p0a_sent,4251.08
S021,16,1,Darren Collison,329.0,330.0,NAME,Ty Lawson,"Ty Lawson led the bench, not Darren Collison.",qwen_small,p0a_sent,4251.08
S021,17,1,San Antonio Spurs,,,NAME,Golden State Warriors,"The Kings were facing the Golden State Warriors, not the San Antonio Spurs.",qwen_small,p0a_sent,4251.08
S021,17,2,Saturday night,,,TIME,Saturday evening,"The game was on Saturday evening, not Saturday night.",qwen_small,p0a_sent,4251.08
S022,1,1,Minnesota,7.0,7.0,NAME,New Orleans,"The visiting team was the New Orleans Pelicans, not the Minnesota Timberwolves.",qwen_small,p0a_sent,4251.08
S022,2,1,Minnesota Timberwolves,7.0,8.0,NAME,"Timberwolves, New Orleans Pelicans","The home team is the Timberwolves, not the host.",qwen_small,p0a_sent,4251.08
S022,2,2,122 - 106,10.0,12.0,NUMBER,122-106,The score should be 122-106.,qwen_small,p0a_sent,4251.08
S022,2,3,Friday evening,,,NAME,Friday evening,"The day of the week is correct, but the format is inconsistent with the rest of the text.",qwen_small,p0a_sent,4251.08
S022,2,4,40 - 28,,,NUMBER,40-28,The score should be 40-28.,qwen_small,p0a_sent,4251.08
S022,2,5,94 - 66,,,NUMBER,94-66,The score should be 94-66.,qwen_small,p0a_sent,4251.08
S022,2,6,21 - 33,253.0,255.0,NUMBER,21-33,The record should be 21-33.,qwen_small,p0a_sent,4251.08
S022,2,7,60 % percent,,,NUMBER,60%,The shooting percentage should be 60%.,qwen_small,p0a_sent,4251.08
S022,2,8,48 % percent,,,NUMBER,48%,The shooting percentage should be 48%.,qwen_small,p0a_sent,4251.08
S022,2,9,27 assists,,,NUMBER,27 assists,The number of assists should be 27.,qwen_small,p0a_sent,4251.08
S022,2,10,42 points on 16 - of - 22 shooting,,,NUMBER,42 points on 16-of-22 shooting,The shooting percentage should be 16-of-22.,qwen_small,p0a_sent,4251.08
S022,2,11,12 rebounds,,,NUMBER,12 rebounds,The number of rebounds should be 12.,qwen_small,p0a_sent,4251.08
S022,2,12,25 points on 12 assists six rebounds and five steals,,,NUMBER,"25 points, 12 assists, six rebounds, and five steals",The stats should be separated by commas.,qwen_small,p0a_sent,4251.08
S022,2,13,7 - of - 10 shooting,172.0,177.0,NUMBER,7-of-10 shooting,The shooting percentage should be 7-of-10.,qwen_small,p0a_sent,4251.08
S022,2,14,13 rebounds,292.0,293.0,NUMBER,13 rebounds,The number of rebounds should be 13.,qwen_small,p0a_sent,4251.08
S022,2,15,6 - of - 27 from long range,,,NUMBER,6-of-27 from long range,The shooting percentage should be 6-of-27.,qwen_small,p0a_sent,4251.08
S022,2,16,36 points,,,NUMBER,36 points,The number of points should be 36.,qwen_small,p0a_sent,4251.08
S022,2,17,29 points,,,NUMBER,29 points,The number of points should be 29.,qwen_small,p0a_sent,4251.08
S022,2,18,15 points 12 rebounds and nabbed four steals,,,NUMBER,"15 points, 12 rebounds, and four steals",The stats should be separated by commas.,qwen_small,p0a_sent,4251.08
S022,2,19,nine points,,,NUMBER,nine points,The number of points should be nine.,qwen_small,p0a_sent,4251.08
S022,3,1,8 ties and 10 lead changes,41.0,46.0,NUMBER,,The box score data does not show any ties or lead changes in the game.,qwen_small,p0a_sent,4251.08
S022,4,1,46,73.0,73.0,NUMBER,46.0,"The Timberwolves shot 46 percent from the field, which is a decimal value.",qwen_small,p0a_sent,4251.08
S022,4,2,22,79.0,79.0,NUMBER,22.0,"The Timberwolves shot 22 percent from three-point range, which is a decimal value.",qwen_small,p0a_sent,4251.08
S022,5,1,43 -,102.0,103.0,NUMBER,43-34,"The Pelicans won the rebounding battle by 9, not 43 points.",qwen_small,p0a_sent,4251.08
S022,5,2,34,104.0,104.0,NUMBER,34,"The Timberwolves had 34 rebounds, not 34 points.",qwen_small,p0a_sent,4251.08
S022,6,1,Anthony Davis,106.0,107.0,NAME,,"Anthony Davis played for the New Orleans Pelicans, not the Minnesota Timberwolves.",qwen_small,p0a_sent,4251.08
S022,6,2,42 points,114.0,115.0,NUMBER,36 points,"Karl-Anthony Towns led the Timberwolves in scoring with 36 points, not Anthony Davis.",qwen_small,p0a_sent,4251.08
S022,7,1,Jrue Holiday,138.0,139.0,NAME,,Jrue Holiday is not second on the team in terms of points scored. Anthony Davis led the way with 42 points.,qwen_small,p0a_sent,4251.08
S022,8,1,Buddy Hield,158.0,159.0,NAME,,Buddy Hield is not second on the team in points scored. Anthony Davis led the way with 42 points.,qwen_small,p0a_sent,4251.08
S022,9,1,Gorgui Dieng,179.0,180.0,NAME,Ricky Rubio,Gorgui Dieng did not score in this game according to the box score.,qwen_small,p0a_sent,4251.08
S022,10,1,Buddy Hield,158.0,159.0,NAME,Anthony Davis,Buddy Hield is not the leading scorer for the Timberwolves. Anthony Davis scored 42 points.,qwen_small,p0a_sent,4251.08
S022,11,1,Gorgui Dieng,179.0,180.0,NAME,,"Gorgui Dieng did not score 8 points, 8 rebounds and 3 steals according to the box score.",qwen_small,p0a_sent,4251.08
S022,12,1,Friday,18.0,18.0,NAME,Sunday,"The game was played on Sunday, not Friday.",qwen_small,p0a_sent,4251.08
S022,13,1,21 -33,,,NUMBER,21-33,The team record should be written without spaces.,qwen_small,p0a_sent,4251.08
S022,13,2,Verizon Center,275.0,276.0,NAME,Target Center,"The home arena for the Timberwolves is Target Center, not Verizon Center.",qwen_small,p0a_sent,4251.08
S022,14,1,Minnesota,7.0,7.0,NAME,New Orleans,"The home team is the New Orleans Pelicans, not the Minnesota Timberwolves.",qwen_small,p0a_sent,4251.08
S022,15,1,Jrue Holiday,138.0,139.0,NAME,,Jrue Holiday's name is correct in the box-score data.,qwen_small,p0a_sent,4251.08
S022,15,2,25,149.0,149.0,NUMBER,25,The number of points is correct in the box-score data.,qwen_small,p0a_sent,4251.08
S022,15,3,12,155.0,155.0,NUMBER,12,The number of assists is correct in the box-score data.,qwen_small,p0a_sent,4251.08
S022,15,4,5,,,NUMBER,5,The number of steals is correct in the box-score data.,qwen_small,p0a_sent,4251.08
S023,1,1,Wednesday,19.0,19.0,NAME,Sunday,"The game was played on Sunday, not Wednesday.",qwen_small,p0a_sent,4251.08
S023,2,1,Dallas,2.0,2.0,NAME,Mavericks,The Dallas Mavericks should be mentioned as the home team.,qwen_small,p0a_sent,4251.08
S023,2,2,Los,6.0,6.0,NAME,Los Angeles,Los Angeles should be mentioned as the visiting team.,qwen_small,p0a_sent,4251.08
S023,2,3,Sunday,,,NAME,Sunday (American Airlines Center),The location and day should be specified.,qwen_small,p0a_sent,4251.08
S023,3,1,led for the entirety of the second half,43.0,50.0,WORD,led for the majority of the second half,"The Mavericks did not lead for the entire second half, but rather for the majority of it.",qwen_small,p0a_sent,4251.08
S023,4,1,38 -11,,,NUMBER,38-11,The score difference in the second quarter should be 38-11.,qwen_small,p0a_sent,4251.08
S023,4,2,32 rebounds,,,NUMBER,32 rebounds,The number of rebounds for the Lakers should be followed by 'rebounds'.,qwen_small,p0a_sent,4251.08
S023,4,3,27 assists,,,NUMBER,27 assists,The number of assists for the Mavericks should be followed by 'assists'.,qwen_small,p0a_sent,4251.08
S023,4,4,49 % from the field,,,NUMBER,49% from the field,The shooting percentage should be followed by 'from the field'.,qwen_small,p0a_sent,4251.08
S023,4,5,38 %,,,NUMBER,38%,The shooting percentage should be followed by '%'.,qwen_small,p0a_sent,4251.08
S023,4,6,16 - 32,,,NUMBER,16-32,The win-loss record for the Lakers should be 16-32.,qwen_small,p0a_sent,4251.08
S023,4,7,37 points,,,NUMBER,37 points,The combined points for the Lakers starters should be 37 points.,qwen_small,p0a_sent,4251.08
S023,4,8,4 - of - 4,,,NUMBER,4-of-4,The shooting percentage should be formatted as 4-of-4.,qwen_small,p0a_sent,4251.08
S023,4,9,2 - of - 12,,,NUMBER,2-of-12,The shooting percentage should be formatted as 2-of-12.,qwen_small,p0a_sent,4251.08
S023,4,10,13 points a piece,,,NUMBER,13 points each,The scoring for Dirk Nowitzki and Wesley Matthews should be '13 points each'.,qwen_small,p0a_sent,4251.08
S023,4,11,15 - 29,252.0,254.0,NUMBER,15-29,The win-loss record for the Mavericks should be 15-29.,qwen_small,p0a_sent,4251.08
S023,5,1,Justin Anderson,88.0,89.0,NAME,,Justin Anderson is the correct player name.,qwen_small,p0a_sent,4251.08
S023,5,2,dropped,100.0,100.0,WORD,scored,The verb 'dropped' is not accurate for describing points scored.,qwen_small,p0a_sent,4251.08
S023,6,1,Justin Anderson,88.0,89.0,NAME,,Justin Anderson is not the leading scorer. Lou Williams led the team in scoring with 15 points.,qwen_small,p0a_sent,4251.08
S023,6,2,19,101.0,101.0,NUMBER,15,"Justin Anderson scored 19 points, but Lou Williams led the team in scoring with 15 points.",qwen_small,p0a_sent,4251.08
S023,7,1,Deron Williams,131.0,132.0,NAME,,Deron Williams is not the only starter in double figures. The correct name is Justin Anderson.,qwen_small,p0a_sent,4251.08
S023,8,1,Justin Anderson,88.0,89.0,NAME,,"Justin Anderson is the correct name, but the sentence incorrectly states that he led the bench in scoring.",qwen_small,p0a_sent,4251.08
S023,8,2,19 points,101.0,102.0,NUMBER,,"The box score shows Justin Anderson scored 19 points, but the sentence incorrectly states he led the bench in scoring.",qwen_small,p0a_sent,4251.08
S023,9,1,Julius Randle,173.0,174.0,NAME,,"Julius Randle did not record a double-double. He scored 9 points, 6 rebounds, and 4 assists.",qwen_small,p0a_sent,4251.08
S023,10,1,Justin Anderson,88.0,89.0,NAME,Lou Williams,"Lou Williams led the team in scoring, dropping 15 points off the bench.",qwen_small,p0a_sent,4251.08
S023,11,1,Julius Randle,173.0,174.0,NAME,,Julius Randle was not the only player in double figures. The sentence incorrectly states that he was the only one.,qwen_small,p0a_sent,4251.08
S023,12,1,Wednesday,19.0,19.0,NAME,Sunday,"The game was played on Sunday, not Wednesday.",qwen_small,p0a_sent,4251.08
S023,13,1,five -straight,,,NUMBER,six-straight,"The Mavericks have won six straight games, not five.",qwen_small,p0a_sent,4251.08
S023,13,2,15 - 29,252.0,254.0,NUMBER,16-32,"The correct record for the Mavericks is 16-32, not 15-29.",qwen_small,p0a_sent,4251.08
S023,14,1,Justin Anderson,88.0,89.0,NAME,,Justin Anderson is not the player of the game according to the box score.,qwen_small,p0a_sent,4251.08
S023,14,2,19 points and five rebounds,205.0,209.0,NUMBER,,Justin Anderson's stats (19 points and 5 rebounds) do not match the box score.,qwen_small,p0a_sent,4251.08
S023,15,1,Justin Anderson,88.0,89.0,NAME,,Justin Anderson is not second on the team in scoring. Lou Williams led the team in scoring with 15 points.,qwen_small,p0a_sent,4251.08
S023,15,2,19 points,101.0,102.0,NUMBER,15 points,"Justin Anderson scored 19 points, but the sentence states he is second on the team, which is incorrect. Lou Williams led the team in scoring with 15 points.",qwen_small,p0a_sent,4251.08
S024,1,1,Saturday,18.0,18.0,NAME,Friday,"The game was played on Friday, not Saturday.",qwen_small,p0a_sent,4251.08
S024,2,1,Wednesday,29.0,29.0,NAME,Friday,"The game was played on Friday, not Wednesday.",qwen_small,p0a_sent,4251.08
S024,2,2,114 - 100,,,NUMBER,114-100,The score should be written without spaces.,qwen_small,p0a_sent,4251.08
S024,3,1,27 points,85.0,86.0,NUMBER,22 points,"Buddy Hield scored 22 points, not 27.",qwen_small,p0a_sent,4251.08
S024,3,2,12 assists,88.0,89.0,NUMBER,37 assists,"The Warriors had 37 assists, not 12.",qwen_small,p0a_sent,4251.08
S024,4,1,23,100.0,100.0,NUMBER,22,"Draymond Green scored 22 points, not 23.",qwen_small,p0a_sent,4251.08
S024,4,2,22,145.0,145.0,NUMBER,23,"Draymond Green had 23 points, not 22.",qwen_small,p0a_sent,4251.08
S024,5,1,27 points,85.0,86.0,NUMBER,22 points,"Skal Labissiere scored 22 points, not 27.",qwen_small,p0a_sent,4251.08
S024,5,2,10 rebounds,197.0,198.0,NUMBER,10 rebounds,"Skal Labissiere had 10 rebounds, not 8.",qwen_small,p0a_sent,4251.08
S024,5,3,8 assists,,,NUMBER,8 assists,"Skal Labissiere had 8 assists, not 7.",qwen_small,p0a_sent,4251.08
S024,6,1,Buddy Hield,142.0,143.0,NAME,Buddy Hield,Buddy Hield is not a player of the Golden State Warriors but a player of the Sacramento Kings.,qwen_small,p0a_sent,4251.08
S024,7,1,23 -point,,,NUMBER,23,"The correct number of points for Draymond Green's performance is 23, not 23-point.",qwen_small,p0a_sent,4251.08
S024,8,1,Skal Labissiere,115.0,116.0,NAME,"Labissiere, Skal",The order of names is reversed.,qwen_small,p0a_sent,4251.08
S024,9,1,Ben McLemore,206.0,207.0,NAME,Bench,"Ben McLemore is not leading the second unit, but rather is a player on the team.",qwen_small,p0a_sent,4251.08
S024,9,2,11 points,213.0,214.0,NUMBER,22 points,"Ben McLemore scored 22 points, not 11.",qwen_small,p0a_sent,4251.08
S024,9,3,1 rebound,,,NUMBER,10 rebounds,"Ben McLemore had 10 rebounds, not 1.",qwen_small,p0a_sent,4251.08
S024,9,4,2 assists,,,NUMBER,7 assists,"Ben McLemore had 7 assists, not 2.",qwen_small,p0a_sent,4251.08
S024,9,5,1 steal,,,NUMBER,6 steals,"Steph Curry had 6 steals, not Ben McLemore.",qwen_small,p0a_sent,4251.08
S024,10,1,Stephen Curry,76.0,77.0,NAME,Curry,Incorrect name for the player who led the scoring.,qwen_small,p0a_sent,4251.08
S024,10,2,27 - point,232.0,234.0,NUMBER,27 points,Incorrect format for points scored.,qwen_small,p0a_sent,4251.08
S024,10,3,12 - assist,236.0,238.0,NUMBER,12 assists,Incorrect format for assists.,qwen_small,p0a_sent,4251.08
S024,11,1,Buddy Hield,142.0,143.0,NAME,,"Buddy Hield is a bench player, not a starter.",qwen_small,p0a_sent,4251.08
S024,12,1,23 points,100.0,101.0,NUMBER,27,"Draymond Green scored 27 points, not 23.",qwen_small,p0a_sent,4251.08
S024,12,2,eight assists,106.0,107.0,WORD,37,"The Warriors had 37 assists, not 8 assists from Draymond Green alone.",qwen_small,p0a_sent,4251.08
S024,13,1,Willie Cauley-Stein,294.0,295.0,NAME,Buddy Hield,Willie Cauley-Stein is not the player who scored 22 points. Buddy Hield is.,qwen_small,p0a_sent,4251.08
S025,1,1,"The San Antonio Spurs defeated the Boston Celtics , 109 - 103 , at TD Garden on Friday .",1.0,19.0,NUMBER,109-103,"The score should be 109-103, not 109 - 103.",qwen_small,p0a_sent,4251.08
S025,2,1,Thursday,30.0,30.0,NAME,Wednesday,"The game was played on Wednesday, not Thursday.",qwen_small,p0a_sent,4251.08
S025,2,2,9 - 7,,,NUMBER,13 - 3,"The correct record for the Celtics is 13-3, not 9-7.",qwen_small,p0a_sent,4251.08
S025,3,1,25 points,82.0,83.0,NUMBER,32 points,"Kawhi Leonard scored 32 points, not 25.",qwen_small,p0a_sent,4251.08
S025,3,2,10 rebounds,108.0,109.0,NUMBER,17 rebounds,"Kawhi Leonard had 17 rebounds, not 10.",qwen_small,p0a_sent,4251.08
S025,3,3,"25 point , 10 rebound",,,NUMBER,"32 points, 17 rebounds","Kawhi Leonard's stats are 32 points and 17 rebounds, not 25 points and 10 rebounds.",qwen_small,p0a_sent,4251.08
S025,4,1,Patty Mills,130.0,131.0,NAME,Patty Mills,"The name 'Mills' is correct, but the order of names is incorrect. The correct order should be 'Patty Mills'.",qwen_small,p0a_sent,4251.08
S025,4,2,19 points,133.0,134.0,NUMBER,19 points,"The number of points attributed to Patty Mills is correct, but the format is incorrect. It should be '19 points'.",qwen_small,p0a_sent,4251.08
S025,5,1,Avery Bradley,139.0,140.0,NAME,LaMarcus Aldridge,Avery Bradley did not lead the team in points. LaMarcus Aldridge led the team with 25 points.,qwen_small,p0a_sent,4251.08
S025,5,2,19,133.0,133.0,NUMBER,25,"Avery Bradley scored 25 points, not 19.",qwen_small,p0a_sent,4251.08
S025,5,3,David Lee,153.0,154.0,NAME,Pau Gasol,David Lee did not score 15 points. Pau Gasol scored 15 points.,qwen_small,p0a_sent,4251.08
S025,5,4,15,149.0,149.0,NUMBER,19,"David Lee scored 19 points, not 15.",qwen_small,p0a_sent,4251.08
S025,5,5,David Lee,153.0,154.0,NAME,Pau Gasol,David Lee did not score 15 points. Pau Gasol scored 15 points.,qwen_small,p0a_sent,4251.08
S025,5,6,15,149.0,149.0,NUMBER,19,"David Lee scored 19 points, not 15.",qwen_small,p0a_sent,4251.08
S025,5,7,David Lee,153.0,154.0,NAME,Pau Gasol,David Lee did not score 15 points. Pau Gasol scored 15 points.,qwen_small,p0a_sent,4251.08
S025,5,8,15,149.0,149.0,NUMBER,19,"David Lee scored 19 points, not 15.",qwen_small,p0a_sent,4251.08
S025,6,1,Isaiah Thomas,163.0,164.0,NAME,Isaiah Thomas,The name 'Isaiah' is missing a space before 'Thomas'.,qwen_small,p0a_sent,4251.08
S025,6,2,24 points,172.0,173.0,NUMBER,24 points,The number '24' is missing a space before 'points'.,qwen_small,p0a_sent,4251.08
S025,7,1,David Lee,153.0,154.0,NAME,LaMarcus Aldridge,David Lee is not a player on the Celtics team according to the box score.,qwen_small,p0a_sent,4251.08
S025,7,2,15 points,157.0,158.0,NUMBER,"19, 15 and 15 points","David Lee scored 19 points, Davis Bertans scored 15 points, and Patty Mills scored 15 points.",qwen_small,p0a_sent,4251.08
S025,8,1,10 points,232.0,233.0,NUMBER,32,"LaMarcus Aldridge scored 32 points, not 10.",qwen_small,p0a_sent,4251.08
S025,8,2,four rebounds,235.0,236.0,NUMBER,4,"LaMarcus Aldridge had 4 rebounds, not four.",qwen_small,p0a_sent,4251.08
S025,8,3,four assists,111.0,112.0,NUMBER,32,"LaMarcus Aldridge had 32 assists, not four.",qwen_small,p0a_sent,4251.08
S025,9,1,46 percent from long range,254.0,258.0,NUMBER,47,"The Spurs' shooting percentage from long range was 47%, not 46%.",qwen_small,p0a_sent,4251.08
S025,9,2,46 percent from the field,264.0,268.0,NUMBER,47,"The Celtics' shooting percentage from the field was 47%, not 46%.",qwen_small,p0a_sent,4251.08
S026,1,1,David West,11.0,12.0,NAME,Solomon Hill,"David West is not a player in the game, Solomon Hill is.",qwen_small,p0a_sent,4251.08
S026,2,1,"The Suns got off to a quick start in this one ,",31.0,42.0,WORD,,"The sentence suggests the Suns started well, but the box score shows they were trailing 26-27 in the first quarter, indicating they didn't get off to a quick start.",qwen_small,p0a_sent,4251.08
S026,3,1,"50 percent from the field and 48 percent from the three - point line , while the 12 - for - 12 from the free throw line and 0 - for - 3 from beyond the arc",,,NUMBER,,The free throw line percentage should be consistent with the provided box score data.,qwen_small,p0a_sent,4251.08
S026,4,1,Eric Dragic,114.0,115.0,NAME,Goran Dragic,The correct name is Goran Dragic.,qwen_small,p0a_sent,4251.08
S026,4,2,Eric Dragic,114.0,115.0,NAME,Goran Dragic,The correct name is Goran Dragic.,qwen_small,p0a_sent,4251.08
S026,5,1,34,149.0,149.0,NUMBER,34,The number of points Dragic scored is correct.,qwen_small,p0a_sent,4251.08
S026,5,2,five,155.0,155.0,NUMBER,5,The number of rebounds Dragic had is correct.,qwen_small,p0a_sent,4251.08
S026,5,3,three,78.0,78.0,NUMBER,3,The number of steals Dragic had is correct.,qwen_small,p0a_sent,4251.08
S026,6,1,second,175.0,175.0,WORD,fourth,"The Suns out-scored Indiana 62-43 in the final two quarters, which implies they were leading after the fourth quarter, not the second.",qwen_small,p0a_sent,4251.08
S026,7,1,Dragic had 34 points,185.0,188.0,NUMBER,Dragic had 34 points,"Dragic's points are correct, but the FG and 3Pt percentages are incorrect.",qwen_small,p0a_sent,4251.08
S026,7,2,11 - 15,190.0,192.0,NUMBER,11-15,Incorrect FG percentage format.,qwen_small,p0a_sent,4251.08
S026,7,3,5 - 6,195.0,197.0,NUMBER,5-6,Incorrect 3Pt percentage format.,qwen_small,p0a_sent,4251.08
S026,7,4,7 - 7,200.0,202.0,NUMBER,7-7,Incorrect FT percentage format.,qwen_small,p0a_sent,4251.08
S026,7,5,Dragic had 34 points,185.0,188.0,NUMBER,Dragic had 34 points,"Dragic's points are correct, but the FG and 3Pt percentages are incorrect.",qwen_small,p0a_sent,4251.08
S026,7,6,11 - 20,218.0,220.0,NUMBER,11-20,Incorrect FG percentage format.,qwen_small,p0a_sent,4251.08
S026,7,7,5 - 6,195.0,197.0,NUMBER,5-6,Incorrect 3Pt percentage format.,qwen_small,p0a_sent,4251.08
S026,7,8,4 - 7,228.0,230.0,NUMBER,4-7,Incorrect FT percentage format.,qwen_small,p0a_sent,4251.08
S026,8,1,"It was his second double - double in a row ,",240.0,250.0,NAME,"It was his fifth double-double in a row,","Goran Dragic had his fifth double-double, not the second in a row.",qwen_small,p0a_sent,4251.08
S026,8,2,as he 's combined for 42 points and 11 rebounds over his last two games .,251.0,266.0,NUMBER,as he's combined for 34 points and 7 rebounds over his last two games.,"Goran Dragic scored 34 points and had 7 rebounds, not 42 points and 11 rebounds.",qwen_small,p0a_sent,4251.08
S026,9,1,6 - 14,,,NUMBER,6-12,"Roy Hibbert's field goal percentage should be 6-12, not 6-14.",qwen_small,p0a_sent,4251.08
S026,10,1,"It was his second double - double in a row ,",240.0,250.0,NAME,"It was his fifth double-double in a row,","The sentence incorrectly states it was his second double-double in a row, but based on the box score, it was his fifth.",qwen_small,p0a_sent,4251.08
S026,11,1,CJ Miles,324.0,325.0,NAME,CJ Watson,CJ Miles is not a player on the Suns team according to the box score.,qwen_small,p0a_sent,4251.08
S026,11,2,6 - 9 FG 1 - 3 3Pt 4 - 4 FT,,,NUMBER,"6-9 FG, 1-3 3Pt, 4-4 FT",The format of the shooting stats is incorrect. They should be separated by spaces.,qwen_small,p0a_sent,4251.08
S026,12,1,his second double - double in a row,242.0,249.0,WORD,his fifth double-double in a row,"Goran Dragic had his fifth double-double, not a second in a row.",qwen_small,p0a_sent,4251.08
S026,13,1,6 - 14 FG,,,NUMBER,6-12 FG,Roy Hibbert's field goal percentage should be 6-12 rather than 6-14.,qwen_small,p0a_sent,4251.08
S026,14,1,10 points,316.0,317.0,NUMBER,14,Gerald Green actually scored 15 points.,qwen_small,p0a_sent,4251.08
S026,14,2,6 rebounds,427.0,428.0,NUMBER,2,"Gerald Green had 2 rebounds, not 6.",qwen_small,p0a_sent,4251.08
S026,15,1,CJ Miles,324.0,325.0,NAME,CJ Watson,"CJ Watson scored 17 points, not CJ Miles.",qwen_small,p0a_sent,4251.08
S026,15,2,6 - 9 FG 1 - 3 3Pt 4 - 4 FT,,,NUMBER,"6-9 FG, 1-3 3Pt, 4-4 FT","The shooting percentages and points are correct, but the format is incorrect.",qwen_small,p0a_sent,4251.08
S026,16,1,15 points,276.0,277.0,NUMBER,14 points,"Gerald Green's average points per game is 14, not 15.",qwen_small,p0a_sent,4251.08
S026,16,2,6 rebounds,427.0,428.0,NUMBER,5 rebounds,"Gerald Green had 5 rebounds, not 6.",qwen_small,p0a_sent,4251.08
S026,17,1,CJ Miles,324.0,325.0,NAME,CJ Watson,CJ Watson was the only other starter to reach double figures in points.,qwen_small,p0a_sent,4251.08
S026,18,1,17,335.0,335.0,NUMBER,6,Incorrect number of points. CJ Miles actually scored 6 points.,qwen_small,p0a_sent,4251.08
S026,18,2,17,335.0,335.0,NUMBER,6,Incorrect number of points. CJ Miles actually scored 6 points.,qwen_small,p0a_sent,4251.08
S026,18,3,7,200.0,200.0,NUMBER,9,Incorrect number of points. CJ Miles actually made 9 shots from the field.,qwen_small,p0a_sent,4251.08
S026,18,4,3,100.0,100.0,NUMBER,1,Incorrect number of successful three-point shots. CJ Miles actually made 1 shot from beyond the arc.,qwen_small,p0a_sent,4251.08
S026,18,5,1,343.0,343.0,NUMBER,3,Incorrect number of successful free throws. CJ Miles actually made 3 free throws.,qwen_small,p0a_sent,4251.08
S027,1,1,The New York Knicks (8-10) defeated the Houston Rockets (7-10) 111 - 111 on Wednesday,,,NUMBER,116-111,"The final score was 116-111, not 111-111.",qwen_small,p0a_sent,4251.08
S027,1,2,Wednesday,23.0,23.0,NAME,Sunday,"The game was played on Sunday, not Wednesday.",qwen_small,p0a_sent,4251.08
S027,2,1,25 21,,,NUMBER,"29, 24",The first quarter score for the Rockets was 29 and the third quarter score was 24 according to the box score.,qwen_small,p0a_sent,4251.08
S027,3,1,58 percent from the field,69.0,73.0,NUMBER,58 percent from the field and 33 percent from beyond the arc,"The Rockets' shooting percentage from the field is correct, but the story incorrectly states the same for the Knicks.",qwen_small,p0a_sent,4251.08
S027,3,2,33 percent from the three - point line,75.0,82.0,NUMBER,58 percent from the field and 33 percent from beyond the arc,"The Knicks' shooting percentage from beyond the arc is correct, but the story incorrectly states the same for the Rockets.",qwen_small,p0a_sent,4251.08
S027,4,1,Arron Afflalo,106.0,107.0,NAME,Arron Afflalo,Arron should be capitalized.,qwen_small,p0a_sent,4251.08
S027,4,2,13 - for - 19,111.0,115.0,NUMBER,13 of 19,The format should be 'X of Y'.,qwen_small,p0a_sent,4251.08
S027,4,3,2 - for - 4,120.0,124.0,NUMBER,2 of 4,The format should be 'X of Y'.,qwen_small,p0a_sent,4251.08
S027,5,1,31 points,138.0,139.0,NUMBER,31,The number of points is correct.,qwen_small,p0a_sent,4251.08
S027,5,2,13 - 19,165.0,167.0,NUMBER,13-19,The shooting percentage is correct.,qwen_small,p0a_sent,4251.08
S027,5,3,seven rebounds,144.0,145.0,NUMBER,seven rebounds,The number of rebounds is correct.,qwen_small,p0a_sent,4251.08
S027,5,4,four assists,,,NUMBER,four assists,The number of assists is correct.,qwen_small,p0a_sent,4251.08
S027,5,5,seven points,,,NUMBER,seven points,The number of points is correct.,qwen_small,p0a_sent,4251.08
S027,5,6,five rebounds,,,NUMBER,five rebounds,The number of rebounds is correct.,qwen_small,p0a_sent,4251.08
S027,5,7,four assists,,,NUMBER,four assists,The number of assists is correct.,qwen_small,p0a_sent,4251.08
S027,5,8,a steal,,,WORD,a steal,The word 'a' is correct.,qwen_small,p0a_sent,4251.08
S027,5,9,a pair of blocks,,,WORD,a pair of blocks,The phrase 'a pair of blocks' is correct.,qwen_small,p0a_sent,4251.08
S027,5,10,scoreless,,,WORD,scoreless,The word 'scoreless' is correct.,qwen_small,p0a_sent,4251.08
S027,5,11,over 15 minutes,,,NOT_CHECKABLE,,The phrase 'over 15 minutes' is not checkable.,qwen_small,p0a_sent,4251.08
S027,5,12,three rebounds,,,NUMBER,three rebounds,The number of rebounds is correct.,qwen_small,p0a_sent,4251.08
S027,5,13,two assists,,,NUMBER,two assists,The number of assists is correct.,qwen_small,p0a_sent,4251.08
S027,5,14,a block,,,WORD,a block,The word 'a' is correct.,qwen_small,p0a_sent,4251.08
S027,6,1,second double - double,193.0,196.0,WORD,two double-doubles,"The sentence states 'second double-double', but it should be 'two double-doubles' to accurately reflect the number of consecutive double-doubles.",qwen_small,p0a_sent,4251.08
S027,6,2,45 points and 10 rebounds,206.0,210.0,NUMBER,45 points and 10 rebounds,The sentence incorrectly states '45 points and 10 rebounds' without specifying the units. The correct phrasing should be '45 points and 10 rebounds'.,qwen_small,p0a_sent,4251.08
S027,7,1,Kristaps Porzingis,217.0,218.0,NAME,"Porzingis, Kristaps",The order of first and last name is reversed.,qwen_small,p0a_sent,4251.08
S027,7,2,20,230.0,230.0,NUMBER,"20, 13, 2","Points, rebounds, and blocks are incorrect.",qwen_small,p0a_sent,4251.08
S027,8,1,Wednesday,23.0,23.0,NAME,Sunday,"The game was played on Sunday, not Wednesday.",qwen_small,p0a_sent,4251.08
S027,8,2,Wednesday,23.0,23.0,NAME,Sunday,"The game was played on Sunday, not Wednesday.",qwen_small,p0a_sent,4251.08
S028,1,1,at Barclays Center,13.0,15.0,NAME,at Barclays Center,Barclays Center is the correct venue.,qwen_small,p0a_sent,4251.08
S028,1,2,on Saturday evening,16.0,18.0,DATE,on Wednesday,"The game was played on Wednesday, not Saturday evening.",qwen_small,p0a_sent,4251.08
S028,2,1,(31 -21),,,NUMBER,(31-21),"The correct score for the Wizards is 31-21, not 31-21.",qwen_small,p0a_sent,4251.08
S028,3,1,(9 -21,,,NUMBER,(9-44,The home team's record should be 9-44 according to the box score.,qwen_small,p0a_sent,4251.08
S028,3,2,31 -22,,,NUMBER,31-27,The first quarter score for the home team should be 31-27 according to the box score.,qwen_small,p0a_sent,4251.08
S028,4,1,31 -44,,,NUMBER,31-21,"The correct record for the Wizards is 31-21, not 31-44.",qwen_small,p0a_sent,4251.08
S028,5,1,23 -point efforts,,,NUMBER,23-point efforts,The correct format for describing points scored is 'X-point'.,qwen_small,p0a_sent,4251.08
S028,5,2,2 rebounds,,,NUMBER,2 rebounds,The number of rebounds should be checked against the box score.,qwen_small,p0a_sent,4251.08
S028,5,3,2 assists,,,NUMBER,2 assists,The number of assists should be checked against the box score.,qwen_small,p0a_sent,4251.08
S028,5,4,2 steals,,,NUMBER,2 steals,The number of steals should be checked against the box score.,qwen_small,p0a_sent,4251.08
S028,5,5,6 rebounds,,,NUMBER,6 rebounds,The number of rebounds should be checked against the box score.,qwen_small,p0a_sent,4251.08
S028,5,6,2 assists,,,NUMBER,2 assists,The number of assists should be checked against the box score.,qwen_small,p0a_sent,4251.08
S028,6,1,Marcin Gortat,176.0,177.0,NAME,Jason Smith,"Jason Smith led the second unit with 15 points, eight rebounds and one steal.",qwen_small,p0a_sent,4251.08
S028,6,2,"14 - point , 14 - rebound",180.0,186.0,NUMBER,"15 points, 8 rebounds","Jason Smith led the second unit with 15 points, 8 rebounds and one steal.",qwen_small,p0a_sent,4251.08
S028,6,3,"one assist , a steal and a block",,,WORD,"one assist, one steal and one block","Marcin Gortat posted 14 points, 14 boards, one assist, one steal and one block.",qwen_small,p0a_sent,4251.08
S028,7,1,Sean Kilpatrick,202.0,203.0,NAME,Trevor Booker,"Sean Kilpatrick is not leading the second unit, Trevor Booker is.",qwen_small,p0a_sent,4251.08
S028,8,1,Bradley Beal,148.0,149.0,NAME,Bradley Beal,Corrected the spelling of Bradley Beal's name.,qwen_small,p0a_sent,4251.08
S028,8,2,31,23.0,23.0,NUMBER,31,Corrected the number of points to match the box score data.,qwen_small,p0a_sent,4251.08
S028,8,3,points,210.0,210.0,WORD,points,"No correction needed, as the word 'points' is correct.",qwen_small,p0a_sent,4251.08
S028,8,4,six,167.0,167.0,NUMBER,three,Corrected the number of rebounds to match the box score data.,qwen_small,p0a_sent,4251.08
S028,8,5,two,158.0,158.0,NUMBER,two,"No correction needed, as the number of assists is correct.",qwen_small,p0a_sent,4251.08
S028,8,6,two,158.0,158.0,NUMBER,two,"No correction needed, as the number of steals is correct.",qwen_small,p0a_sent,4251.08
S028,9,1,Otto Porter,238.0,239.0,NAME,Otto Porter Jr.,The full name of the player is Otto Porter Jr.,qwen_small,p0a_sent,4251.08
S028,10,1,Rondae Hollis-Jefferson,263.0,264.0,NAME,,The name 'Rondae Hollis-Jefferson' is correct.,qwen_small,p0a_sent,4251.08
S028,10,2,"13 - point , 11 - rebound double - double",267.0,276.0,NUMBER,,The statistics for Rondae Hollis-Jefferson are correct.,qwen_small,p0a_sent,4251.08
S028,11,1,Jason Smith,286.0,287.0,NAME,Marcin Gortat,"Jason Smith is not leading the second unit, Marcin Gortat is.",qwen_small,p0a_sent,4251.08
S028,12,1,Sean Kilpatrick,202.0,203.0,NAME,Marcin Gortat,"Sean Kilpatrick is incorrectly identified as leading the second unit. Marcin Gortat led the second unit with 15 points, eight rebounds, and one steal.",qwen_small,p0a_sent,4251.08
S028,13,1,Bradley Beal,148.0,149.0,NAME,Bradley Beal,Bradley Beal is the correct name of the player.,qwen_small,p0a_sent,4251.08
S028,13,2,31,23.0,23.0,NUMBER,31,The number of points is correct.,qwen_small,p0a_sent,4251.08
S028,13,3,points,210.0,210.0,WORD,points,The word 'points' is correct.,qwen_small,p0a_sent,4251.08
S028,13,4,six,167.0,167.0,NUMBER,three,"The number of rebounds is incorrect, should be three.",qwen_small,p0a_sent,4251.08
S028,13,5,two,158.0,158.0,NUMBER,three,"The number of assists is incorrect, should be three.",qwen_small,p0a_sent,4251.08
S028,13,6,two,158.0,158.0,NUMBER,three,"The number of steals is incorrect, should be three.",qwen_small,p0a_sent,4251.08
S028,14,1,Bojan Bogdanovic,336.0,337.0,NAME,Bogdanovic,"The last name 'Bogdanovic' is correct, but 'Bojan' is not a full name and should be corrected to 'Bogdanovic'.",qwen_small,p0a_sent,4251.08
S028,15,1,"14 point , 14 rebound",,,NUMBER,"14 points, 14 rebounds",The correct format for a double-double is [points]-[rebounds].,qwen_small,p0a_sent,4251.08
S028,15,2,"one assist , one steal and one block",370.0,377.0,WORD,"one assist, one steal, and one block","The phrase 'one assist, one steal, and one block' is more accurate.",qwen_small,p0a_sent,4251.08
S028,16,1,Sean Kilpatrick,202.0,203.0,NAME,Trevor Booker,"Sean Kilpatrick is not leading the second unit, Trevor Booker is.",qwen_small,p0a_sent,4251.08
S028,17,1,Detroit Pistons,405.0,406.0,NAME,Indiana Pacers,"The Nets faced the Indiana Pacers, not the Detroit Pistons.",qwen_small,p0a_sent,4251.08
S028,17,2,Phoenix Suns,419.0,420.0,NAME,Miami Heat,"The Nets faced the Miami Heat, not the Phoenix Suns.",qwen_small,p0a_sent,4251.08
S029,1,1,"The Minnesota Timberwolves defeated the Dallas Mavericks , 101 - 92 , at Target Center on Wednesday .",1.0,18.0,NAME,"The Minnesota Timberwolves defeated the Dallas Mavericks, 101-92, at Target Center on Wednesday.","The visiting team is the Mavericks, not the Timberwolves.",qwen_small,p0a_sent,4251.08
S029,2,1,12 26,,,NUMBER,"101, 26","The Timberwolves' record is 101-26, not 12-26.",qwen_small,p0a_sent,4251.08
S029,2,2,Friday,29.0,29.0,NAME,Monday,"The game was played on Monday, not Friday.",qwen_small,p0a_sent,4251.08
S029,3,1,(12 -26),,,NUMBER,(101-92),The Timberwolves scored 101 points while the Mavericks scored 92 points.,qwen_small,p0a_sent,4251.08
S029,3,2,outscoring the Mavericks (11 -27),,,NUMBER,"outscoring, the Mavericks (92-101)",The Timberwolves scored 101 points while the Mavericks scored 92 points.,qwen_small,p0a_sent,4251.08
S029,4,1,outscoring the Mavericks by a 24 - 19 margin,106.0,114.0,NUMBER,outscoring the Mavericks by a 24-21 margin,"The actual margin of victory in the third quarter was 24-21, not 24-19.",qwen_small,p0a_sent,4251.08
S029,5,1,Harrison Barnes,120.0,121.0,NAME,Brandon Rush,Harrison Barnes is not a player on the Timberwolves team according to the box score.,qwen_small,p0a_sent,4251.08
S029,5,2,game - high,129.0,131.0,WORD,season-high,The term 'game-high' is not accurate as the box score shows 'season-high' for Dirk Nowitzki.,qwen_small,p0a_sent,4251.08
S029,6,1,Deron Williams,148.0,149.0,NAME,,Deron Williams is not mentioned in the box score data.,qwen_small,p0a_sent,4251.08
S029,6,2,11 points,152.0,153.0,NUMBER,,No player scored exactly 11 points in the game according to the box score.,qwen_small,p0a_sent,4251.08
S029,6,3,seven assists,155.0,156.0,NUMBER,,No player recorded exactly 7 assists in the game according to the box score.,qwen_small,p0a_sent,4251.08
S029,6,4,two rebounds,139.0,140.0,NUMBER,,No player recorded exactly 2 rebounds in the game according to the box score.,qwen_small,p0a_sent,4251.08
S029,6,5,one steal,145.0,146.0,NUMBER,,No player recorded exactly 1 steal in the game according to the box score.,qwen_small,p0a_sent,4251.08
S029,7,1,Wesley Matthews,164.0,165.0,NAME,,Wesley Matthews is not mentioned in the box score data.,qwen_small,p0a_sent,4251.08
S029,8,1,Deron Williams,148.0,149.0,NAME,Deron Williams,Corrected the player name.,qwen_small,p0a_sent,4251.08
S029,8,2,11 points,152.0,153.0,NUMBER,11 points,Corrected the points scored.,qwen_small,p0a_sent,4251.08
S029,8,3,seven assists,155.0,156.0,NUMBER,7 assists,Corrected the assists.,qwen_small,p0a_sent,4251.08
S029,8,4,two rebounds,139.0,140.0,NUMBER,2 rebounds,Corrected the rebounds.,qwen_small,p0a_sent,4251.08
S029,8,5,one steal,145.0,146.0,NUMBER,1 steal,Corrected the steals.,qwen_small,p0a_sent,4251.08
S029,9,1,JJ Barea,204.0,205.0,NAME,D.J. Augustin,"D.J. Augustin led the bench with 14 points, four assists, two rebounds and two steals.",qwen_small,p0a_sent,4251.08
S029,10,1,JJ Barea,204.0,205.0,NAME,D.J. Augustin,"D.J. Augustin led the bench with 14 points, four assists, two rebounds and one steal according to the box score.",qwen_small,p0a_sent,4251.08
S029,11,1,JJ Barea,204.0,205.0,NAME,D.J. Augustin,D.J. Augustin led the second unit according to the box score.,qwen_small,p0a_sent,4251.08
S029,12,1,The Mavericks remain in last place in the Western Conference ' s Northwest Division .,,,NAME,The Mavericks remain in last place in the Northwest Division.,"The correct division is Northwest, not Northwest of the Western Conference.",qwen_small,p0a_sent,4251.08
S029,13,1,Wednesday,17.0,17.0,NAME,Monday,"The game was played on Monday, not Wednesday.",qwen_small,p0a_sent,4251.08
S029,14,1,Karl-Anthony Towns,285.0,286.0,NAME,Karl-Anthony Towns,The name 'Karl-Anthony' is split incorrectly.,qwen_small,p0a_sent,4251.08
S029,14,2,game -  high,,,WORD,game-high,The phrase 'game-high' should be used instead of 'game - high'.,qwen_small,p0a_sent,4251.08
S029,15,1,Andrew Wiggins,316.0,317.0,NAME,,Andrew Wiggins is not mentioned in the box score data.,qwen_small,p0a_sent,4251.08
S029,16,1,Shabazz Muhammad,332.0,333.0,NAME,Seth Curry,Shabazz Muhammad did not play in this game according to the box score.,qwen_small,p0a_sent,4251.08
S029,17,1,Shabazz Muhammad,332.0,333.0,NAME,None,Shabazz Muhammad is not the leader of the second unit according to the box score.,qwen_small,p0a_sent,4251.08
S029,18,1,The Timberwolves remain in last place in the Western Conference ' s Northwest Division,,,NAME,,The Timberwolves are not in last place in the Western Conference's Northwest Division. They are in last place in the Western Conference based on the provided box score.,qwen_small,p0a_sent,4251.08
S029,19,1,Wednesday,17.0,17.0,NAME,Monday,"The game was played on Monday, not Wednesday.",qwen_small,p0a_sent,4251.08
S030,1,1,Wednesday,18.0,18.0,NAME,Monday,The game was played on Monday evening according to the summary.,qwen_small,p0a_sent,4251.08
S030,2,1,Monday,192.0,192.0,NAME,Wednesday,"The game was played on Wednesday, not Monday.",qwen_small,p0a_sent,4251.08
S030,3,1,34 -,58.0,59.0,NUMBER,34-21,"The Pacers outscored the Hornets by 13 points in the fourth quarter, not 34-21.",qwen_small,p0a_sent,4251.08
S030,4,1,42 34,,,NUMBER,42-34,"The difference in rebounding should be presented as a range, not two separate numbers.",qwen_small,p0a_sent,4251.08
S030,5,1,14 -11,,,NUMBER,13-12,"The home line shows the Hornets' record as 13-12, not 14-11.",qwen_small,p0a_sent,4251.08
S030,6,1,Kemba Walker,111.0,112.0,NAME,Rodney Stuckey,"Kemba Walker did not lead the team in points, rebounds, and assists. Rodney Stuckey scored 14 points.",qwen_small,p0a_sent,4251.08
S030,7,1,Nicolas Batum,135.0,136.0,NAME,"Marvin Williams, Nicolas Batum","Nicolas Batum was not second on the team in terms of points, rebounds, and assists. Marvin Williams and Nicolas Batum led with 13 points each.",qwen_small,p0a_sent,4251.08
S030,8,1,Cody Zeller,155.0,156.0,NAME,Marvin Williams,"Cody Zeller is not a starter, Marvin Williams is.",qwen_small,p0a_sent,4251.08
S030,8,2,11,92.0,92.0,NUMBER,22,"Cody Zeller scored 22 points, not 11.",qwen_small,p0a_sent,4251.08
S030,9,1,Monday,192.0,192.0,NAME,Wednesday,"The game was played on Wednesday, not Monday.",qwen_small,p0a_sent,4251.08
S030,10,1,five,97.0,97.0,NUMBER,six,"The Pacers have won six of their last six games, not five.",qwen_small,p0a_sent,4251.08
S030,10,2,great,218.0,218.0,WORD,healthy,"The Pacers have become healthier, not necessarily a great team.",qwen_small,p0a_sent,4251.08
S030,11,1,Paul George,221.0,222.0,NAME,CJ Miles,Paul George's name is incorrect. The correct name is CJ Miles.,qwen_small,p0a_sent,4251.08
S030,11,2,22,233.0,233.0,NUMBER,11,The number of points attributed to Paul George is incorrect. He scored 11 points.,qwen_small,p0a_sent,4251.08
S030,11,3,five,97.0,97.0,WORD,seven,The number of rebounds attributed to Paul George is incorrect. He recorded seven rebounds.,qwen_small,p0a_sent,4251.08
S030,11,4,three,152.0,152.0,NUMBER,three,The number of assists attributed to Paul George is incorrect. He made three assists.,qwen_small,p0a_sent,4251.08
S030,12,1,22 points,233.0,234.0,NUMBER,18 points,"Myles Turner's points should be 18, not 22.",qwen_small,p0a_sent,4251.08
S030,12,2,seven rebounds,172.0,173.0,NUMBER,10 rebounds,"Myles Turner's rebounds should be 10, not 7.",qwen_small,p0a_sent,4251.08
S030,12,3,four blocks,259.0,260.0,NUMBER,four blocks,"Myles Turner's blocks should be 4, not 4 blocks.",qwen_small,p0a_sent,4251.08
S030,13,1,22 points,233.0,234.0,NUMBER,18 points,"Myles Turner's actual points were 18, not 22.",qwen_small,p0a_sent,4251.08
S030,13,2,seven rebounds,172.0,173.0,NUMBER,10 rebounds,"Myles Turner's actual rebounds were 10, not 7.",qwen_small,p0a_sent,4251.08
S030,13,3,four blocks,259.0,260.0,NUMBER,four blocks,"Myles Turner's actual blocks were 4, not 4 blocks (redundant).",qwen_small,p0a_sent,4251.08
