TEXT_ID,SENTENCE_ID,ANNOTATION_ID,TOKENS,DOC_TOKEN_START,DOC_TOKEN_END,TYPE,CORRECTION,COMMENT,MODEL,PROMPT_KEY,TIME_SECONDS
S001,1,1,107,12.0,12.0,NUMBER,101,"The Lakers scored 101, not 107.",qwen_medium,p0d_sent,18850.94
S001,1,2,Wednesday,18.0,18.0,NAME,Friday,The game was played on Friday.,qwen_medium,p0d_sent,18850.94
S001,2,1,startes,,,WORD,starters,The correct term is 'starters'.,qwen_medium,p0d_sent,18850.94
S001,3,1,six,82.0,82.0,NUMBER,4,"Isaiah Thomas had 4 assists, not 6.",qwen_medium,p0d_sent,18850.94
S001,3,2,two,85.0,85.0,NUMBER,2,"Isaiah Thomas had 2 rebounds, which is correct, but this is redundant as it's already mentioned.",qwen_medium,p0d_sent,18850.94
S001,3,3,a,32.0,32.0,NUMBER,1,"Isaiah Thomas had 1 steal, not a single steal (which is implied by 'a').",qwen_medium,p0d_sent,18850.94
S001,4,1,a block,107.0,108.0,WORD,,Al Horford did not record a block in this game.,qwen_medium,p0d_sent,18850.94
S001,5,1,18,25.0,25.0,NUMBER,18,"Jae Crowder actually scored 18 points, which is correct.",qwen_medium,p0d_sent,18850.94
S001,5,2,12,120.0,120.0,NUMBER,6,"Jae Crowder had 6 rebounds, not 12.",qwen_medium,p0d_sent,18850.94
S001,5,3,an assist,129.0,130.0,NUMBER,1,"Jae Crowder had 1 assist, not an assist (which implies 1).",qwen_medium,p0d_sent,18850.94
S001,5,4,two steals,132.0,133.0,NUMBER,2,"Jae Crowder had 2 steals, which is correct.",qwen_medium,p0d_sent,18850.94
S001,5,5,a block,107.0,108.0,NUMBER,0,"Jae Crowder had 0 blocks, not 1.",qwen_medium,p0d_sent,18850.94
S001,6,1,an assist,129.0,130.0,NUMBER,1,"Jae Crowder had 1 assist, not an assist.",qwen_medium,p0d_sent,18850.94
S001,6,2,a pair of steals,152.0,155.0,NUMBER,2,"Jae Crowder had 2 steals, not a pair of steals.",qwen_medium,p0d_sent,18850.94
S001,7,1,an assist,129.0,130.0,NUMBER,1 assist,"Jae Crowder had 1 assist, not an assist.",qwen_medium,p0d_sent,18850.94
S001,7,2,two steals,132.0,133.0,NUMBER,3 steals,"Jae Crowder had 3 steals, not two steals.",qwen_medium,p0d_sent,18850.94
S001,8,1,a block,107.0,108.0,WORD,,Al Horford did not record a block in this game.,qwen_medium,p0d_sent,18850.94
S001,9,1,10,196.0,196.0,NUMBER,7,"Kelly Olynyk scored 7 points, not 10.",qwen_medium,p0d_sent,18850.94
S001,9,2,nine,199.0,199.0,NUMBER,7,"Kelly Olynyk had 7 rebounds, not nine.",qwen_medium,p0d_sent,18850.94
S001,9,3,two,85.0,85.0,NUMBER,0,"Kelly Olynyk had 0 steals, not two.",qwen_medium,p0d_sent,18850.94
S001,10,1,startes,,,WORD,starters,The correct term is 'starters'.,qwen_medium,p0d_sent,18850.94
S002,1,1,Atlanta Hawks,2.0,3.0,NAME,Cleveland Cavaliers,"The home team is the Cleveland Cavaliers, not the Atlanta Hawks.",qwen_medium,p0d_sent,18850.94
S002,1,2,110 - 110,9.0,11.0,NUMBER,110 - 106,"The final score was 110 - 106, not 110 - 110.",qwen_medium,p0d_sent,18850.94
S002,1,3,Saturday,18.0,18.0,NAME,Tuesday,"The game was played on Tuesday, not Saturday.",qwen_medium,p0d_sent,18850.94
S002,2,1,struggling,26.0,26.0,WORD,top-tier,The teams were not described as struggling; the Cavaliers were the reigning NBA champions and the Hawks had a strong defense.,qwen_medium,p0d_sent,18850.94
S002,3,1,Hawks,3.0,3.0,CONTEXT,Cavaliers,"The sentence incorrectly states that the Hawks outscored the Hawks, which is self-referential and incorrect. It should state that the Hawks outscored the Cavaliers.",qwen_medium,p0d_sent,18850.94
S002,4,1,19,78.0,78.0,NUMBER,6,"The Cavaliers committed 6 turnovers, not 19.",qwen_medium,p0d_sent,18850.94
S002,4,2,21,75.0,75.0,NUMBER,21,"The Cavaliers recorded 21 assists, which is correct.",qwen_medium,p0d_sent,18850.94
S002,5,1,struggle,113.0,113.0,WORD,improve,"The sentence suggests the Hawks are struggling, but with a 5-2 record and winning 3 of their last 5 games, they are actually improving.",qwen_medium,p0d_sent,18850.94
S002,6,1,17 points,127.0,128.0,NUMBER,7 points,"Dwight Howard scored 7 points, not 17.",qwen_medium,p0d_sent,18850.94
S002,6,2,3 - of - 5,136.0,140.0,NUMBER,3-of-4,"Dwight Howard made 3 of 4 field goal attempts, not 3 of 5.",qwen_medium,p0d_sent,18850.94
S002,7,1,n't,146.0,146.0,WORD,,"The sentence should not include 'n't' as it implies a negative, which is not supported by the data.",qwen_medium,p0d_sent,18850.94
S002,8,1,Kent Bazemore,143.0,144.0,CONTEXT,,"Bazemore is listed as a starter, but the box score shows he was not a starter in this game.",qwen_medium,p0d_sent,18850.94
S002,9,1,Sunday,188.0,188.0,NAME,Wednesday,"The game is scheduled for Wednesday, not Sunday.",qwen_medium,p0d_sent,18850.94
S002,10,1,struggle,113.0,113.0,WORD,dominate,"The sentence suggests the Cavaliers are struggling, but based on their record (6-1) and the fact that they have won three of their last five games, this is not accurate.",qwen_medium,p0d_sent,18850.94
S002,11,1,23,236.0,236.0,NUMBER,29,"LeBron James scored 29 points, not 23.",qwen_medium,p0d_sent,18850.94
S002,12,1,second,248.0,248.0,WORD,first,"Kyrie Irving was the leading scorer for the Cavaliers, not second.",qwen_medium,p0d_sent,18850.94
S002,13,1,11,277.0,277.0,NUMBER,12,"Kevin Love recorded 12 rebounds, not 11.",qwen_medium,p0d_sent,18850.94
S002,14,1,25,151.0,151.0,NUMBER,0,"Tristan Thompson scored 0 points, not 25.",qwen_medium,p0d_sent,18850.94
S002,14,2,off the bench,289.0,291.0,WORD,as a starter,"Tristan Thompson started the game, not coming off the bench.",qwen_medium,p0d_sent,18850.94
S002,14,3,two,25.0,25.0,NUMBER,2,"Tristan Thompson had 2 rebounds, not two.",qwen_medium,p0d_sent,18850.94
S002,14,4,four,259.0,259.0,NUMBER,0,"Tristan Thompson had 0 assists, not four.",qwen_medium,p0d_sent,18850.94
S002,15,1,Sunday,188.0,188.0,NAME,Friday,"The Cavaliers' next game is on Friday, not Sunday.",qwen_medium,p0d_sent,18850.94
S003,1,1,Saturday,17.0,17.0,NAME,Sunday,The game was played on Sunday.,qwen_medium,p0d_sent,18850.94
S003,2,1,Friday,51.0,51.0,NAME,Sunday,The game was played on Sunday.,qwen_medium,p0d_sent,18850.94
S003,3,1,a steal,96.0,97.0,WORD,,DeMar DeRozan did not record a steal in this game.,qwen_medium,p0d_sent,18850.94
S003,4,1,a steal,96.0,97.0,WORD,,Kyle Lowry did not record a steal in this game.,qwen_medium,p0d_sent,18850.94
S003,4,2,a block,126.0,127.0,WORD,,Kyle Lowry did not record a block in this game.,qwen_medium,p0d_sent,18850.94
S003,5,1,a block and a block,151.0,155.0,WORD,,"Valanciunas had exactly three blocks, not 'a block, a block and a block'.",qwen_medium,p0d_sent,18850.94
S003,6,1,a block and a block,151.0,155.0,WORD,,"The sentence incorrectly states that Valanciunas had three blocks, but according to the box score, he had only one block.",qwen_medium,p0d_sent,18850.94
S003,7,1,11,194.0,194.0,NUMBER,11,"Terrence Ross actually scored 11 points, so this number is correct.",qwen_medium,p0d_sent,18850.94
S003,8,1,seventh,225.0,225.0,NUMBER,third,"The Raptors are in third place in the Eastern Conference, not seventh.",qwen_medium,p0d_sent,18850.94
S003,9,1,Charlotte,236.0,236.0,NAME,Orlando,"The game was played in Orlando, not Charlotte.",qwen_medium,p0d_sent,18850.94
S003,9,2,Hornets,241.0,241.0,NAME,Magic,"The game was against the Magic, not the Hornets.",qwen_medium,p0d_sent,18850.94
S003,9,3,Friday,51.0,51.0,NAME,Sunday,"The game was played on Sunday, not Friday.",qwen_medium,p0d_sent,18850.94
S003,10,1,Elfrid Payton,252.0,253.0,CONTEXT,,Elfrid Payton did not lead the Magic in scoring; Evan Fournier led with 15 points.,qwen_medium,p0d_sent,18850.94
S003,10,2,13,139.0,139.0,NUMBER,15,"Elfrid Payton actually scored 13 points, but Evan Fournier led with 15 points.",qwen_medium,p0d_sent,18850.94
S003,11,1,10,111.0,111.0,NUMBER,7,"Aaron Gordon scored 7 points, not 10.",qwen_medium,p0d_sent,18850.94
S003,11,2,12,64.0,64.0,NUMBER,1,"Aaron Gordon had 1 rebound, not 12.",qwen_medium,p0d_sent,18850.94
S003,12,1,two,197.0,197.0,NUMBER,3,"Elfrid Payton had 3 assists, not 2.",qwen_medium,p0d_sent,18850.94
S003,12,2,two,197.0,197.0,NUMBER,0,"Elfrid Payton had 0 rebounds, not 2.",qwen_medium,p0d_sent,18850.94
S003,13,1,10,111.0,111.0,NUMBER,7,"Aaron Gordon scored 7 points, not 10.",qwen_medium,p0d_sent,18850.94
S003,13,2,12,64.0,64.0,NUMBER,1,"Aaron Gordon had 1 rebound, not 12.",qwen_medium,p0d_sent,18850.94
S003,14,1,11,194.0,194.0,NUMBER,0,"D.J. Augustin scored 0 points, not 11.",qwen_medium,p0d_sent,18850.94
S003,14,2,three,120.0,120.0,NUMBER,2,"D.J. Augustin had 2 rebounds, not three.",qwen_medium,p0d_sent,18850.94
S003,14,3,two,197.0,197.0,NUMBER,2,"D.J. Augustin had 2 steals, not a pair of steals.",qwen_medium,p0d_sent,18850.94
S003,15,1,last place,371.0,372.0,WORD,a better position,The Raptors are not in last place in the Southeast Division according to the provided data.,qwen_medium,p0d_sent,18850.94
S003,16,1,Friday,51.0,51.0,NAME,Sunday,"The game was played on Sunday, not Friday.",qwen_medium,p0d_sent,18850.94
S004,1,1,Vivint Smart Home Arena,16.0,19.0,NAME,Vivint Smart Home Arena,"The arena name is correct, but it should be 'Vivint Smart Home Arena' without the extra spaces.",qwen_medium,p0d_sent,18850.94
S004,2,1,one of the best,32.0,35.0,WORD,,"The sentence claims the Jazz are one of the best teams in the NBA, but the box score and context suggest this is not accurate based on their 1-1 record.",qwen_medium,p0d_sent,18850.94
S004,3,1,16,72.0,72.0,NUMBER,31,"The Jazz outscored the Lakers by 31 points in the fourth quarter, not 16.",qwen_medium,p0d_sent,18850.94
S004,4,1,38,91.0,91.0,NUMBER,39,"The Lakers shot 39% from the field, not 38%.",qwen_medium,p0d_sent,18850.94
S004,4,2,24,97.0,97.0,NUMBER,24,"The Lakers shot 24% from three-point range, which is correct.",qwen_medium,p0d_sent,18850.94
S004,5,1,43 - 24,120.0,122.0,NUMBER,47 - 43,"The Jazz had 47 rebounds, and the Lakers had 43 rebounds.",qwen_medium,p0d_sent,18850.94
S004,6,1,Kobe Bryant,137.0,138.0,CONTEXT,,"Kobe Bryant was not mentioned in the box score data, and the story suggests he was not playing, which is not verifiable from the provided data.",qwen_medium,p0d_sent,18850.94
S004,7,1,D'Angelo Russell,153.0,154.0,CONTEXT,Lou Williams,D'Angelo Russell did not lead the team in scoring; Lou Williams did.,qwen_medium,p0d_sent,18850.94
S004,7,2,17,164.0,164.0,NUMBER,9,"D'Angelo Russell scored 9 points, not 17.",qwen_medium,p0d_sent,18850.94
S004,7,3,five rebounds,167.0,168.0,NUMBER,4,"D'Angelo Russell recorded 4 rebounds, not 5.",qwen_medium,p0d_sent,18850.94
S004,7,4,five assists,170.0,171.0,NUMBER,5,"D'Angelo Russell recorded 5 assists, but this is not the leading scorer's stat.",qwen_medium,p0d_sent,18850.94
S004,8,1,12 rebounds,190.0,191.0,NUMBER,"12 points, 12 rebounds","Luol Deng indeed had 12 points and 12 rebounds, but the sentence implies he was the only other starter in double figures, which is not necessarily incorrect based on the provided data.",qwen_medium,p0d_sent,18850.94
S004,9,1,D'Angelo Russell,153.0,154.0,CONTEXT,Lou Williams,D'Angelo Russell did not lead the Lakers in scoring; Lou Williams did.,qwen_medium,p0d_sent,18850.94
S004,9,2,17,164.0,164.0,NUMBER,9,"D'Angelo Russell scored 9 points, not 17.",qwen_medium,p0d_sent,18850.94
S004,9,3,five rebounds,167.0,168.0,NUMBER,2 rebounds,"D'Angelo Russell recorded 2 rebounds, not five.",qwen_medium,p0d_sent,18850.94
S004,9,4,five assists,170.0,171.0,NUMBER,5 assists,"D'Angelo Russell recorded 5 assists, but this is not the leading scorer's stat line.",qwen_medium,p0d_sent,18850.94
S004,10,1,12 rebounds,190.0,191.0,NUMBER,"12 points, 12 rebounds","Luol Deng indeed had 12 points and 12 rebounds, but the sentence implies he was the only other starter in double figures, which is not necessarily incorrect based on the provided data.",qwen_medium,p0d_sent,18850.94
S004,11,1,Portland Trail Blazers,244.0,246.0,NAME,Los Angeles Clippers,"The next game for the Lakers is against the Los Angeles Clippers, not the Portland Trail Blazers.",qwen_medium,p0d_sent,18850.94
S004,12,1,now won four of their last five games,258.0,265.0,CONTEXT,,"The sentence suggests the Jazz have won four of their last five games, but the box score and context indicate this is not accurate. The Jazz have a 1-1 record, suggesting they have only played two games.",qwen_medium,p0d_sent,18850.94
S004,12,2,struggle,271.0,271.0,WORD,improve,"The sentence suggests the Jazz are struggling, but with a 1-1 record, it is more accurate to say they are improving or showing signs of improvement.",qwen_medium,p0d_sent,18850.94
S004,13,1,three rebounds,291.0,292.0,NUMBER,3,"George Hill actually had 3 rebounds, which is correct, but the sentence implies he had more than 3, which is misleading.",qwen_medium,p0d_sent,18850.94
S004,13,2,three assists,294.0,295.0,NUMBER,3,"George Hill actually had 3 assists, which is correct, but the sentence implies he had more than 3, which is misleading.",qwen_medium,p0d_sent,18850.94
S004,14,1,second,307.0,307.0,NUMBER,third,"Rudy Gobert was the third-highest scorer on the team, not the second.",qwen_medium,p0d_sent,18850.94
S004,15,1,double - double,326.0,328.0,WORD,,"Rudy Gobert did not record a double-double; he had 13 points and 13 rebounds, but the term 'double-double' is typically used when a player reaches double digits in two different statistical categories.",qwen_medium,p0d_sent,18850.94
S004,16,1,double - double,326.0,328.0,WORD,,"Rudy Gobert did not record a double-double; he had 13 points and 13 rebounds, but the term 'double-double' is typically used when a player achieves at least 10 in two different statistical categories.",qwen_medium,p0d_sent,18850.94
S004,17,1,Portland Trail Blazers,244.0,246.0,NAME,Los Angeles Clippers,"The Jazz are scheduled to play the Los Angeles Clippers, not the Portland Trail Blazers.",qwen_medium,p0d_sent,18850.94
S005,1,1,15,27.0,27.0,NUMBER,13,"The Magic had 13 turnovers, not 15.",qwen_medium,p0d_sent,18850.94
S005,1,2,Hawks,2.0,2.0,CONTEXT,Magic,"The turnovers were from the Magic, not the Hawks.",qwen_medium,p0d_sent,18850.94
S005,2,1,one steal,64.0,65.0,NUMBER,two steals,"Paul Millsap recorded two steals, not one.",qwen_medium,p0d_sent,18850.94
S005,3,1,one steal,64.0,65.0,NUMBER,no steals,Paul Millsap did not record any steals in this game.,qwen_medium,p0d_sent,18850.94
S005,4,1,one block,108.0,109.0,NUMBER,0 blocks,"Dwight Howard recorded 0 blocks, not 1.",qwen_medium,p0d_sent,18850.94
S005,5,1,27,117.0,117.0,NUMBER,8,"Kent Bazemore scored 8 points, not 27.",qwen_medium,p0d_sent,18850.94
S005,6,1,27,117.0,117.0,NUMBER,8,"Kent Bazemore scored 8 points, not 27.",qwen_medium,p0d_sent,18850.94
S005,7,1,Orlando,154.0,154.0,CONTEXT,Atlanta,"Paul Millsap played for the Hawks, not the Magic.",qwen_medium,p0d_sent,18850.94
S005,7,2,one block,108.0,109.0,NUMBER,,Paul Millsap did not record a block in this game.,qwen_medium,p0d_sent,18850.94
S005,8,1,one block,108.0,109.0,NUMBER,0 blocks,"Dwight Howard recorded 0 blocks, not 1.",qwen_medium,p0d_sent,18850.94
S005,9,1,Kent Bazemore,111.0,112.0,CONTEXT,,"According to the box score, Kent Bazemore did not lead the second unit with 12 points. The second unit was led by Malcolm Delaney with 12 points.",qwen_medium,p0d_sent,18850.94
S005,9,2,12,204.0,204.0,NUMBER,8,"According to the box score, Kent Bazemore scored 8 points, not 12.",qwen_medium,p0d_sent,18850.94
S005,9,3,three rebounds,120.0,121.0,NUMBER,2,"According to the box score, Kent Bazemore had 2 rebounds, not three.",qwen_medium,p0d_sent,18850.94
S005,9,4,three assists,102.0,103.0,NUMBER,3,"According to the box score, Kent Bazemore had 3 assists, which is correct, but this is redundant with the previous 'three'.",qwen_medium,p0d_sent,18850.94
S005,9,5,one block,108.0,109.0,NUMBER,0,"According to the box score, Kent Bazemore had 0 blocks, not one.",qwen_medium,p0d_sent,18850.94
S005,10,1,New York Knicks,229.0,231.0,NAME,Houston Rockets,"The Magic are scheduled to play the Houston Rockets, not the New York Knicks.",qwen_medium,p0d_sent,18850.94
S005,10,2,Toronto Raptors,244.0,245.0,NAME,Utah Jazz,"The Hawks are scheduled to play the Utah Jazz, not the Toronto Raptors.",qwen_medium,p0d_sent,18850.94
S006,1,1,defeated,9.0,9.0,WORD,were defeated by,"The sentence states the Rockets defeated the Nets, but according to the box score, the Nets defeated the Rockets.",qwen_medium,p0d_sent,18850.94
S006,1,2,Friday,22.0,22.0,NAME,Tuesday,"The game was played on Tuesday, not Friday.",qwen_medium,p0d_sent,18850.94
S006,2,1,double - digit,32.0,34.0,WORD,,The box score and context do not provide information to confirm the Nets were double-digit favorites.,qwen_medium,p0d_sent,18850.94
S006,3,1,10,5.0,5.0,NUMBER,10,"Harden actually scored 10 points, so this number is correct.",qwen_medium,p0d_sent,18850.94
S006,3,2,nine,54.0,54.0,NUMBER,9,"Harden had 9 assists, not nine.",qwen_medium,p0d_sent,18850.94
S006,3,3,three,57.0,57.0,NUMBER,3,"Harden had 3 rebounds, so this number is correct.",qwen_medium,p0d_sent,18850.94
S006,3,4,three,57.0,57.0,NUMBER,3,"Harden had 3 steals, so this number is correct.",qwen_medium,p0d_sent,18850.94
S006,4,1,Trevor Ariza,66.0,67.0,CONTEXT,,Trevor Ariza did not play in this game due to a bruised lower back.,qwen_medium,p0d_sent,18850.94
S006,4,2,2,80.0,80.0,NUMBER,10,Trevor Ariza did not score 2 points; the sentence incorrectly implies he played and scored 2 points.,qwen_medium,p0d_sent,18850.94
S006,5,1,Orlando Magic,102.0,103.0,CONTEXT,Wizards,"The Rockets are scheduled to play the Wizards, not the Orlando Magic, on Wednesday.",qwen_medium,p0d_sent,18850.94
S006,6,1,Brook Lopez,117.0,118.0,CONTEXT,,"The sentence states that the Nets played without Brook Lopez, but the box score shows that Brook Lopez played and scored 24 points.",qwen_medium,p0d_sent,18850.94
S006,7,1,did all he could to keep the Nets in this game,136.0,146.0,CONTEXT,,"The sentence implies that Brook Lopez struggled to keep the Nets in the game, but the Nets actually won the game, so this phrasing is misleading.",qwen_medium,p0d_sent,18850.94
S006,8,1,Thaddeus Young,163.0,164.0,CONTEXT,,"Thaddeus Young was not the only other starter in double figures. According to the box score, Joe Johnson also scored 22 points.",qwen_medium,p0d_sent,18850.94
S006,9,1,Friday,22.0,22.0,NAME,Thursday,"The Nets are playing against the Sixers on Thursday, not Friday.",qwen_medium,p0d_sent,18850.94
S007,1,1,Russell Westbrook and Russell Westbrook,1.0,5.0,WORD,Russell Westbrook,The repetition of 'Russell Westbrook' is redundant and incorrect.,qwen_medium,p0d_sent,18850.94
S007,1,2,Sleep Train Arena,26.0,28.0,NAME,Golden 1 Center,"The game was played at Golden 1 Center, not Sleep Train Arena.",qwen_medium,p0d_sent,18850.94
S007,2,1,seven assists,39.0,40.0,NUMBER,10 assists,"Westbrook had 10 assists, not seven.",qwen_medium,p0d_sent,18850.94
S007,2,2,three steals,78.0,79.0,NUMBER,four steals,"Westbrook had four steals, not three.",qwen_medium,p0d_sent,18850.94
S007,3,1,Enes Kanter,88.0,89.0,CONTEXT,,"Kanter is listed as the only other Thunder player to score in double digits, but the box score shows that Victor Oladipo also scored in double digits.",qwen_medium,p0d_sent,18850.94
S007,4,1,the Kings,139.0,140.0,WORD,,"The sentence repeats 'the Kings' unnecessarily, making it redundant.",qwen_medium,p0d_sent,18850.94
S007,5,1,11 - 20,,,NUMBER,15 - of - 20,"Cousins shot 15-of-20, not 11-of-20.",qwen_medium,p0d_sent,18850.94
S007,5,2,four,42.0,42.0,NUMBER,three,"Cousins had 3 steals, not 4.",qwen_medium,p0d_sent,18850.94
S007,6,1,21,52.0,52.0,NUMBER,6,"Steven Adams scored 6 points, not 21.",qwen_medium,p0d_sent,18850.94
S007,6,2,four,42.0,42.0,NUMBER,4,"Steven Adams had 4 rebounds, which is correct, but the points are incorrect.",qwen_medium,p0d_sent,18850.94
S007,6,3,one,45.0,45.0,NUMBER,1,"Steven Adams had 1 steal, which is correct, but the points are incorrect.",qwen_medium,p0d_sent,18850.94
S008,1,1,Saturday,19.0,19.0,NAME,Monday,"The game was played on Monday, not Saturday.",qwen_medium,p0d_sent,18850.94
S008,2,1,Saturday,19.0,19.0,NAME,Monday,"The game was played on Monday, not Saturday.",qwen_medium,p0d_sent,18850.94
S008,2,2,Tuesday,56.0,56.0,NAME,Monday,"The game was played on Monday, not Tuesday.",qwen_medium,p0d_sent,18850.94
S008,3,1,Marc Gasol,95.0,96.0,CONTEXT,,Marc Gasol is not a player for the Jazz; he plays for the Grizzlies.,qwen_medium,p0d_sent,18850.94
S008,3,2,five assists,121.0,122.0,NUMBER,0 assists,Marc Gasol had 0 assists in this game.,qwen_medium,p0d_sent,18850.94
S008,4,1,seven,160.0,160.0,NUMBER,7,"Mike Conley had 7 assists, not seven.",qwen_medium,p0d_sent,18850.94
S008,5,1,off the bench,200.0,202.0,WORD,as a starter,"Zach Randolph started the game, not coming off the bench.",qwen_medium,p0d_sent,18850.94
S008,6,1,the Jazz,220.0,221.0,CONTEXT,,"The sentence repeats the performance of the Jazz twice, which is redundant and misleading.",qwen_medium,p0d_sent,18850.94
S008,7,1,top,259.0,259.0,WORD,playoff,"The Grizzlies are not battling for the top seed, but rather a playoff position in the West.",qwen_medium,p0d_sent,18850.94
S008,8,1,Gordon Hayward,265.0,266.0,CONTEXT,,"Gordon Hayward played for the Jazz, not the Grizzlies.",qwen_medium,p0d_sent,18850.94
S008,8,2,13,184.0,184.0,NUMBER,20,"Gordon Hayward scored 20 points, not 13.",qwen_medium,p0d_sent,18850.94
S008,8,3,4 - 14,,,NUMBER,4-of-11,"Gordon Hayward shot 4-of-11, not 4-of-14.",qwen_medium,p0d_sent,18850.94
S008,8,4,four,245.0,245.0,NUMBER,4,"Gordon Hayward had 4 rebounds, which is correct.",qwen_medium,p0d_sent,18850.94
S008,8,5,three,163.0,163.0,NUMBER,3,"Gordon Hayward had 3 assists, which is correct.",qwen_medium,p0d_sent,18850.94
S008,8,6,one,124.0,124.0,NUMBER,0,"Gordon Hayward had 0 steals, not 1.",qwen_medium,p0d_sent,18850.94
S008,8,7,36,299.0,299.0,NUMBER,33,"Gordon Hayward played 33 minutes, not 36.",qwen_medium,p0d_sent,18850.94
S008,9,1,22,104.0,104.0,NUMBER,20,"Rudy Gobert scored 20 points, not 22.",qwen_medium,p0d_sent,18850.94
S008,9,2,off the bench,200.0,202.0,WORD,as a starter,"Rudy Gobert started the game, not coming off the bench.",qwen_medium,p0d_sent,18850.94
S008,10,1,the Jazz,220.0,221.0,WORD,the Grizzlies,"The sentence incorrectly states the shooting percentages for the Jazz twice, which is redundant and incorrect.",qwen_medium,p0d_sent,18850.94
S008,10,2,the Jazz,220.0,221.0,WORD,the Grizzlies,"The sentence incorrectly states the shooting percentages for the Jazz twice, which is redundant and incorrect.",qwen_medium,p0d_sent,18850.94
S008,11,1,Trail Blazers,376.0,377.0,NAME,Grizzlies,"The visiting team is the Grizzlies, not the Trail Blazers.",qwen_medium,p0d_sent,18850.94
S008,11,2,Monday,379.0,379.0,NAME,November 14,"The game was played on November 14, not Monday.",qwen_medium,p0d_sent,18850.94
S009,1,1,Milwaukee Bucks,2.0,3.0,CONTEXT,Los Angeles Lakers,"The sentence states that the Bucks defeated the Lakers, but according to the box score, the Lakers defeated the Bucks.",qwen_medium,p0d_sent,18850.94
S009,1,2,122 - 122,10.0,12.0,NUMBER,122 - 114,"The final score was 122 - 114, not 122 - 122.",qwen_medium,p0d_sent,18850.94
S009,1,3,Tuesday,20.0,20.0,NAME,Friday,"The game was played on Friday, not Tuesday.",qwen_medium,p0d_sent,18850.94
S009,2,1,prevail with a huge road win,35.0,40.0,WORD,lose with a tough home loss,"The sentence states that the Bucks won, but according to the box score, the Lakers defeated the Bucks.",qwen_medium,p0d_sent,18850.94
S009,3,1,led for the majority of the game,47.0,53.0,WORD,fell behind for most of the game,"The sentence states that the Bucks led for the majority of the game, but according to the box score, the Lakers had a 47-point first quarter and maintained a lead throughout the game.",qwen_medium,p0d_sent,18850.94
S009,3,2,led by double - digits for the entirety of the second half,57.0,68.0,WORD,trailing by double digits for much of the second half,"The sentence claims the Bucks led by double digits in the second half, but the box score indicates the Lakers were leading and the Bucks only made a late surge in the final period.",qwen_medium,p0d_sent,18850.94
S009,4,1,held the Lakers,79.0,81.0,WORD,held,The sentence incorrectly states that the Lakers held the Lakers to 29 percent shooting. It should state that the Lakers held the Bucks to 29 percent shooting.,qwen_medium,p0d_sent,18850.94
S009,4,2,29,83.0,83.0,NUMBER,29,"The sentence correctly states that the Lakers held the Bucks to 29 percent shooting from three-point range, but it is misleading as it does not specify the type of shooting (three-point).",qwen_medium,p0d_sent,18850.94
S009,5,1,have now won four of their last five games,101.0,109.0,CONTEXT,,"The sentence suggests the Lakers have won four of their last five games, but the box score and season schedule do not support this claim.",qwen_medium,p0d_sent,18850.94
S009,6,1,D'Angelo Russell,117.0,118.0,CONTEXT,Giannis Antetokounmpo,D'Angelo Russell did not tally 41 points; Giannis Antetokounmpo did.,qwen_medium,p0d_sent,18850.94
S009,6,2,41,129.0,129.0,NUMBER,14,"D'Angelo Russell scored 14 points, not 41.",qwen_medium,p0d_sent,18850.94
S009,6,3,three,132.0,132.0,NUMBER,3,"D'Angelo Russell had 3 rebounds, which is correct.",qwen_medium,p0d_sent,18850.94
S009,6,4,five,108.0,108.0,NUMBER,5,"D'Angelo Russell had 5 assists, which is correct.",qwen_medium,p0d_sent,18850.94
S009,7,1,Luol Deng,145.0,146.0,CONTEXT,,"Luol Deng did not play in this game, so mentioning him as a scorer is misleading.",qwen_medium,p0d_sent,18850.94
S009,7,2,26,156.0,156.0,NUMBER,0,Luol Deng did not score 26 points; he did not play in this game.,qwen_medium,p0d_sent,18850.94
S009,7,3,three,132.0,132.0,NUMBER,0,Luol Deng did not get three rebounds; he did not play in this game.,qwen_medium,p0d_sent,18850.94
S009,7,4,two,26.0,26.0,NUMBER,0,Luol Deng did not get two assists; he did not play in this game.,qwen_medium,p0d_sent,18850.94
S009,8,1,D'Angelo Russell,117.0,118.0,CONTEXT,,"D'Angelo Russell was not the only other starter in double figures. According to the box score, Julius Randle also scored 15 points.",qwen_medium,p0d_sent,18850.94
S009,9,1,New Orleans Pelicans,199.0,201.0,CONTEXT,Sacramento Kings,"The sentence states that the Lakers will play the New Orleans Pelicans next, but according to the provided data, they are scheduled to play the Sacramento Kings.",qwen_medium,p0d_sent,18850.94
S009,9,2,Sunday,203.0,203.0,NAME,Tuesday,"The sentence states that the next game is on Sunday, but according to the provided data, the Lakers are scheduled to play on Tuesday.",qwen_medium,p0d_sent,18850.94
S009,10,1,three,132.0,132.0,NUMBER,two,"The Bucks have lost two of their last five games, not three.",qwen_medium,p0d_sent,18850.94
S009,11,1,six,245.0,245.0,NUMBER,five,"Giannis Antetokounmpo had 41 points, 8 rebounds, and 6 assists, but the sentence incorrectly states he had six assists.",qwen_medium,p0d_sent,18850.94
S009,12,1,second,67.0,67.0,WORD,third,"Khris Middleton was the third leading scorer for the Bucks, not the second.",qwen_medium,p0d_sent,18850.94
S009,13,1,Greg Monroe,268.0,269.0,CONTEXT,,Greg Monroe did not start the game; he came off the bench.,qwen_medium,p0d_sent,18850.94
S009,13,2,18,259.0,259.0,NUMBER,8,"Greg Monroe scored 8 points, not 18.",qwen_medium,p0d_sent,18850.94
S009,14,1,Orlando Magic,307.0,308.0,CONTEXT,Indiana Pacers,"The sentence states that Milwaukee will play against the Orlando Magic, but according to the provided box score and schedule, the next game for the Bucks is against the Indiana Pacers.",qwen_medium,p0d_sent,18850.94
S010,1,1,Friday,18.0,18.0,NAME,January 4,"The game was played on January 4, 2017.",qwen_medium,p0d_sent,18850.94
S010,2,1,huge,36.0,36.0,WORD,,"The term 'huge' is subjective and not supported by the box score data, which shows a 19-point win, which is significant but not necessarily 'huge'.",qwen_medium,p0d_sent,18850.94
S010,3,1,11,45.0,45.0,NUMBER,19,"The maximum lead was 19 points, not 11.",qwen_medium,p0d_sent,18850.94
S010,4,1,53,81.0,81.0,NUMBER,32,"Orlando's three-point percentage was 32%, not 53%.",qwen_medium,p0d_sent,18850.94
S010,5,1,27,101.0,101.0,NUMBER,39,"The Hawks recorded 39 assists, not 27.",qwen_medium,p0d_sent,18850.94
S010,5,2,12,104.0,104.0,NUMBER,12,"The Hawks committed 12 turnovers, which is correct.",qwen_medium,p0d_sent,18850.94
S010,5,3,17,111.0,111.0,NUMBER,17,"The Magic committed 17 turnovers, which is correct.",qwen_medium,p0d_sent,18850.94
S010,5,4,19,115.0,115.0,NUMBER,19,"The Magic recorded 19 assists, which is correct.",qwen_medium,p0d_sent,18850.94
S010,6,1,Eflrid,,,NAME,Elfrid,"The player's name is Elfrid Payton, not Eflrid Payton.",qwen_medium,p0d_sent,18850.94
S010,7,1,Eflrid,,,NAME,Elfrid,"The player's name is Elfrid Payton, not Eflrid Payton.",qwen_medium,p0d_sent,18850.94
S010,8,1,Eflrid,,,NAME,Elfrid,"The player's name is Elfrid, not Eflrid.",qwen_medium,p0d_sent,18850.94
S010,9,1,Eflrid,,,NAME,Elfrid,"The player's name is Elfrid, not Eflrid.",qwen_medium,p0d_sent,18850.94
S010,10,1,Eflrid,,,NAME,Elfrid,"The player's name is Elfrid Payton, not Eflrid Payton.",qwen_medium,p0d_sent,18850.94
S010,11,1,Eflrid,,,NAME,Elfrid,"The player's name is Elfrid Payton, not Eflrid Payton.",qwen_medium,p0d_sent,18850.94
S010,12,1,Nikola Vucevic,240.0,241.0,CONTEXT,,Vucevic did not have the best performance in the game; Dennis Schroeder was the player of the game.,qwen_medium,p0d_sent,18850.94
S010,12,2,10,252.0,252.0,NUMBER,15,"Vucevic scored 15 points, not 10.",qwen_medium,p0d_sent,18850.94
S010,13,1,one,275.0,275.0,NUMBER,1,"Evan Fournier had 1 rebound, which is correct.",qwen_medium,p0d_sent,18850.94
S010,13,2,one,275.0,275.0,NUMBER,1,"Evan Fournier had 1 assist, which is correct.",qwen_medium,p0d_sent,18850.94
S010,14,1,10,252.0,252.0,NUMBER,6,"Nikola Vucevic had 6 rebounds, not 10.",qwen_medium,p0d_sent,18850.94
S010,15,1,one,275.0,275.0,NUMBER,1,"Evan Fournier had 1 rebound, which is correct, but the sentence implies he had only one rebound, which is misleading given his usual performance.",qwen_medium,p0d_sent,18850.94
S010,16,1,Orlando,7.0,7.0,CONTEXT,,"The sentence suggests Orlando is playing at home against the Raptors, but the provided box score data is for a game between the Magic (Orlando) and the Hawks (Atlanta). This creates a context mistake as it implies a different game.",qwen_medium,p0d_sent,18850.94
S011,1,1,Tuesday,22.0,22.0,NAME,Wednesday,The game was played on Wednesday.,qwen_medium,p0d_sent,18850.94
S011,2,1,18,48.0,48.0,NUMBER,18,"The Wizards scored 18 points in the first quarter, which matches the box score.",qwen_medium,p0d_sent,18850.94
S011,3,1,28 - 18,65.0,67.0,NUMBER,18 - 28,"The Hawks outscored the Wizards 18-28 in the third quarter, not 28-18.",qwen_medium,p0d_sent,18850.94
S011,3,2,coast to a victory,79.0,82.0,WORD,struggle to a loss,The Wizards did not coast to a victory; they struggled and lost the game.,qwen_medium,p0d_sent,18850.94
S011,3,3,in front of their home crowd,83.0,88.0,WORD,on the road,"The game was played in Atlanta, not in Washington, so the Wizards were not playing in front of their home crowd.",qwen_medium,p0d_sent,18850.94
S011,4,1,44,99.0,99.0,NUMBER,48,"The Hawks shot 48% from the three-point line, not 44%.",qwen_medium,p0d_sent,18850.94
S011,5,1,14,135.0,135.0,NUMBER,12,"The Wizards committed 12 turnovers, not 14.",qwen_medium,p0d_sent,18850.94
S011,5,2,12,141.0,141.0,NUMBER,14,"The Hawks committed 14 turnovers, not 12.",qwen_medium,p0d_sent,18850.94
S011,6,1,John Wall,154.0,155.0,CONTEXT,,"John Wall plays for the Wizards, not the Hawks. Mentioning him as leading the Hawks is misleading.",qwen_medium,p0d_sent,18850.94
S011,6,2,Bradley Beal,157.0,158.0,CONTEXT,,"Bradley Beal plays for the Wizards, not the Hawks. Mentioning him as leading the Hawks is misleading.",qwen_medium,p0d_sent,18850.94
S011,7,1,9 - for - 15,162.0,166.0,NUMBER,9-of-14,"John Wall went 9-of-14 from the field, not 9-of-15.",qwen_medium,p0d_sent,18850.94
S011,7,2,3 - for - 5,171.0,175.0,NUMBER,3-of-4,"John Wall went 3-of-4 from the three-point line, not 3-of-5.",qwen_medium,p0d_sent,18850.94
S011,7,3,seven,199.0,199.0,NUMBER,1,"John Wall had 1 rebound, not seven.",qwen_medium,p0d_sent,18850.94
S011,8,1,54,218.0,218.0,NUMBER,44,"According to the box score, Al Horford scored 21 points in this game, and in the previous game he scored 23 points, totaling 44 points over the last two games.",qwen_medium,p0d_sent,18850.94
S011,8,2,14,135.0,135.0,NUMBER,13,"According to the box score, Al Horford had 13 rebounds in this game, and in the previous game he had 7 rebounds, totaling 20 rebounds over the last two games.",qwen_medium,p0d_sent,18850.94
S011,9,1,11,242.0,242.0,NUMBER,14,"Paul Millsap actually scored 14 points, not 11.",qwen_medium,p0d_sent,18850.94
S011,9,2,4 - 7,245.0,247.0,NUMBER,4-10,"Paul Millsap's field goal attempts were 4-10, not 4-7.",qwen_medium,p0d_sent,18850.94
S011,9,3,2 - 3,250.0,252.0,NUMBER,2-5,"Paul Millsap's three-point attempts were 2-5, not 2-3.",qwen_medium,p0d_sent,18850.94
S011,10,1,21,281.0,281.0,NUMBER,20,"Al Horford scored 21 points in this game, not 20.",qwen_medium,p0d_sent,18850.94
S011,10,2,12,141.0,141.0,NUMBER,13,"Al Horford had 13 rebounds in this game, not 12.",qwen_medium,p0d_sent,18850.94
S011,11,1,8,303.0,303.0,NUMBER,9,"Bradley Beal made 9 field goals, not 8.",qwen_medium,p0d_sent,18850.94
S011,11,2,19,16.0,16.0,NUMBER,15,"Bradley Beal attempted 15 field goals, not 19.",qwen_medium,p0d_sent,18850.94
S011,11,3,0 - 4,308.0,310.0,NUMBER,3 - 7,"Bradley Beal made 3 of 7 three-point attempts, not 0 of 4.",qwen_medium,p0d_sent,18850.94
S011,11,4,7 - 10,313.0,315.0,NUMBER,4 - 5,"Bradley Beal made 4 of 5 free throw attempts, not 7 of 10.",qwen_medium,p0d_sent,18850.94
S011,11,5,8,303.0,303.0,NUMBER,2,"Bradley Beal recorded 2 rebounds, not 8.",qwen_medium,p0d_sent,18850.94
S011,12,1,16,326.0,326.0,NUMBER,26,"The sentence states that the player is averaging 16 points, but according to the box score, Jeff Teague scored 26 points in this game.",qwen_medium,p0d_sent,18850.94
S011,12,2,6,329.0,329.0,NUMBER,6,"The sentence states that the player is averaging 6 rebounds, but according to the box score, Jeff Teague had 0 rebounds in this game. However, since the sentence is about the season average, this is a context mistake.",qwen_medium,p0d_sent,18850.94
S011,13,1,10 - 24,355.0,357.0,NUMBER,10 - 24,"Al Horford's field goal percentage is correct, but the field goal attempts are incorrect. He actually went 10-24.",qwen_medium,p0d_sent,18850.94
S011,13,2,0 - 1,360.0,362.0,NUMBER,0 - 1,"Al Horford's three-point field goal attempts are correct, but the three-point field goals made are incorrect. He actually went 0-1.",qwen_medium,p0d_sent,18850.94
S011,13,3,1 - 1,365.0,367.0,NUMBER,1 - 1,"Al Horford's free throw attempts and makes are correct, but the free throws made are incorrect. He actually went 1-1.",qwen_medium,p0d_sent,18850.94
S011,14,1,New Orleans Pelicans,390.0,392.0,CONTEXT,,"The Hawks' next game is against the Golden State Warriors, not the New Orleans Pelicans.",qwen_medium,p0d_sent,18850.94
S011,14,2,Cleveland Cavaliers,405.0,406.0,CONTEXT,,"The Wizards' next game is against the Charlotte Hornets, not the Cleveland Cavaliers.",qwen_medium,p0d_sent,18850.94
S012,1,1,Friday,19.0,19.0,NAME,Saturday,"The game was played on Saturday, not Friday.",qwen_medium,p0d_sent,18850.94
S012,2,1,21 - 25,25.0,27.0,NUMBER,15 - 32,"The Suns' record is 15-32, not 21-25.",qwen_medium,p0d_sent,18850.94
S012,2,2,21 - 25,25.0,27.0,NUMBER,21 - 25,"The Nuggets' record is 21-25, not 21-25 for the Suns.",qwen_medium,p0d_sent,18850.94
S012,3,1,six,106.0,106.0,NUMBER,five,"Five players, not six, scored in double digits for Denver.",qwen_medium,p0d_sent,18850.94
S012,3,2,eight,78.0,78.0,NUMBER,7,"Danilo Gallinari had 7 rebounds, not eight.",qwen_medium,p0d_sent,18850.94
S012,3,3,one,81.0,81.0,NUMBER,1,"Danilo Gallinari had 1 assist, which is correct, but the original sentence already states this correctly.",qwen_medium,p0d_sent,18850.94
S012,4,1,15,89.0,89.0,NUMBER,15,"Gary Harris actually scored 15 points, so this is correct.",qwen_medium,p0d_sent,18850.94
S012,4,2,seven,92.0,92.0,NUMBER,7,"Gary Harris actually had 7 rebounds, so this is correct.",qwen_medium,p0d_sent,18850.94
S012,4,3,four,95.0,95.0,NUMBER,4,"Gary Harris actually had 4 assists, so this is correct.",qwen_medium,p0d_sent,18850.94
S012,4,4,two,98.0,98.0,NUMBER,2,"Gary Harris actually had 2 steals, so this is correct.",qwen_medium,p0d_sent,18850.94
S012,4,5,six,106.0,106.0,NUMBER,6,"Wilson Chandler actually scored 6 points, so this is correct.",qwen_medium,p0d_sent,18850.94
S012,4,6,three,109.0,109.0,NUMBER,3,"Wilson Chandler actually had 3 rebounds, so this is correct.",qwen_medium,p0d_sent,18850.94
S012,4,7,one,81.0,81.0,NUMBER,1,"Wilson Chandler actually had 1 steal, so this is correct.",qwen_medium,p0d_sent,18850.94
S012,5,1,three,109.0,109.0,NUMBER,6,"Jameer Nelson had 6 rebounds, not 3.",qwen_medium,p0d_sent,18850.94
S012,6,1,six,106.0,106.0,NUMBER,3,"Jameer Nelson had 3 assists, not 6.",qwen_medium,p0d_sent,18850.94
S012,7,1,The Nuggets,22.0,23.0,CONTEXT,The Suns,"The sentence incorrectly states that the Nuggets were led by Devin Booker, who actually plays for the Suns.",qwen_medium,p0d_sent,18850.94
S012,7,2,15 - 32,161.0,163.0,NUMBER,21 - 25,"The record for the Nuggets is 21-25, not 15-32.",qwen_medium,p0d_sent,18850.94
S012,8,1,"Tyson Chandler finished with 15 points , 12 rebounds and two steals ,",188.0,200.0,CONTEXT,,"This part of the sentence is repeated, making the entire sentence redundant.",qwen_medium,p0d_sent,18850.94
S012,9,1,two,98.0,98.0,NUMBER,1,"Tyson Chandler recorded 1 steal, not 2.",qwen_medium,p0d_sent,18850.94
S012,10,1,Phoenix Suns,6.0,7.0,CONTEXT,,The Suns cannot host themselves; this is a context mistake.,qwen_medium,p0d_sent,18850.94
S012,10,2,Friday,19.0,19.0,NAME,Monday,"The Suns are scheduled to host the Grizzlies on Monday, not Friday.",qwen_medium,p0d_sent,18850.94
S013,1,1,Wednesday,22.0,22.0,NAME,Saturday,The game was played on Saturday.,qwen_medium,p0d_sent,18850.94
S013,1,2,Quicken Loans Arena,25.0,27.0,NAME,Quicken Loans Arena,"The game was played at Quicken Loans Arena, but the full name should be used for clarity.",qwen_medium,p0d_sent,18850.94
S013,2,1,31 - 19,45.0,47.0,NUMBER,55 - 32,"The Cavaliers out-scored the Magic 55-32 in the first half, not 31-19.",qwen_medium,p0d_sent,18850.94
S013,3,1,Kyrie Irving,58.0,59.0,CONTEXT,,Kyrie Irving did not play for the Magic; he played for the Cavaliers.,qwen_medium,p0d_sent,18850.94
S013,3,2,13,64.0,64.0,NUMBER,11,"Aaron Gordon scored 11 points, not 13.",qwen_medium,p0d_sent,18850.94
S013,3,3,4 - 12 FG,67.0,70.0,NUMBER,5 - 10 FG,"Aaron Gordon shot 5-10 from the field, not 4-12.",qwen_medium,p0d_sent,18850.94
S013,3,4,0 - 4 3Pt,72.0,75.0,NUMBER,1 - 2 3Pt,"Aaron Gordon shot 1-2 from three-point range, not 0-4.",qwen_medium,p0d_sent,18850.94
S013,3,5,5 - 7 FT,77.0,80.0,NUMBER,6 - 6 FT,"Aaron Gordon shot 6-6 from the free-throw line, not 5-7.",qwen_medium,p0d_sent,18850.94
S013,3,6,two,86.0,86.0,NUMBER,one,"Aaron Gordon had one rebound, not two.",qwen_medium,p0d_sent,18850.94
S013,4,1,11 - 18,98.0,100.0,NUMBER,11 - 18,"LeBron James shot 11-18 from the field, which is correct.",qwen_medium,p0d_sent,18850.94
S013,4,2,4 - 7,103.0,105.0,NUMBER,4 - 7,"LeBron James shot 4-7 from three-point range, which is correct.",qwen_medium,p0d_sent,18850.94
S013,4,3,3 - 4,108.0,110.0,NUMBER,3 - 4,"LeBron James shot 3-4 from the free-throw line, which is correct.",qwen_medium,p0d_sent,18850.94
S013,4,4,29,95.0,95.0,NUMBER,29,"LeBron James scored 29 points, which is correct.",qwen_medium,p0d_sent,18850.94
S013,4,5,five,83.0,83.0,NUMBER,5,"LeBron James had 5 rebounds, which is correct.",qwen_medium,p0d_sent,18850.94
S013,4,6,three,119.0,119.0,NUMBER,3,"LeBron James had 3 assists, which is correct.",qwen_medium,p0d_sent,18850.94
S013,4,7,two,86.0,86.0,NUMBER,2,"LeBron James had 2 steals, which is correct.",qwen_medium,p0d_sent,18850.94
S013,4,8,29,95.0,95.0,NUMBER,29,"LeBron James played 29 minutes, which is correct.",qwen_medium,p0d_sent,18850.94
S013,5,1,2 - 5,136.0,138.0,NUMBER,2 - 11,"Kevin Love's field goal percentage was 2-11, not 2-5.",qwen_medium,p0d_sent,18850.94
S013,5,2,1 - 2,141.0,143.0,NUMBER,1 - 4,"Kevin Love's three-point field goal percentage was 1-4, not 1-2.",qwen_medium,p0d_sent,18850.94
S013,5,3,5 - 8,146.0,148.0,NUMBER,5 - 8,"Kevin Love's free throw percentage was 5-8, which is correct.",qwen_medium,p0d_sent,18850.94
S013,6,1,0 - 4 3Pt,,,NUMBER,0 - 2 3Pt,"Nikola Vucevic attempted 2 three-point shots, not 4.",qwen_medium,p0d_sent,18850.94
S013,6,2,five assists,,,NUMBER,two assists,"Nikola Vucevic recorded 2 assists, not 5.",qwen_medium,p0d_sent,18850.94
S013,7,1,29,95.0,95.0,NUMBER,26,"Aaron Gordon played 26 minutes, not 29.",qwen_medium,p0d_sent,18850.94
S013,7,2,5 - 10 FG,206.0,209.0,NUMBER,4 - 5 FG,"Aaron Gordon shot 4-5 from the field, not 5-10.",qwen_medium,p0d_sent,18850.94
S013,7,3,1 - 2 3Pt,141.0,144.0,NUMBER,1 - 2 3Pt,"Aaron Gordon shot 1-2 from three-point range, which is correct.",qwen_medium,p0d_sent,18850.94
S013,7,4,2 - 2 FT,216.0,219.0,NUMBER,1 - 2 FT,"Aaron Gordon shot 1-2 from the free-throw line, not 2-2.",qwen_medium,p0d_sent,18850.94
S013,8,1,5 - 7 FT,,,NUMBER,0 - 0 FT,Nikola Vucevic did not attempt any free throws and thus did not make any.,qwen_medium,p0d_sent,18850.94
S013,8,2,five assists,83.0,84.0,NUMBER,0 assists,"Nikola Vucevic recorded 0 assists, not five.",qwen_medium,p0d_sent,18850.94
S013,9,1,Magic,12.0,12.0,CONTEXT,,"The sentence states that the Magic will play host to the Magic, which is incorrect and confusing.",qwen_medium,p0d_sent,18850.94
S014,1,1,Friday,24.0,24.0,NAME,Saturday,The game was played on Saturday.,qwen_medium,p0d_sent,18850.94
S014,2,1,,1.0,0.0,,,The sentence is correct according to the provided box score data.,qwen_medium,p0d_sent,18850.94
S014,3,1,40,78.0,78.0,NUMBER,43,"The Trail Blazers shot 43% from the three-point line, not 40%.",qwen_medium,p0d_sent,18850.94
S014,3,2,30,98.0,98.0,NUMBER,33,"The Lakers shot 33% from the three-point line, not 30%.",qwen_medium,p0d_sent,18850.94
S014,4,1,,1.0,0.0,,,The sentence is correct according to the provided box score data.,qwen_medium,p0d_sent,18850.94
S014,5,1,9 - 19,,,NUMBER,9 - 19,"Lillard actually went 9 - 19 from the field, which is correct.",qwen_medium,p0d_sent,18850.94
S014,5,2,5 - 11,,,NUMBER,5 - 11,"Lillard actually went 5 - 11 from the three-point line, which is correct.",qwen_medium,p0d_sent,18850.94
S014,6,1,37,160.0,160.0,NUMBER,37,"The sentence states '37 points over his last two games', but the box score provided does not cover the last two games of the player. Without additional data, this cannot be verified or corrected.",qwen_medium,p0d_sent,18850.94
S014,7,1,12 - 20,,,NUMBER,19 - 20,"Lillard shot 19 - 20 from the field, not 12 - 20.",qwen_medium,p0d_sent,18850.94
S014,8,1,56,225.0,225.0,NUMBER,47,"The combined points over the last two games is 47, not 56.",qwen_medium,p0d_sent,18850.94
S014,8,2,22,228.0,228.0,NUMBER,18,"The combined rebounds over the last two games is 18, not 22.",qwen_medium,p0d_sent,18850.94
S014,9,1,off the bench,252.0,254.0,WORD,as a starter,Kobe Bryant started the game.,qwen_medium,p0d_sent,18850.94
S014,10,1,far - and - away,283.0,287.0,WORD,,The phrase 'far and away' is unnecessary and does not add factual value to the sentence.,qwen_medium,p0d_sent,18850.94
S014,10,2,his,163.0,163.0,WORD,Kobe Bryant's,The sentence lacks specificity about whose game is being described.,qwen_medium,p0d_sent,18850.94
S014,10,3,best game,289.0,290.0,WORD,highest-scoring game,"The sentence implies it was the best game overall, but the context suggests it was just the highest-scoring game.",qwen_medium,p0d_sent,18850.94
S014,11,1,two,165.0,165.0,NUMBER,4,"Clarkson had 4 assists, not 2.",qwen_medium,p0d_sent,18850.94
S014,12,1,20,189.0,189.0,NUMBER,21,Kobe Bryant's 21 points is the first time he surpassed the 20-point mark this season.,qwen_medium,p0d_sent,18850.94
S014,13,1,strong,214.0,214.0,WORD,,"The sentence suggests the Lakers had strong contributions off the bench, but the box score does not indicate significant bench contributions.",qwen_medium,p0d_sent,18850.94
S014,14,1,Jordan Clarkson led the way,392.0,396.0,CONTEXT,,"The sentence incorrectly states that Jordan Clarkson led the way, which is misleading since the story already mentioned that Kobe Bryant led the Lakers in scoring.",qwen_medium,p0d_sent,18850.94
S014,14,2,"(8 - 15 FG , 2 - 5 3Pt , 1 - 2 FT)",,,NUMBER,"(8 - 15 FG, 2 - 5 3Pt, 1 - 2 FT)","The shot statistics for Jordan Clarkson are correct, but the repetition is unnecessary and misleading.",qwen_medium,p0d_sent,18850.94
S014,15,1,Portland Trail Blazers,2.0,4.0,CONTEXT,,The sentence incorrectly states that the Trail Blazers will play against themselves. The correct opponent should be specified.,qwen_medium,p0d_sent,18850.94
S014,15,2,Friday,24.0,24.0,NAME,Monday,"The next game for the Trail Blazers is on Monday, not Friday.",qwen_medium,p0d_sent,18850.94
S015,1,1,Wednesday,22.0,22.0,NAME,Friday,The game was played on Friday.,qwen_medium,p0d_sent,18850.94
S015,2,1,64 - 52,47.0,49.0,NUMBER,27 - 25,"The Raptors scored 27 points in the first quarter and the Heat scored 25 points in the first quarter, making the halftime score 52 - 50, not 64 - 52.",qwen_medium,p0d_sent,18850.94
S015,3,1,50 - 38,66.0,68.0,NUMBER,58 - 39,"The Raptors outscored the Heat 58 - 39 in the second half, not 50 - 38.",qwen_medium,p0d_sent,18850.94
S015,3,2,coast to an easy victory,77.0,81.0,WORD,,"The victory was not described as easy in the original summary, and the term 'coast to an easy victory' is misleading given the close first half.",qwen_medium,p0d_sent,18850.94
S015,4,1,8 - 18,103.0,105.0,NUMBER,8 - 16,"Kyle Lowry's field goal attempts were 8-16, not 8-18.",qwen_medium,p0d_sent,18850.94
S015,4,2,1 - 4,108.0,110.0,NUMBER,1 - 2,"Kyle Lowry's three-point field goal attempts were 1-2, not 1-4.",qwen_medium,p0d_sent,18850.94
S015,5,1,0 - 1,140.0,142.0,NUMBER,5 - 8,"DeMar DeRozan made 5 of 8 three-point attempts, not 0 of 1.",qwen_medium,p0d_sent,18850.94
S015,6,1,DeMarre Carroll,160.0,161.0,CONTEXT,,DeMarre Carroll did not play in this game due to a knee contusion.,qwen_medium,p0d_sent,18850.94
S015,6,2,13,147.0,147.0,NUMBER,0,DeMarre Carroll did not score any points in this game.,qwen_medium,p0d_sent,18850.94
S015,6,3,5 - 9 FG,168.0,171.0,NUMBER,0 - 0 FG,DeMarre Carroll did not attempt any field goals in this game.,qwen_medium,p0d_sent,18850.94
S015,6,4,1 - 2 3Pt,173.0,176.0,NUMBER,0 - 0 3Pt,DeMarre Carroll did not attempt any three-point shots in this game.,qwen_medium,p0d_sent,18850.94
S015,6,5,2 - 2 FT,178.0,181.0,NUMBER,0 - 0 FT,DeMarre Carroll did not attempt any free throws in this game.,qwen_medium,p0d_sent,18850.94
S015,6,6,five assists,184.0,185.0,NUMBER,0 assists,DeMarre Carroll did not record any assists in this game.,qwen_medium,p0d_sent,18850.94
S015,7,1,some,228.0,228.0,WORD,several,"The sentence suggests 'some' contributions, but based on the box score, there were significant contributions from multiple bench players, suggesting 'several' would be more accurate.",qwen_medium,p0d_sent,18850.94
S015,8,1,7 - 15,199.0,201.0,NUMBER,7 - 15,Gerald Green's field goal attempts were correctly stated as 7-15.,qwen_medium,p0d_sent,18850.94
S015,8,2,5 - 10,204.0,206.0,NUMBER,5 - 10,Gerald Green's three-point field goal attempts were correctly stated as 5-10.,qwen_medium,p0d_sent,18850.94
S015,8,3,1 - 1,209.0,211.0,NUMBER,2 - 2,Gerald Green's free throw attempts and makes were incorrectly stated as 1-1; the correct stats are 2-2.,qwen_medium,p0d_sent,18850.94
S015,9,1,Cleveland,287.0,287.0,NAME,Portland,"The Heat are scheduled to play the Trail Blazers, not the Cavaliers.",qwen_medium,p0d_sent,18850.94
S015,9,2,Cavaliers,292.0,292.0,NAME,Trail Blazers,"The Heat are scheduled to play the Trail Blazers, not the Cavaliers.",qwen_medium,p0d_sent,18850.94
S015,10,1,three,301.0,301.0,NUMBER,one,"The Heat lost only one game, not three, according to the box score.",qwen_medium,p0d_sent,18850.94
S015,11,1,20,196.0,196.0,NUMBER,8,"Hassan Whiteside scored 8 points, not 20.",qwen_medium,p0d_sent,18850.94
S015,11,2,7 - 15 FG,199.0,202.0,NUMBER,4 - 6 FG,"Hassan Whiteside shot 4 - 6 from the field, not 7 - 15.",qwen_medium,p0d_sent,18850.94
S015,11,3,5 - 10 3Pt,204.0,207.0,NUMBER,0 - 0 3Pt,"Hassan Whiteside did not make any 3-point shots, not 5 - 10.",qwen_medium,p0d_sent,18850.94
S015,11,4,1 - 1 FT,209.0,212.0,NUMBER,0 - 0 FT,"Hassan Whiteside did not make any free throws, not 1 - 1.",qwen_medium,p0d_sent,18850.94
S015,12,1,37,345.0,345.0,NUMBER,41,"Based on the provided box score, the sum of points from the last two games for the player in question is 41, not 37.",qwen_medium,p0d_sent,18850.94
S015,13,1,Timberwolves,380.0,380.0,NAME,Trail Blazers,"The next game for Miami is against the Trail Blazers, not the Timberwolves.",qwen_medium,p0d_sent,18850.94
S016,1,1,Friday,25.0,25.0,NAME,Thursday,The game was played on Thursday.,qwen_medium,p0d_sent,18850.94
S016,2,1,29 - 8,57.0,59.0,NUMBER,31 - 21,"The Thunder outscored the Jazz 31-21 in the third quarter, not 29-8.",qwen_medium,p0d_sent,18850.94
S016,3,1,Jazz,14.0,14.0,WORD,Thunder,"The sentence incorrectly states that the Jazz out-scored the Jazz, which is illogical.",qwen_medium,p0d_sent,18850.94
S016,3,2,29 - 8,57.0,59.0,NUMBER,31 - 21,The Jazz did not out-score the Thunder 29 - 8 in the third quarter; the Thunder out-scored the Jazz 31 - 21 in the third quarter.,qwen_medium,p0d_sent,18850.94
S016,3,3,59 - 42,99.0,101.0,NUMBER,55 - 44,The Thunder did not out-score the Jazz 59 - 42 in the second and third quarters; they out-scored the Jazz 55 - 44 in those quarters.,qwen_medium,p0d_sent,18850.94
S016,3,4,24 - 2,109.0,111.0,NUMBER,21 - 0,The Thunder did not tie the game on a 24 - 2 run; they had a 21 - point lead heading into the fourth quarter.,qwen_medium,p0d_sent,18850.94
S016,4,1,15,128.0,128.0,NUMBER,15,"Westbrook actually scored 15 points, but this is not a game-high. The game-high scorer was Kevin Durant with 20 points.",qwen_medium,p0d_sent,18850.94
S016,4,2,6 - 15 FG,131.0,134.0,NUMBER,6-15,"Westbrook's field goal percentage is correct, but the specific shots made and attempted are not highlighted as a mistake since they match the box score.",qwen_medium,p0d_sent,18850.94
S016,4,3,1 - 3 3Pt,136.0,139.0,NUMBER,1-3,Westbrook's three-point shooting is correct according to the box score.,qwen_medium,p0d_sent,18850.94
S016,4,4,2 - 3 FT,141.0,144.0,NUMBER,2-3,Westbrook's free throw shooting is correct according to the box score.,qwen_medium,p0d_sent,18850.94
S016,5,1,7 - 11,170.0,172.0,NUMBER,7 - 11,Kevin Durant's field goal attempts were correctly stated as 7 - 11.,qwen_medium,p0d_sent,18850.94
S016,5,2,2 - 4,175.0,177.0,NUMBER,2 - 4,Kevin Durant's three-point field goal attempts were correctly stated as 2 - 4.,qwen_medium,p0d_sent,18850.94
S016,5,3,4 - 5,180.0,182.0,NUMBER,4 - 5,Kevin Durant's free throw attempts were correctly stated as 4 - 5.,qwen_medium,p0d_sent,18850.94
S016,5,4,30,199.0,199.0,NUMBER,29,"Kevin Durant played 29 minutes, not 30.",qwen_medium,p0d_sent,18850.94
S016,5,5,8 - 16,210.0,212.0,NUMBER,8 - 16,Dion Waiters' field goal attempts were correctly stated as 8 - 16.,qwen_medium,p0d_sent,18850.94
S016,5,6,1 - 4,215.0,217.0,NUMBER,1 - 4,Dion Waiters' three-point field goal attempts were correctly stated as 1 - 4.,qwen_medium,p0d_sent,18850.94
S016,5,7,29,57.0,57.0,NUMBER,29,"Dion Waiters played 29 minutes, which is correct.",qwen_medium,p0d_sent,18850.94
S016,6,1,2 - 3 3Pt,,,NUMBER,0 - 3 3Pt,"Derrick Favors made 0 of 3 three-point attempts, not 1 of 4.",qwen_medium,p0d_sent,18850.94
S016,6,2,29,57.0,57.0,NUMBER,23,"Derrick Favors played 23 minutes, not 29.",qwen_medium,p0d_sent,18850.94
S016,7,1,six,237.0,237.0,NUMBER,five,"The Jazz had five players score in double figures, not six.",qwen_medium,p0d_sent,18850.94
S016,8,1,six,237.0,237.0,NUMBER,6,"Hayward actually scored 6 points, not six.",qwen_medium,p0d_sent,18850.94
S016,8,2,2 - 6,240.0,242.0,NUMBER,2-6,Hayward's field goal attempts were correctly stated as 2-6.,qwen_medium,p0d_sent,18850.94
S016,8,3,0 - 3,245.0,247.0,NUMBER,0-3,Hayward's three-point attempts were correctly stated as 0-3.,qwen_medium,p0d_sent,18850.94
S016,8,4,2 - 2,250.0,252.0,NUMBER,2-2,Hayward's free throw attempts were correctly stated as 2-2.,qwen_medium,p0d_sent,18850.94
S016,8,5,five,256.0,256.0,NUMBER,5,"Hayward actually had 5 assists, not five.",qwen_medium,p0d_sent,18850.94
S016,8,6,two,192.0,192.0,NUMBER,2,"Hayward actually had 2 rebounds, not two.",qwen_medium,p0d_sent,18850.94
S016,8,7,37,18.0,18.0,NUMBER,23,"Hayward played 23 minutes, not 37.",qwen_medium,p0d_sent,18850.94
S016,9,1,30,199.0,199.0,NUMBER,22,"Derrick Favors played 22 minutes, not 30.",qwen_medium,p0d_sent,18850.94
S016,9,2,two rebounds,221.0,222.0,NUMBER,3 rebounds,"Derrick Favors had 3 rebounds, not 2.",qwen_medium,p0d_sent,18850.94
S016,10,1,six,237.0,237.0,NUMBER,five,"The Jazz had five players reach double figures in points, not six.",qwen_medium,p0d_sent,18850.94
S016,11,1,six,237.0,237.0,NUMBER,5,"Hayward actually had 5 points, not 6.",qwen_medium,p0d_sent,18850.94
S016,11,2,2 - 3 3Pt,,,NUMBER,0 - 3 3Pt,"Hayward made 0 of 3 three-point attempts, not 2 of 3.",qwen_medium,p0d_sent,18850.94
S016,11,3,two,192.0,192.0,NUMBER,0,"Hayward had 0 steals, not 2.",qwen_medium,p0d_sent,18850.94
S016,12,1,two,192.0,192.0,NUMBER,one,The Jazz lost only one game in a row according to the provided box score and context.,qwen_medium,p0d_sent,18850.94
S016,13,1,Grizzlies,446.0,446.0,NAME,Timberwolves,"The Jazz are scheduled to play the Minnesota Timberwolves, not the Grizzlies.",qwen_medium,p0d_sent,18850.94
S016,14,1,Tuesday,464.0,464.0,NAME,Saturday,"The next game is on Saturday, not Tuesday.",qwen_medium,p0d_sent,18850.94
S016,14,2,Denver,466.0,466.0,NAME,San Antonio,"The next game is against the San Antonio Spurs, not Denver.",qwen_medium,p0d_sent,18850.94
S017,1,1,Saturday,18.0,18.0,NAME,Tuesday,"The game was played on Tuesday, not Saturday.",qwen_medium,p0d_sent,18850.94
S017,2,1,Monday,31.0,31.0,NAME,Tuesday,"The game was played on Tuesday, not Monday.",qwen_medium,p0d_sent,18850.94
S017,2,2,Barclays Center,45.0,46.0,NAME,Quicken Loans Arena,"The game was played at Quicken Loans Arena, not Barclays Center.",qwen_medium,p0d_sent,18850.94
S017,2,3,33 - 34,52.0,54.0,NUMBER,44 - 22,"The Cavaliers' record was 44-22, not 33-34.",qwen_medium,p0d_sent,18850.94
S017,3,1,33 - 34,52.0,54.0,NUMBER,44 - 22,"The Cavaliers' record was 44-22, not 33-34.",qwen_medium,p0d_sent,18850.94
S017,3,2,Barclays Center,45.0,46.0,NAME,Quicken Loans Arena,"The Cavaliers play their home games at Quicken Loans Arena, not Barclays Center.",qwen_medium,p0d_sent,18850.94
S017,4,1,63,140.0,140.0,NUMBER,21,"The Pistons' three-point shooting percentage was 21%, not 63%.",qwen_medium,p0d_sent,18850.94
S017,5,1,Andre Drummond,164.0,165.0,CONTEXT,,"Andre Drummond played for the Pistons, not the Cavaliers.",qwen_medium,p0d_sent,18850.94
S017,5,2,modest,174.0,174.0,WORD,,Describing 8 points and 14 rebounds as a 'modest' stat line is misleading given the context of the game.,qwen_medium,p0d_sent,18850.94
S017,6,1,five,196.0,196.0,NUMBER,0,"Reggie Jackson had 0 rebounds, not 5.",qwen_medium,p0d_sent,18850.94
S017,7,1,three,143.0,143.0,NUMBER,2,"Kentavious Caldwell-Pope had 2 assists, not 3.",qwen_medium,p0d_sent,18850.94
S017,8,1,Marcus,223.0,223.0,NAME,Reggie,"The player who matched Morris's point total is Reggie Bullock, not Marcus Morris.",qwen_medium,p0d_sent,18850.94
S017,8,2,Morris,224.0,224.0,NAME,Bullock,"The player who matched Morris's point total is Reggie Bullock, not Marcus Morris.",qwen_medium,p0d_sent,18850.94
S017,9,1,productive,244.0,244.0,WORD,effective,The term 'productive' is not the best fit here; 'effective' would better describe his performance.,qwen_medium,p0d_sent,18850.94
S017,10,1,Richard Jefferson,264.0,265.0,NAME,Reggie Jefferson,"The player's name is Reggie Jefferson, not Richard Jefferson.",qwen_medium,p0d_sent,18850.94
S017,10,2,Richard Jefferson,264.0,265.0,NAME,Derrick Williams,"The player's name is Derrick Williams, not Richard Jefferson.",qwen_medium,p0d_sent,18850.94
S017,11,1,13,311.0,311.0,NUMBER,16,"Deron Williams scored 16 points, not 13.",qwen_medium,p0d_sent,18850.94
S017,11,2,a,131.0,131.0,NUMBER,0,"Deron Williams had 0 steals, not 1.",qwen_medium,p0d_sent,18850.94
S017,12,1,five boards,329.0,330.0,NUMBER,0 rebounds,"Kyle Korver had 0 rebounds, not five.",qwen_medium,p0d_sent,18850.94
S017,12,2,one steal,202.0,203.0,NUMBER,0 steals,"Kyle Korver had 0 steals, not one.",qwen_medium,p0d_sent,18850.94
S017,13,1,16,275.0,275.0,NUMBER,14,"Richard Jefferson scored 14 points, not 16.",qwen_medium,p0d_sent,18850.94
S017,14,1,Atlanta Hawks,365.0,366.0,NAME,Utah Jazz,"The Pistons are scheduled to play the Utah Jazz, not the Atlanta Hawks.",qwen_medium,p0d_sent,18850.94
S017,14,2,Friday,368.0,368.0,NAME,Wednesday,"The Pistons are scheduled to play the Utah Jazz on Wednesday, not Friday.",qwen_medium,p0d_sent,18850.94
S017,14,3,Philadelphia 76ers,379.0,380.0,NAME,Utah Jazz,"The Cavaliers are scheduled to play the Utah Jazz, not the Philadelphia 76ers.",qwen_medium,p0d_sent,18850.94
S017,14,4,Friday,368.0,368.0,NAME,Thursday,"The Cavaliers are scheduled to play the Utah Jazz on Thursday, not Friday.",qwen_medium,p0d_sent,18850.94
S018,1,1,Oracle Arena,26.0,27.0,NAME,Oracle Arena in Oakland,"The game was played at Oracle Arena in Oakland, not just Oracle Arena.",qwen_medium,p0d_sent,18850.94
S018,2,1,29,48.0,48.0,NUMBER,44,"The Warriors shot 44% from the three-point line, not 29%.",qwen_medium,p0d_sent,18850.94
S018,2,2,29,48.0,48.0,NUMBER,29,"The Clippers shot 29% from the three-point line, which is correct.",qwen_medium,p0d_sent,18850.94
S018,3,1,duo,81.0,81.0,WORD,pair,"The term 'duo' implies a specific partnership or collaboration, which is not necessarily accurate in this context. 'Pair' is more appropriate.",qwen_medium,p0d_sent,18850.94
S018,4,1,5 - 6,,,NUMBER,5 - 5,"Curry made 5 out of 6 free throws, not 5 out of 6.",qwen_medium,p0d_sent,18850.94
S018,5,1,39,137.0,137.0,NUMBER,45,"The combined points for the two games should be 45, not 39.",qwen_medium,p0d_sent,18850.94
S018,5,2,13,140.0,140.0,NUMBER,14,"The combined assists for the two games should be 14, not 13.",qwen_medium,p0d_sent,18850.94
S018,6,1,0 - 2 3Pt,,,NUMBER,1 - 2 3Pt,"Draymond Green made 1 three-point shot, not 0.",qwen_medium,p0d_sent,18850.94
S018,7,1,29,48.0,48.0,NUMBER,45,"The combined points for the two-game stretch is 45, not 29.",qwen_medium,p0d_sent,18850.94
S018,7,2,12,100.0,100.0,NUMBER,15,"The combined rebounds for the two-game stretch is 15, not 12.",qwen_medium,p0d_sent,18850.94
S018,8,1,3 - 11,211.0,213.0,NUMBER,3 - 11,"Harrison Barnes actually shot 3 - 11 from the field, which is correct.",qwen_medium,p0d_sent,18850.94
S018,8,2,2 - 4,216.0,218.0,NUMBER,2 - 4,"Harrison Barnes actually shot 2 - 4 from three-point range, which is correct.",qwen_medium,p0d_sent,18850.94
S018,8,3,3 - 4,221.0,223.0,NUMBER,3 - 4,"Harrison Barnes actually shot 3 - 4 from the free-throw line, which is correct.",qwen_medium,p0d_sent,18850.94
S018,9,1,Josh Smith,245.0,246.0,NAME,Austin Rivers,Josh Smith did not play in this game; Austin Rivers was the bench player who contributed.,qwen_medium,p0d_sent,18850.94
S018,9,2,both,244.0,244.0,WORD,,"Only one bench player, Austin Rivers, is mentioned as contributing significantly.",qwen_medium,p0d_sent,18850.94
S018,10,1,7 - 10,259.0,261.0,NUMBER,19 - 10,"DeAndre Jordan's field goal percentage was 19 - 10, not 7 - 10.",qwen_medium,p0d_sent,18850.94
S018,10,2,5 - 10,264.0,266.0,NUMBER,4 - 6,"DeAndre Jordan's free throw percentage was 4 - 6, not 5 - 10.",qwen_medium,p0d_sent,18850.94
S018,11,1,17,329.0,329.0,NUMBER,12,"The average points in the double-doubles is 12, not 17.",qwen_medium,p0d_sent,18850.94
S018,11,2,12,100.0,100.0,NUMBER,11,"The average rebounds in the double-doubles is 11, not 12.",qwen_medium,p0d_sent,18850.94
S018,12,1,4 - 11,,,NUMBER,4 - 10,"Jamal Crawford shot 4 for 10 from the field, not 4 for 11.",qwen_medium,p0d_sent,18850.94
S018,12,2,2 - 4,216.0,218.0,NUMBER,2 - 3,"Jamal Crawford shot 2 for 3 from the three-point line, not 2 for 4.",qwen_medium,p0d_sent,18850.94
S018,13,1,the Minnesota Timberwolves,408.0,410.0,CONTEXT,,"The sentence incorrectly states that the Clippers will play the Minnesota Timberwolves on Friday, but the previous part of the sentence already mentions the Portland Trail Blazers as their next opponent on Friday.",qwen_medium,p0d_sent,18850.94
S019,1,1,Saturday,18.0,18.0,NAME,Friday,"The game was played on Friday, not Saturday.",qwen_medium,p0d_sent,18850.94
S019,2,1,wire - to - wire,38.0,42.0,WORD,,The game was not a wire-to-wire win according to the box score.,qwen_medium,p0d_sent,18850.94
S019,3,1,30 - 16,65.0,67.0,NUMBER,30 - 25,"The Heat outscored the Pacers 30-25 in the third quarter, not 30-16.",qwen_medium,p0d_sent,18850.94
S019,4,1,16,67.0,67.0,NUMBER,21,"The Heat had 23 assists, not 16.",qwen_medium,p0d_sent,18850.94
S019,4,2,15,98.0,98.0,NUMBER,21,"The Pacers had 21 assists, not 15.",qwen_medium,p0d_sent,18850.94
S019,5,1,have now won five,112.0,115.0,WORD,have now lost five,"The sentence states that the Pacers have won five of their last six games, but the data indicates they are struggling and have been heading in the opposite direction.",qwen_medium,p0d_sent,18850.94
S019,5,2,five,115.0,115.0,NUMBER,lost five,"The sentence states that the Pacers have won five of their last six games, but the data indicates they have been struggling and have been heading in the opposite direction.",qwen_medium,p0d_sent,18850.94
S019,6,1,five,115.0,115.0,NUMBER,one,"Paul George had one rebound, not five.",qwen_medium,p0d_sent,18850.94
S019,7,1,three,161.0,161.0,NUMBER,two,"Jeff Teague had 3 rebounds, not 6.",qwen_medium,p0d_sent,18850.94
S019,7,2,six,119.0,119.0,NUMBER,5,"Jeff Teague had 5 assists, not 6.",qwen_medium,p0d_sent,18850.94
S019,8,1,13,181.0,181.0,NUMBER,2,"Thaddeus Young scored 2 points, not 13.",qwen_medium,p0d_sent,18850.94
S019,8,2,five,115.0,115.0,NUMBER,4,"Thaddeus Young had 4 rebounds, not 5.",qwen_medium,p0d_sent,18850.94
S019,8,3,four,187.0,187.0,NUMBER,3,"Thaddeus Young had 3 assists, not 4.",qwen_medium,p0d_sent,18850.94
S019,9,1,Friday,203.0,203.0,NAME,Monday,"The game is scheduled for Monday, not Friday.",qwen_medium,p0d_sent,18850.94
S019,10,1,four,187.0,187.0,NUMBER,14,"The Heat won 14 of their last 16 games, not four.",qwen_medium,p0d_sent,18850.94
S019,10,2,falter,126.0,126.0,WORD,improve,"The sentence suggests the Heat are faltering, but the data indicates they have been improving.",qwen_medium,p0d_sent,18850.94
S019,11,1,player of the game,232.0,235.0,WORD,,"While Goran Dragic performed well, the phrase 'player of the game' is not accurate as it implies a formal recognition which is not mentioned in the box score.",qwen_medium,p0d_sent,18850.94
S019,12,1,,1.0,0.0,,,The sentence is correct according to the box score data.,qwen_medium,p0d_sent,18850.94
S019,13,1,only other,171.0,172.0,WORD,,"Dion Waiters was one of three starters in double figures, not the only other one.",qwen_medium,p0d_sent,18850.94
S019,14,1,Thursday,299.0,299.0,NAME,Saturday,"The game was played on Saturday, not Thursday.",qwen_medium,p0d_sent,18850.94
S020,1,1,Phoenix Suns,2.0,3.0,NAME,New Orleans Pelicans,"The home team is the New Orleans Pelicans, not the Phoenix Suns.",qwen_medium,p0d_sent,18850.94
S020,1,2,111 - 106,10.0,12.0,NUMBER,106 - 111,"The final score was 111 - 106 in favor of the Pelicans, not the Suns.",qwen_medium,p0d_sent,18850.94
S020,1,3,Friday,19.0,19.0,NAME,"February 6, 2017","The game was played on February 6, 2017, not Friday.",qwen_medium,p0d_sent,18850.94
S020,2,1,Pelicans,22.0,22.0,CONTEXT,,The Pelicans cannot check in with a loss to themselves. This is a context mistake.,qwen_medium,p0d_sent,18850.94
S020,2,2,16 - 32,24.0,26.0,NUMBER,20-32,"The Pelicans' record was 20-32, not 16-32.",qwen_medium,p0d_sent,18850.94
S020,3,1,18,80.0,80.0,NUMBER,32,"The Suns scored 32 points in the fourth quarter, not 18.",qwen_medium,p0d_sent,18850.94
S020,4,1,Pelicans,22.0,22.0,CONTEXT,Suns,"The sentence states that the Pelicans outscored the Pelicans, which is logically incorrect. It should state that the Pelicans outscored the Suns.",qwen_medium,p0d_sent,18850.94
S020,4,2,34 - 18,78.0,80.0,NUMBER,34 - 32,"The correct final quarter score was 34 - 32, not 34 - 18.",qwen_medium,p0d_sent,18850.94
S020,5,1,Eric Bledsoe,118.0,119.0,NAME,Devin Booker,Eric Bledsoe did not play for the Pelicans in this game; Devin Booker did.,qwen_medium,p0d_sent,18850.94
S020,5,2,seven rebounds,128.0,129.0,NUMBER,2 rebounds,"Eric Bledsoe had 2 rebounds, not 7.",qwen_medium,p0d_sent,18850.94
S020,5,3,a pair of blocks,134.0,137.0,NUMBER,2 blocks,"Eric Bledsoe had 2 blocks, not a pair of blocks.",qwen_medium,p0d_sent,18850.94
S020,6,1,two,152.0,152.0,NUMBER,3,"Devin Booker had 3 rebounds, not 2.",qwen_medium,p0d_sent,18850.94
S020,7,1,12,85.0,85.0,NUMBER,6,"Marquese Chriss scored 6 points, not 12.",qwen_medium,p0d_sent,18850.94
S020,7,2,three,165.0,165.0,NUMBER,3,"Marquese Chriss had 3 rebounds, not four.",qwen_medium,p0d_sent,18850.94
S020,7,3,two,152.0,152.0,NUMBER,2,"Marquese Chriss had 2 assists, not two.",qwen_medium,p0d_sent,18850.94
S020,7,4,a,35.0,35.0,NUMBER,1,"Marquese Chriss had 1 steal, not a single steal.",qwen_medium,p0d_sent,18850.94
S020,7,5,a,35.0,35.0,NUMBER,1,"Marquese Chriss had 1 block, not a single block.",qwen_medium,p0d_sent,18850.94
S020,8,1,PJ Tucker,177.0,178.0,CONTEXT,,"PJ Tucker is listed as a starter, not coming off the bench.",qwen_medium,p0d_sent,18850.94
S020,8,2,an assist,189.0,190.0,NUMBER,1,"PJ Tucker had 1 assist, not an assist (which implies 1).",qwen_medium,p0d_sent,18850.94
S020,9,1,seven,128.0,128.0,NUMBER,5,"Bledsoe had 5 rebounds, not 7.",qwen_medium,p0d_sent,18850.94
S020,9,2,a block,174.0,175.0,NUMBER,2,"Bledsoe had 2 blocks, not 1.",qwen_medium,p0d_sent,18850.94
S020,10,1,12,85.0,85.0,NUMBER,6,"Marquese Chriss scored 6 points, not 12.",qwen_medium,p0d_sent,18850.94
S020,10,2,three,165.0,165.0,NUMBER,3,"Marquese Chriss had 3 rebounds, not four.",qwen_medium,p0d_sent,18850.94
S020,10,3,two,152.0,152.0,NUMBER,2,"Marquese Chriss had 2 assists, not two.",qwen_medium,p0d_sent,18850.94
S020,10,4,a,35.0,35.0,NUMBER,1,"Marquese Chriss had 1 block, not a block.",qwen_medium,p0d_sent,18850.94
S020,11,1,14,121.0,121.0,NUMBER,6,"Marquese Chriss scored 6 points, not 14.",qwen_medium,p0d_sent,18850.94
S020,11,2,three,165.0,165.0,NUMBER,3,"Marquese Chriss had 3 rebounds, not four.",qwen_medium,p0d_sent,18850.94
S020,11,3,two,152.0,152.0,NUMBER,2,"Marquese Chriss had 2 assists, not two.",qwen_medium,p0d_sent,18850.94
S020,11,4,a,35.0,35.0,NUMBER,1,"Marquese Chriss had 1 block, not a block.",qwen_medium,p0d_sent,18850.94
S020,12,1,Brandon Knight,264.0,265.0,CONTEXT,,Brandon Knight did not lead the Suns in scoring; T.J. Warren was the leading scorer with 20 points.,qwen_medium,p0d_sent,18850.94
S020,12,2,six,270.0,270.0,NUMBER,5,"Brandon Knight had 5 assists, not 6.",qwen_medium,p0d_sent,18850.94
S020,13,1,seven rebounds,128.0,129.0,NUMBER,5 rebounds,"Eric Bledsoe had 5 rebounds, not 7.",qwen_medium,p0d_sent,18850.94
S020,13,2,a pair of blocks,134.0,137.0,NUMBER,0 blocks,"Eric Bledsoe had 0 blocks, not a pair of blocks.",qwen_medium,p0d_sent,18850.94
S020,14,1,six,270.0,270.0,NUMBER,0,"Terrence Jones had 0 assists, not six.",qwen_medium,p0d_sent,18850.94
S020,15,1,11,335.0,335.0,NUMBER,12,"Buddy Hield scored 12 points, not 11.",qwen_medium,p0d_sent,18850.94
S020,15,2,five,131.0,131.0,NUMBER,3,"Buddy Hield had 3 rebounds, not five.",qwen_medium,p0d_sent,18850.94
S020,15,3,four,341.0,341.0,NUMBER,4,"Buddy Hield had 4 assists, which is correct.",qwen_medium,p0d_sent,18850.94
S020,15,4,a,35.0,35.0,NUMBER,1,"Buddy Hield had 1 steal, not a single steal.",qwen_medium,p0d_sent,18850.94
S020,16,1,Suns,3.0,3.0,CONTEXT,,The Suns are not in the Southwest Division; they are in the Pacific Division.,qwen_medium,p0d_sent,18850.94
S020,17,1,Minnesota,364.0,364.0,NAME,Minnesota Timberwolves,The team name should be fully specified as 'Minnesota Timberwolves'.,qwen_medium,p0d_sent,18850.94
S020,17,2,Monday,371.0,371.0,NAME,"February 6, 2017","The game was played on February 6, 2017, not on a Monday.",qwen_medium,p0d_sent,18850.94
S020,18,1,an assist,189.0,190.0,NUMBER,one assist,"Anthony Davis had one assist, not an assist.",qwen_medium,p0d_sent,18850.94
S020,19,1,20,397.0,397.0,NUMBER,30,"Jrue Holiday scored 30 points, not 20.",qwen_medium,p0d_sent,18850.94
S020,20,1,a rebound,419.0,420.0,NUMBER,3,"Buddy Hield had 3 rebounds, not 1.",qwen_medium,p0d_sent,18850.94
S020,21,1,a rebound,419.0,420.0,NUMBER,3,"Buddy Hield had 3 rebounds, not 1.",qwen_medium,p0d_sent,18850.94
S020,22,1,last,351.0,351.0,WORD,second-to-last,The Pelicans are not in last place in the Southwest Division according to the provided box score and season schedule.,qwen_medium,p0d_sent,18850.94
S020,23,1,Monday,371.0,371.0,NAME,February 6,"The game was played on February 6, not Monday.",qwen_medium,p0d_sent,18850.94
S021,1,1,Saturday,18.0,18.0,NAME,Friday,"The game was played on Friday, not Saturday.",qwen_medium,p0d_sent,18850.94
S021,2,1,Saturday,18.0,18.0,NAME,Friday,"The game was played on Friday, not Saturday.",qwen_medium,p0d_sent,18850.94
S021,2,2,38 - point,57.0,59.0,NUMBER,68-point,"The Rockets scored 68 points in the first half, not 38 points in the first quarter.",qwen_medium,p0d_sent,18850.94
S021,2,3,pull away,74.0,75.0,WORD,fall behind,"The Kings fell behind in the second half, rather than pulling away.",qwen_medium,p0d_sent,18850.94
S021,3,1,Rockets,3.0,3.0,CONTEXT,,"The sentence incorrectly states that the Rockets battled back to make it a one-point game, but according to the box score, the Kings were the ones who made it a close game.",qwen_medium,p0d_sent,18850.94
S021,3,2,Kings,7.0,7.0,CONTEXT,,"The sentence incorrectly states that the Kings battled back to make it a one-point game, but this is redundant and misleading since the Kings were already the team making the comeback.",qwen_medium,p0d_sent,18850.94
S021,4,1,Kings,7.0,7.0,CONTEXT,Rockets,"The sentence incorrectly states that the Kings outscored the Kings, which is illogical. It should state that the Rockets outscored the Kings.",qwen_medium,p0d_sent,18850.94
S021,4,2,38 - 19,153.0,155.0,NUMBER,30 - 24,"The actual fourth-quarter scores were 30 for the Rockets and 24 for the Kings, not 38 - 19.",qwen_medium,p0d_sent,18850.94
S021,5,1,an assist,177.0,178.0,NUMBER,10 assists,"James Harden had 10 assists, not just one.",qwen_medium,p0d_sent,18850.94
S021,5,2,five blocks,180.0,181.0,NUMBER,0 blocks,"James Harden had 0 blocks, not five.",qwen_medium,p0d_sent,18850.94
S021,6,1,an,177.0,177.0,WORD,one,"Gordon had one assist, not an assist.",qwen_medium,p0d_sent,18850.94
S021,7,1,three,207.0,207.0,NUMBER,10,"Clint Capela had 10 rebounds, not three.",qwen_medium,p0d_sent,18850.94
S021,8,1,10,23.0,23.0,NUMBER,9,"Trevor Ariza had 9 rebounds, not 10.",qwen_medium,p0d_sent,18850.94
S021,8,2,two blocks,216.0,217.0,NUMBER,0,"Trevor Ariza had 0 blocks, not 2.",qwen_medium,p0d_sent,18850.94
S021,9,1,10,23.0,23.0,NUMBER,9,"Trevor Ariza had 9 rebounds, not 10.",qwen_medium,p0d_sent,18850.94
S021,10,1,17,204.0,204.0,NUMBER,3,"Sam Dekker scored 3 points, not 17.",qwen_medium,p0d_sent,18850.94
S021,10,2,three rebounds,207.0,208.0,NUMBER,2 rebounds,"Sam Dekker had 2 rebounds, not three.",qwen_medium,p0d_sent,18850.94
S021,10,3,three assists,210.0,211.0,NUMBER,3 assists,"Sam Dekker had 3 assists, which is correct.",qwen_medium,p0d_sent,18850.94
S021,10,4,two steals,213.0,214.0,NUMBER,2 steals,"Sam Dekker had 2 steals, which is correct.",qwen_medium,p0d_sent,18850.94
S021,10,5,two blocks,216.0,217.0,NUMBER,0 blocks,"Sam Dekker had 0 blocks, not two.",qwen_medium,p0d_sent,18850.94
S021,11,1,an assist,177.0,178.0,NUMBER,10 assists,"Harden had 10 assists, not just one.",qwen_medium,p0d_sent,18850.94
S021,11,2,five blocks,180.0,181.0,NUMBER,0 blocks,"Harden had 0 blocks, not five.",qwen_medium,p0d_sent,18850.94
S021,12,1,four,320.0,320.0,NUMBER,3,"Rudy Gay had 3 rebounds, not 4.",qwen_medium,p0d_sent,18850.94
S021,12,2,three,207.0,207.0,NUMBER,2,"Rudy Gay had 2 assists, not 3.",qwen_medium,p0d_sent,18850.94
S021,12,3,three,207.0,207.0,NUMBER,0,"Rudy Gay had 0 steals, not 3.",qwen_medium,p0d_sent,18850.94
S021,13,1,18,229.0,229.0,NUMBER,8,"Darren Collison scored 8 points, not 18.",qwen_medium,p0d_sent,18850.94
S021,13,2,10 - rebound,339.0,341.0,NUMBER,3,"Darren Collison had 3 rebounds, not 10.",qwen_medium,p0d_sent,18850.94
S021,14,1,18,229.0,229.0,NUMBER,8,"Darren Collison scored 8 points, not 18.",qwen_medium,p0d_sent,18850.94
S021,14,2,four,320.0,320.0,NUMBER,4,"Darren Collison had 4 assists, which is correct.",qwen_medium,p0d_sent,18850.94
S021,14,3,three,207.0,207.0,NUMBER,3,"Darren Collison had 3 rebounds, which is correct.",qwen_medium,p0d_sent,18850.94
S021,14,4,two,191.0,191.0,NUMBER,2,"Darren Collison had 2 steals, which is correct.",qwen_medium,p0d_sent,18850.94
S021,15,1,12,160.0,160.0,NUMBER,4,"Rudy Gay had 4 rebounds, not 12.",qwen_medium,p0d_sent,18850.94
S021,15,2,three blocks,399.0,400.0,NUMBER,0 blocks,"Rudy Gay had 0 blocks, not three.",qwen_medium,p0d_sent,18850.94
S021,16,1,18,229.0,229.0,NUMBER,8,"Darren Collison scored 8 points, not 18.",qwen_medium,p0d_sent,18850.94
S021,17,1,San Antonio Spurs,430.0,432.0,CONTEXT,,The Rockets are not playing the San Antonio Spurs next; the story mentions a different opponent.,qwen_medium,p0d_sent,18850.94
S021,17,2,Saturday,18.0,18.0,NAME,,"The day of the next game is not specified in the provided data, so this cannot be verified.",qwen_medium,p0d_sent,18850.94
S021,17,3,Golden State Warriors,445.0,447.0,CONTEXT,,The Kings are not playing the Golden State Warriors next; the story mentions a different opponent.,qwen_medium,p0d_sent,18850.94
S021,17,4,Saturday,18.0,18.0,NAME,,"The day of the next game is not specified in the provided data, so this cannot be verified.",qwen_medium,p0d_sent,18850.94
S022,1,1,Friday,18.0,18.0,NAME,Saturday,"The game was played on Saturday, February 11, 2017.",qwen_medium,p0d_sent,18850.94
S022,2,1,,1.0,0.0,,,The sentence has no factual errors based on the provided box score data.,qwen_medium,p0d_sent,18850.94
S022,3,1,8,41.0,41.0,NUMBER,12,"The number of ties was 12, not 8.",qwen_medium,p0d_sent,18850.94
S022,3,2,10,44.0,44.0,NUMBER,14,"The number of lead changes was 14, not 10.",qwen_medium,p0d_sent,18850.94
S022,4,1,22,79.0,79.0,NUMBER,27,"The Timberwolves shot 22% from three-point range, but the correct percentage is 22%.",qwen_medium,p0d_sent,18850.94
S022,5,1,43 - 34,102.0,104.0,NUMBER,43 - 34,The rebounding totals are correct according to the box score.,qwen_medium,p0d_sent,18850.94
S022,6,1,Timberwolves,8.0,8.0,CONTEXT,Pelicans,"Anthony Davis played for the Pelicans, not the Timberwolves.",qwen_medium,p0d_sent,18850.94
S022,6,2,8 - of - 11,126.0,130.0,NUMBER,8-of-11,"Anthony Davis made 8 of 11 free throws, which is correct, but the format should be consistent with the rest of the sentence.",qwen_medium,p0d_sent,18850.94
S022,7,1,12,155.0,155.0,NUMBER,10,"Jrue Holiday had 10 assists, not 12.",qwen_medium,p0d_sent,18850.94
S022,8,1,second,141.0,141.0,WORD,third,"Buddy Hield was the third-highest scorer for the Pelicans, not the second.",qwen_medium,p0d_sent,18850.94
S022,9,1,three,82.0,82.0,NUMBER,4,"Gorgui Dieng recorded 4 steals, not 3.",qwen_medium,p0d_sent,18850.94
S022,10,1,Buddy Hield,158.0,159.0,CONTEXT,,Buddy Hield did not lead Minnesota in scoring; Karl-Anthony Towns led with 36 points.,qwen_medium,p0d_sent,18850.94
S022,10,2,four,205.0,205.0,NUMBER,1,"Buddy Hield had 1 rebound, not four.",qwen_medium,p0d_sent,18850.94
S022,11,1,three,82.0,82.0,NUMBER,1,"Gorgui Dieng recorded 1 steal, not 3.",qwen_medium,p0d_sent,18850.94
S022,12,1,Friday,18.0,18.0,NAME,Sunday,"The next game is on Sunday, not Friday.",qwen_medium,p0d_sent,18850.94
S022,12,2,Oklahoma City Thunder,242.0,244.0,NAME,Chicago Bulls,"The next game is against the Chicago Bulls, not the Oklahoma City Thunder.",qwen_medium,p0d_sent,18850.94
S022,13,1,21 - 33,253.0,255.0,NUMBER,20-34,"The Pelicans' record is 20-34, not 21-33.",qwen_medium,p0d_sent,18850.94
S022,13,2,Verizon Center,275.0,276.0,NAME,Target Center,"The game was played at Target Center, not Verizon Center.",qwen_medium,p0d_sent,18850.94
S022,13,3,17th,272.0,272.0,NUMBER,21st,"This is the 21st win for the Pelicans, not the 17th.",qwen_medium,p0d_sent,18850.94
S022,14,1,Minnesota,7.0,7.0,NAME,New Orleans,"Anthony Davis played for the New Orleans Pelicans, not the Minnesota Timberwolves.",qwen_medium,p0d_sent,18850.94
S022,15,1,12,155.0,155.0,NUMBER,10,"Jrue Holiday had 10 assists, not 12.",qwen_medium,p0d_sent,18850.94
S023,1,1,Wednesday,19.0,19.0,NAME,Sunday,The game was played on Sunday.,qwen_medium,p0d_sent,18850.94
S023,2,1,easily,28.0,28.0,WORD,,"The sentence suggests the win was expected to be easy, but the box score shows a significant 49-point margin, which indicates the game was not just 'easily' won but overwhelmingly dominated by Dallas.",qwen_medium,p0d_sent,18850.94
S023,3,1,11,56.0,56.0,NUMBER,30,"The Mavericks led by 30 points, not 11, at times in the second half.",qwen_medium,p0d_sent,18850.94
S023,4,1,17,85.0,85.0,NUMBER,10,"The Lakers committed 10 turnovers, not 17.",qwen_medium,p0d_sent,18850.94
S023,5,1,Justin Anderson,88.0,89.0,CONTEXT,,"Justin Anderson did lead the team in scoring, but the phrase 'off the bench' is misleading since he is listed as a starter in the box score.",qwen_medium,p0d_sent,18850.94
S023,5,2,off the bench,103.0,105.0,WORD,as a starter,"Justin Anderson is listed as a starter in the box score, not as a bench player.",qwen_medium,p0d_sent,18850.94
S023,6,1,5 - 11,,,NUMBER,6 - 11,"Justin Anderson's shooting line is 6-of-11, not 5-of-11.",qwen_medium,p0d_sent,18850.94
S023,7,1,the only other,134.0,136.0,WORD,,"The sentence implies that Deron Williams was the only other starter in double figures, but the box score shows that Seth Curry also scored in double figures.",qwen_medium,p0d_sent,18850.94
S023,8,1,bench,105.0,105.0,WORD,starting lineup,"Justin Anderson started the game, not coming off the bench.",qwen_medium,p0d_sent,18850.94
S023,9,1,double - double,177.0,179.0,WORD,,"Randle did not record a double-double; he only had 9 points, 6 rebounds, and 4 assists.",qwen_medium,p0d_sent,18850.94
S023,10,1,Lakers,8.0,8.0,CONTEXT,Mavericks,"Justin Anderson played for the Mavericks, not the Lakers.",qwen_medium,p0d_sent,18850.94
S023,10,2,19,101.0,101.0,NUMBER,19,"Justin Anderson did indeed score 19 points, but the context mistake is more significant.",qwen_medium,p0d_sent,18850.94
S023,11,1,only other,135.0,136.0,WORD,,"Julius Randle was the only Laker in double figures, not the only other.",qwen_medium,p0d_sent,18850.94
S023,12,1,home,239.0,239.0,WORD,away,"The Lakers are playing the Portland Trail Blazers on the road, not at home.",qwen_medium,p0d_sent,18850.94
S023,13,1,five - straight,259.0,261.0,NUMBER,one,The Mavericks did not win five straight games; they won only one game according to the provided data.,qwen_medium,p0d_sent,18850.94
S023,14,1,player of the game,276.0,279.0,WORD,,The phrase 'player of the game' is not accurate as the box score does not indicate any such award.,qwen_medium,p0d_sent,18850.94
S023,14,2,led the team,109.0,111.0,WORD,,"Justin Anderson did lead the team in scoring, but the phrase 'led the team' is misleading without specifying the context (e.g., off the bench).",qwen_medium,p0d_sent,18850.94
S023,15,1,second,49.0,49.0,WORD,first,"Justin Anderson was the leading scorer off the bench, not the second.",qwen_medium,p0d_sent,18850.94
S024,1,1,Saturday,18.0,18.0,NAME,Friday,"The game was played on Friday, not Saturday.",qwen_medium,p0d_sent,18850.94
S024,2,1,Wednesday,29.0,29.0,NAME,Friday,The game was played on Friday.,qwen_medium,p0d_sent,18850.94
S024,2,2,pierce Golden State ' armor,,,WORD,,"The sentence suggests the Kings won, but the Warriors actually won the game.",qwen_medium,p0d_sent,18850.94
S024,2,3,Gregg Popovich,64.0,65.0,NAME,Steve Kerr,"Gregg Popovich is the coach of the San Antonio Spurs, not the Golden State Warriors.",qwen_medium,p0d_sent,18850.94
S024,2,4,season - high 114 points,70.0,74.0,NUMBER,,"The Warriors scored 114 points, not the Kings. The Kings scored 100 points.",qwen_medium,p0d_sent,18850.94
S024,3,1,12,88.0,88.0,NUMBER,12,"Curry had 12 assists, which is correct according to the box score.",qwen_medium,p0d_sent,18850.94
S024,3,2,seven,91.0,91.0,NUMBER,7,"Curry had 7 rebounds, which is correct according to the box score.",qwen_medium,p0d_sent,18850.94
S024,4,1,four,103.0,103.0,NUMBER,3,"Draymond Green had 3 rebounds, not 4.",qwen_medium,p0d_sent,18850.94
S024,5,1,a rebound,125.0,126.0,NUMBER,10 rebounds,"Labissiere had 10 rebounds, not 1.",qwen_medium,p0d_sent,18850.94
S024,6,1,Buddy Hield,142.0,143.0,CONTEXT,,"Buddy Hield played for the Kings, not the Warriors.",qwen_medium,p0d_sent,18850.94
S024,6,2,22,145.0,145.0,NUMBER,27,"Steph Curry scored 27 points, not Buddy Hield.",qwen_medium,p0d_sent,18850.94
S024,7,1,4 - assist,169.0,171.0,NUMBER,8 - assist,"Draymond Green had 8 assists, not 4.",qwen_medium,p0d_sent,18850.94
S024,7,2,four rebounds,103.0,104.0,NUMBER,4 rebounds,"Draymond Green had 4 rebounds, which is correct, but the assists were wrong.",qwen_medium,p0d_sent,18850.94
S024,8,1,second unit,191.0,192.0,WORD,starting lineup,"Skal Labissiere started the game, not coming off the bench.",qwen_medium,p0d_sent,18850.94
S024,9,1,11,213.0,213.0,NUMBER,11,"Ben McLemore scored 11 points, which is correct according to the box score.",qwen_medium,p0d_sent,18850.94
S024,9,2,one,184.0,184.0,NUMBER,1,"Ben McLemore had 1 rebound, which is correct according to the box score.",qwen_medium,p0d_sent,18850.94
S024,9,3,two,158.0,158.0,NUMBER,2,"Ben McLemore had 2 assists, which is correct according to the box score.",qwen_medium,p0d_sent,18850.94
S024,9,4,one,184.0,184.0,NUMBER,1,"Ben McLemore had 1 steal, which is correct according to the box score.",qwen_medium,p0d_sent,18850.94
S024,10,1,Kings,8.0,8.0,CONTEXT,Warriors,"Stephen Curry played for the Warriors, not the Kings.",qwen_medium,p0d_sent,18850.94
S024,10,2,12,88.0,88.0,NUMBER,12,"Stephen Curry had 12 assists, which is correct, but this is part of the context mistake.",qwen_medium,p0d_sent,18850.94
S024,10,3,seven,91.0,91.0,NUMBER,6,"Stephen Curry had 6 steals, not 7.",qwen_medium,p0d_sent,18850.94
S024,11,1,bench - leading,257.0,259.0,WORD,,"Buddy Hield started the game, so he did not come off the bench.",qwen_medium,p0d_sent,18850.94
S024,11,2,eight assists,106.0,107.0,NUMBER,7 assists,"Buddy Hield had 7 assists, not 8.",qwen_medium,p0d_sent,18850.94
S024,12,1,four,103.0,103.0,NUMBER,8,"Draymond Green had 8 rebounds, not 4.",qwen_medium,p0d_sent,18850.94
S024,13,1,reserve,304.0,304.0,WORD,starting,"Willie Cauley-Stein started the game, not playing in a reserve role.",qwen_medium,p0d_sent,18850.94
S025,1,1,Friday,18.0,18.0,NAME,November 25,"The game was played on November 25, 2016, not Friday.",qwen_medium,p0d_sent,18850.94
S025,2,1,13 - 3,23.0,25.0,NUMBER,13 - 7,"The Spurs' record was 13-7, not 13-3.",qwen_medium,p0d_sent,18850.94
S025,2,2,nine,36.0,36.0,NUMBER,17,"Pau Gasol played 17 minutes, not nine.",qwen_medium,p0d_sent,18850.94
S025,3,1,four,111.0,111.0,NUMBER,3,"Kawhi Leonard had 3 assists, not 4.",qwen_medium,p0d_sent,18850.94
S025,4,1,off the bench,135.0,137.0,WORD,as a starter,"Patty Mills started the game, not coming off the bench.",qwen_medium,p0d_sent,18850.94
S025,5,1,David Lee,153.0,154.0,CONTEXT,,"David Lee is listed as scoring 15 points off the bench, but according to the box score, he scored 15 points, which is correct, but the context is misleading because he is not part of the Celtics' bench.",qwen_medium,p0d_sent,18850.94
S025,6,1,a,34.0,34.0,WORD,one,"Isaiah Thomas recorded 1 rebound, not a general 'a' rebound.",qwen_medium,p0d_sent,18850.94
S025,7,1,eight,182.0,182.0,NUMBER,7,"Avery Bradley had 7 rebounds, not 8.",qwen_medium,p0d_sent,18850.94
S025,7,2,David Lee,153.0,154.0,CONTEXT,,"David Lee played for the Spurs, not the Celtics. Mentioning him in the context of the Celtics is misleading.",qwen_medium,p0d_sent,18850.94
S025,8,1,10,108.0,108.0,NUMBER,10,"Aldridge actually had 10 points, so this is correct.",qwen_medium,p0d_sent,18850.94
S025,8,2,four,111.0,111.0,NUMBER,4,"Aldridge actually had 4 rebounds, so this is correct.",qwen_medium,p0d_sent,18850.94
S025,8,3,four,111.0,111.0,NUMBER,4,"Aldridge actually had 4 assists, so this is correct.",qwen_medium,p0d_sent,18850.94
S025,9,1,46,254.0,254.0,NUMBER,35,"The Celtics shot 35% from long range, not 46%.",qwen_medium,p0d_sent,18850.94
S025,9,2,46,254.0,254.0,NUMBER,46,"The Celtics shot 46% from the field, which is correct, but it is redundant to mention it twice in the same sentence.",qwen_medium,p0d_sent,18850.94
S026,1,1,David West,11.0,12.0,NAME,,David West is not the visiting team; the sentence incorrectly places him in the score.,qwen_medium,p0d_sent,18850.94
S026,1,2,0,20.0,20.0,NUMBER,99,"The score for the Indiana Pacers was 99, not 0.",qwen_medium,p0d_sent,18850.94
S026,1,3,Wednesday,22.0,22.0,NAME,Tuesday,"The game was played on Tuesday, not Wednesday.",qwen_medium,p0d_sent,18850.94
S026,2,1,26 - 27,48.0,50.0,NUMBER,26 - 28,"The Suns scored 26 points, and the Pacers scored 28 points in the first quarter.",qwen_medium,p0d_sent,18850.94
S026,3,1,12 - for - 12,85.0,89.0,NUMBER,7 - for - 7,"The Suns were 7 for 7 from the free throw line, not 12 for 12.",qwen_medium,p0d_sent,18850.94
S026,3,2,0 - for - 3,96.0,100.0,NUMBER,5 - for - 6,"The Suns were 5 for 6 from the three-point line, not 0 for 3.",qwen_medium,p0d_sent,18850.94
S026,4,1,Eric Dragic,114.0,115.0,CONTEXT,Goran Dragic,Eric Dragic is not part of the duo mentioned; it should be Goran Dragic.,qwen_medium,p0d_sent,18850.94
S026,4,2,Eric,114.0,114.0,NAME,Goran,"The correct name is Goran Dragic, not Eric Dragic.",qwen_medium,p0d_sent,18850.94
S026,5,1,five,155.0,155.0,NUMBER,0,"Dragic had 0 rebounds, not five.",qwen_medium,p0d_sent,18850.94
S026,5,2,three,78.0,78.0,NUMBER,4,"Dragic had 4 steals, not three.",qwen_medium,p0d_sent,18850.94
S026,6,1,season - high,164.0,166.0,WORD,,Dragic's 34 points were not a season-high according to the provided data.,qwen_medium,p0d_sent,18850.94
S026,6,2,second double - double,175.0,178.0,NUMBER,,There is no indication in the provided data that Dragic recorded a double-double in the last five games.,qwen_medium,p0d_sent,18850.94
S026,7,1,11 - 15,190.0,192.0,NUMBER,11 - 15,Dragic's field goal attempts were correctly stated as 11 - 15.,qwen_medium,p0d_sent,18850.94
S026,7,2,5 - 6,195.0,197.0,NUMBER,5 - 6,Dragic's three-point field goal attempts were correctly stated as 5 - 6.,qwen_medium,p0d_sent,18850.94
S026,7,3,7 - 7,200.0,202.0,NUMBER,7 - 7,Dragic's free throw attempts were correctly stated as 7 - 7.,qwen_medium,p0d_sent,18850.94
S026,7,4,five rebounds,155.0,156.0,NUMBER,0 rebounds,Dragic did not record any rebounds in this game.,qwen_medium,p0d_sent,18850.94
S026,7,5,three assists,209.0,210.0,NUMBER,3 assists,Dragic's assists were correctly stated as 3.,qwen_medium,p0d_sent,18850.94
S026,7,6,four steals,237.0,238.0,NUMBER,4 steals,Dragic's steals were correctly stated as 4.,qwen_medium,p0d_sent,18850.94
S026,7,7,11 - 20,218.0,220.0,NUMBER,11 - 20,Bledsoe's field goal attempts were correctly stated as 11 - 20.,qwen_medium,p0d_sent,18850.94
S026,7,8,5 - 6,195.0,197.0,NUMBER,1 - 4,Bledsoe's three-point field goal attempts were incorrectly stated as 5 - 6; the correct number is 1 - 4.,qwen_medium,p0d_sent,18850.94
S026,7,9,4 - 7,228.0,230.0,NUMBER,4 - 5,Bledsoe's free throw attempts were incorrectly stated as 4 - 7; the correct number is 4 - 5.,qwen_medium,p0d_sent,18850.94
S026,8,1,42,256.0,256.0,NUMBER,30,"The total points over the last two games is 30, not 42.",qwen_medium,p0d_sent,18850.94
S026,8,2,11,5.0,5.0,NUMBER,10,"The total rebounds over the last two games is 10, not 11.",qwen_medium,p0d_sent,18850.94
S026,9,1,6 - 14,279.0,281.0,NUMBER,5 - 14,"Roy Hibbert actually shot 5-14 from the field, not 6-14.",qwen_medium,p0d_sent,18850.94
S026,10,1,16,319.0,319.0,NUMBER,10,"Hibbert actually had 10 rebounds, not 16.",qwen_medium,p0d_sent,18850.94
S026,11,1,4 - 4,348.0,350.0,NUMBER,4,"CJ Miles made 4 free throws, not 4-4.",qwen_medium,p0d_sent,18850.94
S026,12,1,42,256.0,256.0,NUMBER,30,"The total points over the last two games is 30, not 42.",qwen_medium,p0d_sent,18850.94
S026,12,2,12,16.0,16.0,NUMBER,10,"The total rebounds over the last two games is 10, not 12.",qwen_medium,p0d_sent,18850.94
S026,13,1,6 - 14,279.0,281.0,NUMBER,5 - 11,"Hibbert's field goal attempts were 5-11, not 6-14.",qwen_medium,p0d_sent,18850.94
S026,14,1,10 6,,,NUMBER,"15, 6","David West averaged 15 points and 6 rebounds on the year, not 10 and 6.",qwen_medium,p0d_sent,18850.94
S026,15,1,4 - 4,348.0,350.0,NUMBER,4,"CJ Miles was 4-4 from the free throw line, not 4-4.",qwen_medium,p0d_sent,18850.94
S026,16,1,6,135.0,135.0,NUMBER,5,"David West had 6 rebounds, but the sentence states he is averaging 6 rebounds on the year, which is not supported by the provided data.",qwen_medium,p0d_sent,18850.94
S026,17,1,CJ Miles,324.0,325.0,CONTEXT,,"CJ Miles is listed as a starter, but according to the box score, he was a bench player.",qwen_medium,p0d_sent,18850.94
S026,18,1,6 - 9,338.0,340.0,NUMBER,6 - for - 9,The correct field goal percentage is 6-for-9.,qwen_medium,p0d_sent,18850.94
S026,18,2,1 - 3,343.0,345.0,NUMBER,1 - for - 3,The correct three-point field goal percentage is 1-for-3.,qwen_medium,p0d_sent,18850.94
S026,18,3,17,335.0,335.0,NUMBER,17,The correct points scored is 17.,qwen_medium,p0d_sent,18850.94
S026,18,4,seven,530.0,530.0,NUMBER,2,The correct number of rebounds is 2.,qwen_medium,p0d_sent,18850.94
S026,18,5,a steal,533.0,534.0,NUMBER,1,The correct number of steals is 1.,qwen_medium,p0d_sent,18850.94
S026,19,1,at home,543.0,544.0,WORD,on the road,"The Suns' next game is on the road, not at home.",qwen_medium,p0d_sent,18850.94
S026,19,2,Toronto Raptors,547.0,548.0,NAME,Dallas Mavericks,"The Suns' next game is against the Dallas Mavericks, not the Toronto Raptors.",qwen_medium,p0d_sent,18850.94
S026,19,3,Friday,550.0,550.0,NAME,Friday,"The day of the game is correct, but the location and opponent are incorrect.",qwen_medium,p0d_sent,18850.94
S026,19,4,at home,543.0,544.0,WORD,on the road,"The Pacers' next game is on the road, not at home.",qwen_medium,p0d_sent,18850.94
S026,19,5,Brooklyn Nets,561.0,562.0,NAME,Portland Trail Blazers,"The Pacers' next game is against the Portland Trail Blazers, not the Brooklyn Nets.",qwen_medium,p0d_sent,18850.94
S027,1,1,defeated,10.0,10.0,WORD,lost to,"The Knicks lost to the Rockets, not defeated them.",qwen_medium,p0d_sent,18850.94
S027,1,2,111 - 111,19.0,21.0,NUMBER,111 - 116,"The correct score was 111 - 116, not 111 - 111.",qwen_medium,p0d_sent,18850.94
S027,1,3,Wednesday,23.0,23.0,NAME,Sunday,"The game was played on Sunday, not Wednesday.",qwen_medium,p0d_sent,18850.94
S027,2,1,Knicks,4.0,4.0,WORD,Rockets,"The sentence incorrectly states that the Knicks out-scored the Knicks, which is illogical. It should state that the Rockets out-scored the Knicks.",qwen_medium,p0d_sent,18850.94
S027,3,1,Rockets,13.0,13.0,CONTEXT,Knicks,"The sentence incorrectly states that the Rockets were the superior shooters, when it was actually the Knicks who shot 58% from the field.",qwen_medium,p0d_sent,18850.94
S027,3,2,Rockets,13.0,13.0,CONTEXT,Knicks,"The sentence incorrectly states that the Rockets shot 33% from the three-point line, when it was actually the Knicks who shot 33% from beyond the arc.",qwen_medium,p0d_sent,18850.94
S027,4,1,seven,144.0,144.0,NUMBER,5,"Afflalo had 5 rebounds, not 7.",qwen_medium,p0d_sent,18850.94
S027,4,2,three,79.0,79.0,NUMBER,5,"Afflalo had 5 assists, not 3.",qwen_medium,p0d_sent,18850.94
S027,5,1,career - high,158.0,160.0,WORD,,"Afflalo's 31 points were a season-high, not a career-high.",qwen_medium,p0d_sent,18850.94
S027,5,2,2 - 4,170.0,172.0,NUMBER,2 - 4,"The 3-point shooting stats are correct, but the sentence implies this was a career-high, which is incorrect.",qwen_medium,p0d_sent,18850.94
S027,6,1,45,206.0,206.0,NUMBER,34,"The total points over the last two games is 34, not 45.",qwen_medium,p0d_sent,18850.94
S027,6,2,10,8.0,8.0,NUMBER,14,"The total rebounds over the last two games is 14, not 10.",qwen_medium,p0d_sent,18850.94
S027,7,1,0 - 1,238.0,240.0,NUMBER,0 - 1,"Porzingis was 0 for 1 from three-point range, not 0 for 1.",qwen_medium,p0d_sent,18850.94
S027,8,1,Wednesday,23.0,23.0,NAME,Monday,The game was played on Monday.,qwen_medium,p0d_sent,18850.94
S028,1,1,Saturday,17.0,17.0,NAME,Wednesday,"The game was played on Wednesday, not Saturday.",qwen_medium,p0d_sent,18850.94
S028,2,1,Wizards,3.0,3.0,CONTEXT,,"The 'Trust the Process' slogan is associated with the Philadelphia 76ers, not the Wizards.",qwen_medium,p0d_sent,18850.94
S028,2,2,first - round win,,,WORD,,The phrase 'first-round win' is incorrect in this context. The Wizards have not been known for a first-round win in the context of the 'Trust the Process' slogan.,qwen_medium,p0d_sent,18850.94
S028,3,1,9 - 21,70.0,72.0,NUMBER,9 - 44,"The Nets' record is 9-44, not 9-21.",qwen_medium,p0d_sent,18850.94
S028,3,2,31 - 22,89.0,91.0,NUMBER,59 - 49,"The halftime score was 59-49, not 31-22.",qwen_medium,p0d_sent,18850.94
S028,4,1,31 - 44,102.0,104.0,NUMBER,31 - 21,"The Wizards' record is 31-21, not 31-44.",qwen_medium,p0d_sent,18850.94
S028,4,2,59 - 48,123.0,125.0,NUMBER,59 - 49,"The halftime score was 59-49, not 59-48.",qwen_medium,p0d_sent,18850.94
S028,4,3,second half,129.0,130.0,WORD,second quarter,"The sentence incorrectly states the second half, but it should refer to the second quarter.",qwen_medium,p0d_sent,18850.94
S028,5,1,23,140.0,140.0,NUMBER,"23, 12","John Wall scored 23 points and had 12 assists, not just 23 points.",qwen_medium,p0d_sent,18850.94
S028,5,2,2,155.0,155.0,NUMBER,6,"John Wall had 6 rebounds, not 2.",qwen_medium,p0d_sent,18850.94
S028,5,3,2,155.0,155.0,NUMBER,4,"John Wall had 4 assists, not 2.",qwen_medium,p0d_sent,18850.94
S028,5,4,2,155.0,155.0,NUMBER,2,"John Wall had 2 steals, which is correct.",qwen_medium,p0d_sent,18850.94
S028,5,5,23,140.0,140.0,NUMBER,31,"Bradley Beal scored 31 points, not 23.",qwen_medium,p0d_sent,18850.94
S028,5,6,6,,,NUMBER,6,"Bradley Beal had 6 rebounds, which is correct.",qwen_medium,p0d_sent,18850.94
S028,5,7,2,155.0,155.0,NUMBER,2,"Bradley Beal had 2 assists, which is correct.",qwen_medium,p0d_sent,18850.94
S028,5,8,2,155.0,155.0,NUMBER,2,"Bradley Beal had 2 steals, which is correct.",qwen_medium,p0d_sent,18850.94
S028,6,1,an assist,193.0,194.0,NUMBER,one,"Gortat had one assist, not an assist.",qwen_medium,p0d_sent,18850.94
S028,7,1,Sean Kilpatrick,202.0,203.0,CONTEXT,Jason Smith,"Jason Smith, not Sean Kilpatrick, led the second unit with 15 points, eight rebounds, and one steal.",qwen_medium,p0d_sent,18850.94
S028,7,2,10,209.0,209.0,NUMBER,15,"Jason Smith scored 15 points, not 10.",qwen_medium,p0d_sent,18850.94
S028,7,3,four,212.0,212.0,NUMBER,eight,"Jason Smith had eight rebounds, not four.",qwen_medium,p0d_sent,18850.94
S028,8,1,Brooklyn,6.0,6.0,CONTEXT,Washington,"Bradley Beal played for the Wizards, not the Nets.",qwen_medium,p0d_sent,18850.94
S028,8,2,led the way,220.0,222.0,WORD,,Beal did not lead the Nets; he led the Wizards.,qwen_medium,p0d_sent,18850.94
S028,9,1,off the bench,,,WORD,as a starter,"Booker started the game, so he did not come off the bench.",qwen_medium,p0d_sent,18850.94
S028,10,1,off the bench,,,WORD,as a starter,Rondae Hollis-Jefferson started the game.,qwen_medium,p0d_sent,18850.94
S028,11,1,off the bench,,,WORD,as a starter,"Jason Smith started the game, not coming off the bench.",qwen_medium,p0d_sent,18850.94
S028,12,1,Sean Kilpatrick,202.0,203.0,CONTEXT,Jason Smith,"Jason Smith, not Sean Kilpatrick, led the second unit with 15 points, eight rebounds, and one steal.",qwen_medium,p0d_sent,18850.94
S028,12,2,10,209.0,209.0,NUMBER,15,"Sean Kilpatrick managed 10 points, but Jason Smith led the second unit with 15 points.",qwen_medium,p0d_sent,18850.94
S028,13,1,Bradley Beal,148.0,149.0,CONTEXT,Bojan Bogdanovic,Bradley Beal did not lead the Nets with 31 points; Bojan Bogdanovic did.,qwen_medium,p0d_sent,18850.94
S028,13,2,Nets,7.0,7.0,CONTEXT,Wizards,"Bradley Beal led the Wizards, not the Nets.",qwen_medium,p0d_sent,18850.94
S028,14,1,off the bench,,,WORD,as a starter,"Trevor Booker started the game, not coming off the bench.",qwen_medium,p0d_sent,18850.94
S028,15,1,off the bench,,,WORD,as a starter,"Marcin Gortat started the game, so he did not come off the bench.",qwen_medium,p0d_sent,18850.94
S028,16,1,Sean Kilpatrick,202.0,203.0,CONTEXT,Jason Smith,"Jason Smith, not Sean Kilpatrick, led the second unit with 15 points, eight rebounds, and one steal.",qwen_medium,p0d_sent,18850.94
S028,16,2,10,209.0,209.0,NUMBER,15,"Sean Kilpatrick managed 10 points, but Jason Smith led the second unit with 15 points.",qwen_medium,p0d_sent,18850.94
S028,17,1,Detroit Pistons,405.0,406.0,NAME,Indiana Pacers,"The Nets are facing the Indiana Pacers, not the Detroit Pistons.",qwen_medium,p0d_sent,18850.94
S028,17,2,Phoenix Suns,419.0,420.0,NAME,Miami Heat,"The Nets are facing the Miami Heat, not the Phoenix Suns.",qwen_medium,p0d_sent,18850.94
S029,1,1,Wednesday,17.0,17.0,NAME,Monday,The game was played on Monday.,qwen_medium,p0d_sent,18850.94
S029,2,1,Friday,29.0,29.0,NAME,Monday,"The game was played on Monday, not Friday.",qwen_medium,p0d_sent,18850.94
S029,3,1,24 - 19,83.0,85.0,NUMBER,23 - 24,"The Timberwolves outscored the Mavericks 23-24 in the third quarter, not 24-19.",qwen_medium,p0d_sent,18850.94
S029,4,1,24 - 19,83.0,85.0,NUMBER,23 - 24,"The Timberwolves outscored the Mavericks 23-24 in the third quarter, not 24-19.",qwen_medium,p0d_sent,18850.94
S029,5,1,30,132.0,132.0,NUMBER,26,"Harrison Barnes scored 26 points, not 30.",qwen_medium,p0d_sent,18850.94
S029,5,2,two,139.0,139.0,NUMBER,2,"Harrison Barnes had 2 rebounds, which is correct.",qwen_medium,p0d_sent,18850.94
S029,5,3,one,51.0,51.0,NUMBER,1,"Harrison Barnes had 1 assist, which is correct.",qwen_medium,p0d_sent,18850.94
S029,5,4,one,51.0,51.0,NUMBER,0,"Harrison Barnes had 0 steals, not 1.",qwen_medium,p0d_sent,18850.94
S029,6,1,11,77.0,77.0,NUMBER,11,"Deron Williams actually had 11 points, so this number is correct.",qwen_medium,p0d_sent,18850.94
S029,6,2,seven,155.0,155.0,NUMBER,7,"Deron Williams actually had 7 assists, so this number is correct.",qwen_medium,p0d_sent,18850.94
S029,6,3,two,139.0,139.0,NUMBER,2,"Deron Williams actually had 2 rebounds, so this number is correct.",qwen_medium,p0d_sent,18850.94
S029,6,4,one,51.0,51.0,NUMBER,1,"Deron Williams actually had 1 steal, so this number is correct.",qwen_medium,p0d_sent,18850.94
S029,7,1,bench - leading,170.0,172.0,WORD,starting,"Wesley Matthews started the game, not coming off the bench.",qwen_medium,p0d_sent,18850.94
S029,7,2,37,173.0,173.0,NUMBER,37,"Wesley Matthews scored 37 points, which is correct.",qwen_medium,p0d_sent,18850.94
S029,7,3,five,180.0,180.0,NUMBER,5,"Wesley Matthews had 5 assists, which is correct.",qwen_medium,p0d_sent,18850.94
S029,7,4,four,183.0,183.0,NUMBER,4,"Wesley Matthews had 4 rebounds, which is correct.",qwen_medium,p0d_sent,18850.94
S029,7,5,one,51.0,51.0,NUMBER,0,"Wesley Matthews had 0 steals, not 1.",qwen_medium,p0d_sent,18850.94
S029,8,1,11,77.0,77.0,NUMBER,11,"Deron Williams actually scored 11 points, so this is correct.",qwen_medium,p0d_sent,18850.94
S029,8,2,seven,155.0,155.0,NUMBER,7,"Deron Williams actually had 7 assists, so this is correct.",qwen_medium,p0d_sent,18850.94
S029,8,3,two,139.0,139.0,NUMBER,2,"Deron Williams actually had 2 rebounds, so this is correct.",qwen_medium,p0d_sent,18850.94
S029,8,4,one,51.0,51.0,NUMBER,1,"Deron Williams actually had 1 steal, so this is correct.",qwen_medium,p0d_sent,18850.94
S029,9,1,14,210.0,210.0,NUMBER,11,"JJ Barea scored 11 points, not 14.",qwen_medium,p0d_sent,18850.94
S029,9,2,four,183.0,183.0,NUMBER,4,"JJ Barea had 4 assists, which is correct.",qwen_medium,p0d_sent,18850.94
S029,9,3,two,139.0,139.0,NUMBER,2,"JJ Barea had 2 rebounds, which is correct.",qwen_medium,p0d_sent,18850.94
S029,9,4,two,139.0,139.0,NUMBER,1,"JJ Barea had 1 steal, not 2.",qwen_medium,p0d_sent,18850.94
S029,10,1,14,210.0,210.0,NUMBER,11,"JJ Barea scored 11 points, not 14.",qwen_medium,p0d_sent,18850.94
S029,10,2,four,183.0,183.0,NUMBER,4,"JJ Barea had 4 assists, which is correct.",qwen_medium,p0d_sent,18850.94
S029,10,3,two,139.0,139.0,NUMBER,2,"JJ Barea had 2 rebounds, which is correct.",qwen_medium,p0d_sent,18850.94
S029,10,4,one,51.0,51.0,NUMBER,1,"JJ Barea had 1 steal, which is correct.",qwen_medium,p0d_sent,18850.94
S029,11,1,12,22.0,22.0,NUMBER,14,"J.J. Barea scored 14 points, not 12.",qwen_medium,p0d_sent,18850.94
S029,11,2,four,183.0,183.0,NUMBER,4,"J.J. Barea had 4 assists, which is correct.",qwen_medium,p0d_sent,18850.94
S029,11,3,two,139.0,139.0,NUMBER,2,"J.J. Barea had 2 rebounds, which is correct.",qwen_medium,p0d_sent,18850.94
S029,11,4,one,51.0,51.0,NUMBER,1,"J.J. Barea had 1 steal, which is correct.",qwen_medium,p0d_sent,18850.94
S029,12,1,Northwest,270.0,270.0,WORD,Southwest,"The Mavericks are in the Southwest Division, not the Northwest Division.",qwen_medium,p0d_sent,18850.94
S029,13,1,Wednesday,17.0,17.0,NAME,Monday,"The game was played on Monday, not Wednesday.",qwen_medium,p0d_sent,18850.94
S029,14,1,three blocks,310.0,311.0,NUMBER,3,"Towns recorded 3 blocks, but the sentence incorrectly repeats 'three blocks'.",qwen_medium,p0d_sent,18850.94
S029,15,1,one,51.0,51.0,NUMBER,0,"Andrew Wiggins had 0 blocks, not 1.",qwen_medium,p0d_sent,18850.94
S029,16,1,two steals,219.0,220.0,NUMBER,one steal,"Shabazz Muhammad recorded only one steal, not two.",qwen_medium,p0d_sent,18850.94
S029,17,1,two steals,219.0,220.0,NUMBER,0 steals,"Shabazz Muhammad recorded 0 steals, not 2.",qwen_medium,p0d_sent,18850.94
S029,18,1,last,263.0,263.0,WORD,fifth,"The Timberwolves were in fifth place in the Northwest Division, not last.",qwen_medium,p0d_sent,18850.94
S029,19,1,Wednesday,17.0,17.0,NAME,Monday,"The game was played on Monday, not Wednesday.",qwen_medium,p0d_sent,18850.94
S030,1,1,Wednesday,18.0,18.0,NAME,Monday,"The game was played on Monday, not Wednesday.",qwen_medium,p0d_sent,18850.94
S030,2,1,overtime,35.0,35.0,WORD,,The game was not an overtime win; the score indicates a regular-time victory.,qwen_medium,p0d_sent,18850.94
S030,3,1,34 - 21,58.0,60.0,NUMBER,34 - 21,"The fourth-quarter score was indeed 34 - 21, but the sentence implies the Pacers outscored the Hornets by this margin, which is correct according to the box score.",qwen_medium,p0d_sent,18850.94
S030,4,1,34,58.0,58.0,NUMBER,46,"The Hornets had 46 rebounds, not 34.",qwen_medium,p0d_sent,18850.94
S030,5,1,14 - 11,90.0,92.0,NUMBER,11-14,"The Hornets' record is 11-14, not 14-11.",qwen_medium,p0d_sent,18850.94
S030,6,1,12,126.0,126.0,NUMBER,14,"Kemba Walker scored 14 points, not 12.",qwen_medium,p0d_sent,18850.94
S030,7,1,second,49.0,49.0,WORD,third,"Jeff Teague, with 16 points and 11 assists, was actually the third leading scorer, not second.",qwen_medium,p0d_sent,18850.94
S030,8,1,Cody Zeller,155.0,156.0,CONTEXT,,Cody Zeller did not start the game; he is listed as a non-starter in the box score.,qwen_medium,p0d_sent,18850.94
S030,8,2,11,92.0,92.0,NUMBER,8,"Cody Zeller scored 8 points, not 11.",qwen_medium,p0d_sent,18850.94
S030,8,3,seven,101.0,101.0,NUMBER,7,"Cody Zeller had 7 rebounds, not 7.",qwen_medium,p0d_sent,18850.94
S030,8,4,two,129.0,129.0,NUMBER,2,"Cody Zeller had 2 blocks, not 2.",qwen_medium,p0d_sent,18850.94
S030,9,1,Los Angeles Clippers,188.0,190.0,NAME,Washington Wizards,"The Hornets are scheduled to play the Washington Wizards, not the Los Angeles Clippers.",qwen_medium,p0d_sent,18850.94
S030,9,2,Monday,192.0,192.0,NAME,Wednesday,"The game is scheduled for Wednesday, not Monday.",qwen_medium,p0d_sent,18850.94
S030,10,1,five,97.0,97.0,NUMBER,checkable but not provided in the box score,"The box score does not provide information about the Pacers' recent win streak, so this cannot be verified.",qwen_medium,p0d_sent,18850.94
S030,10,2,great,218.0,218.0,WORD,,The term 'great' is subjective and not verifiable based on the box score data alone.,qwen_medium,p0d_sent,18850.94
S030,11,1,three,152.0,152.0,NUMBER,4,"Paul George had 4 assists, not 3.",qwen_medium,p0d_sent,18850.94
S030,12,1,second,49.0,49.0,WORD,tied for first,"Myles Turner was tied for first with Paul George, not second.",qwen_medium,p0d_sent,18850.94
S030,13,1,22,233.0,233.0,NUMBER,22,"Myles Turner did indeed score 22 points, so this is correct.",qwen_medium,p0d_sent,18850.94
S030,13,2,seven,101.0,101.0,NUMBER,7,"Myles Turner recorded 7 rebounds, so this is correct.",qwen_medium,p0d_sent,18850.94
S030,13,3,four,259.0,259.0,NUMBER,4,"Myles Turner recorded 4 blocks, so this is correct.",qwen_medium,p0d_sent,18850.94
