TEXT_ID,SENTENCE_ID,ANNOTATION_ID,TOKENS,DOC_TOKEN_START,DOC_TOKEN_END,TYPE,CORRECTION,COMMENT,MODEL,PROMPT_KEY,TIME_SECONDS
S001,1,1,107,12.0,12.0,NUMBER,101,"The Lakers scored 101, not 107.",qwen_small,p0d_sent,3611.41
S001,1,2,Wednesday,18.0,18.0,NAME,Friday,The game was played on Friday.,qwen_small,p0d_sent,3611.41
S001,2,1,32 - 18,23.0,25.0,NUMBER,32-18,The home team's record is correctly stated as 32-18.,qwen_small,p0d_sent,3611.41
S001,2,2,32 - 18,23.0,25.0,NUMBER,32-18,The visiting team's record is correctly stated as 32-18.,qwen_small,p0d_sent,3611.41
S001,2,3,Friday,49.0,49.0,NAME,Thursday,"The game was actually played on Thursday, not Friday.",qwen_small,p0d_sent,3611.41
S001,3,1,38,75.0,75.0,NUMBER,33,"Isaiah Thomas scored 33 points, not 38.",qwen_small,p0d_sent,3611.41
S001,3,2,six,82.0,82.0,NUMBER,five,"Isaiah Thomas had five assists, not six.",qwen_small,p0d_sent,3611.41
S001,3,3,two,85.0,85.0,NUMBER,one,"Isaiah Thomas had one rebound, not two.",qwen_small,p0d_sent,3611.41
S001,3,4,a,32.0,32.0,WORD,,"The phrase 'a steal' is redundant and incorrect, as steals are not classified as assists.",qwen_small,p0d_sent,3611.41
S001,4,1,11,98.0,98.0,NUMBER,8,"Al Horford accumulated 8 assists, not 11.",qwen_small,p0d_sent,3611.41
S001,4,2,8,,,NUMBER,11,"Al Horford accumulated 11 assists, not 8.",qwen_small,p0d_sent,3611.41
S001,5,1,18,25.0,25.0,NUMBER,12,"Isaiah Thomas's double-double was 12 rebounds, not 18.",qwen_small,p0d_sent,3611.41
S001,5,2,12,120.0,120.0,NUMBER,18,"Isaiah Thomas's double-double was 18 points, not 12.",qwen_small,p0d_sent,3611.41
S001,6,1,Jae,110.0,110.0,NAME,Isaiah,Isaiah Thomas is the correct player who led the Celtics in scoring.,qwen_small,p0d_sent,3611.41
S001,6,2,Crowder,111.0,111.0,NAME,Thomas,"Isaiah Thomas is the correct player who led the Celtics in scoring, not Jae Crowder.",qwen_small,p0d_sent,3611.41
S001,7,1,Jae,110.0,110.0,NAME,Isaiah,"Isaiah Thomas is the correct player who scored 18 points, not Jae Crowder.",qwen_small,p0d_sent,3611.41
S001,7,2,Crowder,111.0,111.0,NAME,Thomas,"Isaiah Thomas is the correct player who scored 18 points, not Jae Crowder.",qwen_small,p0d_sent,3611.41
S001,8,1,11,98.0,98.0,NUMBER,8,"Al Horford accumulated 8 assists, not 11.",qwen_small,p0d_sent,3611.41
S001,8,2,11,98.0,98.0,NUMBER,8,"Al Horford accumulated 8 assists, not 11.",qwen_small,p0d_sent,3611.41
S001,9,1,10,196.0,196.0,NUMBER,11,"The Lakers scored 111, not 107.",qwen_small,p0d_sent,3611.41
S001,9,2,Wednesday,18.0,18.0,NAME,Friday,The game was played on Friday.,qwen_small,p0d_sent,3611.41
S001,10,1,Detroit,220.0,220.0,NAME,Toronto,"The visiting team was the Toronto Raptors, not the Detroit Pistons.",qwen_small,p0d_sent,3611.41
S001,10,2,Wednesday,18.0,18.0,NAME,Friday,"The game was played on Friday, not Wednesday.",qwen_small,p0d_sent,3611.41
S002,1,1,Atlanta,2.0,2.0,NAME,Cleveland,"The home team is Cleveland, not Atlanta.",qwen_small,p0d_sent,3611.41
S002,1,2,Atlanta,2.0,2.0,NAME,Cleveland,"The home team is Cleveland, not Atlanta.",qwen_small,p0d_sent,3611.41
S002,1,3,110,9.0,9.0,NUMBER,106,"The actual score was 110-106, not 110-110.",qwen_small,p0d_sent,3611.41
S002,1,4,Saturday,18.0,18.0,NAME,Tuesday,"The game was played on Tuesday, not Saturday.",qwen_small,p0d_sent,3611.41
S002,2,1,struggling,26.0,26.0,WORD,undefeated,"The Hawks were the last undefeated team, not struggling.",qwen_small,p0d_sent,3611.41
S002,3,1,Hawks,3.0,3.0,NAME,Cavaliers,"The Hawks were the visiting team, not the home team.",qwen_small,p0d_sent,3611.41
S002,3,2,Hawks,3.0,3.0,NAME,Cavaliers,"The Hawks were the visiting team, not the home team.",qwen_small,p0d_sent,3611.41
S002,4,1,19,78.0,78.0,NUMBER,21,"The Cavaliers committed 21 turnovers, not 19.",qwen_small,p0d_sent,3611.41
S002,4,2,19,78.0,78.0,NUMBER,21,"The Cavaliers committed 21 turnovers, not 19.",qwen_small,p0d_sent,3611.41
S002,5,1,5 - 2,95.0,97.0,NUMBER,6,"The Hawks have 6 wins, not 5.",qwen_small,p0d_sent,3611.41
S002,6,1,17,127.0,127.0,NUMBER,15,"LeBron James had 15 points, not 17.",qwen_small,p0d_sent,3611.41
S002,6,2,3,136.0,136.0,NUMBER,2,"LeBron James had 2 assists, not 3.",qwen_small,p0d_sent,3611.41
S002,7,1,Kent,143.0,143.0,NAME,Dennis,"Dennis Schroder, not Kent Bazemore, had the highest scoring performance.",qwen_small,p0d_sent,3611.41
S002,7,2,Bazemore,144.0,144.0,NAME,Schroder,"Dennis Schroder, not Kent Bazemore, had the highest scoring performance.",qwen_small,p0d_sent,3611.41
S002,8,1,25,151.0,151.0,NUMBER,20,"Kent Bazemore scored 20 points, not 25.",qwen_small,p0d_sent,3611.41
S002,8,2,six,154.0,154.0,NUMBER,four,"Only four starters reached double figures, not six.",qwen_small,p0d_sent,3611.41
S002,9,1,Tuesday,,,NAME,Wednesday,"The game was played on Wednesday, not Tuesday.",qwen_small,p0d_sent,3611.41
S002,9,2,Wednesday,,,NAME,Thursday,"The Hawks' next game is on Thursday, not Wednesday.",qwen_small,p0d_sent,3611.41
S002,10,1,6 - 1,201.0,203.0,NUMBER,1-6,"The Cavaliers' record is 1-6, not 6-1.",qwen_small,p0d_sent,3611.41
S002,10,2,three,102.0,102.0,WORD,two,"The Cavaliers have won two of their last five games, not three.",qwen_small,p0d_sent,3611.41
S002,11,1,LeBron,221.0,221.0,NAME,Kyrie,"Kyrie Irving led the team, not LeBron James.",qwen_small,p0d_sent,3611.41
S002,11,2,23,236.0,236.0,NUMBER,29,"Kyrie Irving scored 29 points, not 23 points.",qwen_small,p0d_sent,3611.41
S002,12,1,Kyrie Irving,245.0,246.0,NAME,LeBron James,"LeBron James led the team with 23 points, not Kyrie Irving.",qwen_small,p0d_sent,3611.41
S002,12,2,29,256.0,256.0,NUMBER,23,"LeBron James scored 23 points, not 29 points.",qwen_small,p0d_sent,3611.41
S002,13,1,24,274.0,274.0,NUMBER,23,"LeBron James scored 23 points, not 24.",qwen_small,p0d_sent,3611.41
S002,13,2,9,,,NUMBER,13,"LeBron James had 13 assists, not 9.",qwen_small,p0d_sent,3611.41
S002,13,3,5,95.0,95.0,NUMBER,3,"LeBron James had 3 steals, not 5.",qwen_small,p0d_sent,3611.41
S002,14,1,25,151.0,151.0,NUMBER,24,"Tristan Thompson scored 24 points, not 25.",qwen_small,p0d_sent,3611.41
S002,14,2,25,151.0,151.0,NUMBER,24,"Tristan Thompson scored 24 points, not 25.",qwen_small,p0d_sent,3611.41
S002,15,1,Sunday,188.0,188.0,NAME,Friday,"The game was played on Friday, not Sunday.",qwen_small,p0d_sent,3611.41
S002,15,2,Orlando Magic,317.0,318.0,NAME,Chicago Bulls,"The Cavaliers will face the Chicago Bulls, not the Orlando Magic.",qwen_small,p0d_sent,3611.41
S003,1,1,Saturday,17.0,17.0,NAME,Sunday,"The game was played on Sunday, not Saturday.",qwen_small,p0d_sent,3611.41
S003,2,1,19 - 8,23.0,25.0,NUMBER,19-8,"The home line shows the Raptors' record as 19-8, not 19-8 again.",qwen_small,p0d_sent,3611.41
S003,2,2,19 - 8,23.0,25.0,NUMBER,19-8,"The home line shows the Raptors' record as 19-8, not 19-8 again.",qwen_small,p0d_sent,3611.41
S003,3,1,DeMar,74.0,74.0,NAME,DeMarre,"DeMarre Carroll played, not DeMar DeRozan.",qwen_small,p0d_sent,3611.41
S003,3,2,DeRozan,75.0,75.0,NAME,Carroll,"DeMarre Carroll played, not DeMar DeRozan.",qwen_small,p0d_sent,3611.41
S003,4,1,16,107.0,107.0,NUMBER,3,"Kyle Lowry scored 16 points, not 3.",qwen_small,p0d_sent,3611.41
S003,4,2,10,111.0,111.0,NUMBER,3,"Kyle Lowry had 10 assists, not 3.",qwen_small,p0d_sent,3611.41
S003,5,1,16,107.0,107.0,NUMBER,13,"Jonas Valanciunas recorded 13 rebounds, not 16.",qwen_small,p0d_sent,3611.41
S003,5,2,double,114.0,114.0,WORD,triple,"Jonas Valanciunas recorded a triple-double, not a double-double.",qwen_small,p0d_sent,3611.41
S003,6,1,16,107.0,107.0,NUMBER,13,"Jonas Valanciunas recorded 13 rebounds, not 16.",qwen_small,p0d_sent,3611.41
S003,6,2,16,107.0,107.0,NUMBER,13,"Jonas Valanciunas recorded 13 rebounds, not 16.",qwen_small,p0d_sent,3611.41
S003,6,3,16,107.0,107.0,NUMBER,13,"Jonas Valanciunas recorded 13 rebounds, not 16.",qwen_small,p0d_sent,3611.41
S003,7,1,11,194.0,194.0,NUMBER,31,"DeMar DeRozan scored 31 points, not 11.",qwen_small,p0d_sent,3611.41
S003,7,2,five,90.0,90.0,WORD,six,"DeMar DeRozan recorded a double-double, so he had six rebounds, not five.",qwen_small,p0d_sent,3611.41
S003,7,3,four,93.0,93.0,NUMBER,three,"DeMar DeRozan had three assists, not four.",qwen_small,p0d_sent,3611.41
S003,8,1,Toronto,2.0,2.0,TEAM,Orlando,"The home team is Orlando, not Toronto.",qwen_small,p0d_sent,3611.41
S003,8,2,defeated,4.0,4.0,ACTION,beat,The term 'defeated' is less commonly used in basketball narratives; 'beat' is more appropriate.,qwen_small,p0d_sent,3611.41
S003,8,3,host,,,ROLE,home,The term 'host' is less commonly used in basketball narratives; 'home' is more appropriate.,qwen_small,p0d_sent,3611.41
S003,8,4,Orlando,6.0,6.0,TEAM,Toronto,"The visiting team is Toronto, not Orlando.",qwen_small,p0d_sent,3611.41
S003,8,5,109,9.0,9.0,NUMBER,79,"The score is 79-109, not 109-79.",qwen_small,p0d_sent,3611.41
S003,8,6,79,11.0,11.0,NUMBER,109,"The score is 79-109, not 109-79.",qwen_small,p0d_sent,3611.41
S003,9,1,Charlotte,236.0,236.0,NAME,Orlando,"The game was played in Orlando, not Charlotte.",qwen_small,p0d_sent,3611.41
S003,9,2,Hornets,241.0,241.0,NAME,Magic,"The visiting team was the Orlando Magic, not the Hornets.",qwen_small,p0d_sent,3611.41
S003,10,1,Elfrid Payton,252.0,253.0,NAME,Nikola Vucevic,"Nikola Vucevic led the team in scoring, not Elfrid Payton.",qwen_small,p0d_sent,3611.41
S003,11,1,10,111.0,111.0,NUMBER,30,"Toronto won the second and third quarters by 61-34, not 61-10.",qwen_small,p0d_sent,3611.41
S003,11,2,34,,,NUMBER,34,"The score difference in the second and third quarters was 34, not 10.",qwen_small,p0d_sent,3611.41
S003,11,3,30,56.0,56.0,NUMBER,34,"The score difference in the second and third quarters was 34, not 30.",qwen_small,p0d_sent,3611.41
S003,12,1,Elfrid Payton,252.0,253.0,NAME,Elfrid Payton,,qwen_small,p0d_sent,3611.41
S003,12,2,13,139.0,139.0,NUMBER,32,"Toronto Raptors won the second quarter with 32 points, not 13.",qwen_small,p0d_sent,3611.41
S003,13,1,10,111.0,111.0,NUMBER,30,"Toronto won the second and third quarters by 61-34, not 61-10.",qwen_small,p0d_sent,3611.41
S003,13,2,34,,,NUMBER,34,"The score difference in the second and third quarters was 34, not 10.",qwen_small,p0d_sent,3611.41
S003,14,1,DJ Augustin,342.0,343.0,NAME,D.J. Augustin,The correct name of the player is D.J. Augustin.,qwen_small,p0d_sent,3611.41
S003,14,2,11,194.0,194.0,NUMBER,0,"D.J. Augustin did not score 11 points, he had 0 points in this game.",qwen_small,p0d_sent,3611.41
S003,15,1,host,,,NAME,home,"The home team is referred to as 'home', not 'host'.",qwen_small,p0d_sent,3611.41
S003,15,2,Orlando,6.0,6.0,TEAM_CITY,Orlando,The home team city is correctly stated as Orlando.,qwen_small,p0d_sent,3611.41
S003,16,1,Friday,51.0,51.0,NAME,Sunday,"The game was played on Sunday, not Friday.",qwen_small,p0d_sent,3611.41
S004,1,1,96 - 89,11.0,13.0,NUMBER,96-89,The score is correctly reported as 96-89.,qwen_small,p0d_sent,3611.41
S004,1,2,Friday,21.0,21.0,NAME,Friday,"The game was played on Friday, not Wednesday.",qwen_small,p0d_sent,3611.41
S004,2,1,1 - 1,,,NUMBER,1 - 0,"The Jazz won the game, so their record should be 1 - 0.",qwen_small,p0d_sent,3611.41
S004,2,2,one,32.0,32.0,NUMBER,zero,"The Jazz did not have one of the best records in the NBA, they had zero losses in this game.",qwen_small,p0d_sent,3611.41
S004,3,1,16,72.0,72.0,NUMBER,15,"The forward came off the bench for an impressive 15 points, not 16.",qwen_small,p0d_sent,3611.41
S004,3,2,20,,,NUMBER,15,"The forward came off the bench for an impressive 15 minutes, not 20 minutes.",qwen_small,p0d_sent,3611.41
S004,4,1,30,,,NUMBER,20,"Isaiah Thomas scored 20 points, not 30.",qwen_small,p0d_sent,3611.41
S004,4,2,double - double,326.0,328.0,WORD,,Isaiah Thomas did not record a double-double.,qwen_small,p0d_sent,3611.41
S004,5,1,43,120.0,120.0,NUMBER,24,"The Jazz won the rebounding battle by 24, not 43.",qwen_small,p0d_sent,3611.41
S004,5,2,24,97.0,97.0,NUMBER,43,"The Jazz won the rebounding battle by 43, not 24.",qwen_small,p0d_sent,3611.41
S004,6,1,(1 -1),,,NUMBER,(1-0),"The Jazz won their first game of the season, so their record is 1-0.",qwen_small,p0d_sent,3611.41
S004,6,2,without,136.0,136.0,WORD,with,The sentence should indicate that the Lakers had enough offense despite missing Kobe Bryant.,qwen_small,p0d_sent,3611.41
S004,7,1,D' Angelo Russell,,,NAME,D'Angelo Russell,Correct the full name of the player.,qwen_small,p0d_sent,3611.41
S004,7,2,17,164.0,164.0,NUMBER,3,"D'Angelo Russell scored 3 points, not 17 points.",qwen_small,p0d_sent,3611.41
S004,8,1,Luol,173.0,173.0,NAME,Julius,"Luol Deng is not a starter, Julius Randle is.",qwen_small,p0d_sent,3611.41
S004,8,2,12,187.0,187.0,NUMBER,17,"Lou Williams scored 17 points, not 12.",qwen_small,p0d_sent,3611.41
S004,9,1,17,164.0,164.0,NUMBER,15,"D'Angelo Russell actually scored 15 points, not 17.",qwen_small,p0d_sent,3611.41
S004,9,2,5,,,NUMBER,3,"D'Angelo Russell had 3 assists, not 5.",qwen_small,p0d_sent,3611.41
S004,9,3,5,,,NUMBER,3,"D'Angelo Russell had 3 rebounds, not 5.",qwen_small,p0d_sent,3611.41
S004,10,1,Luol,173.0,173.0,NAME,Julius,"Luol Deng is not a starter, Julius Randle is.",qwen_small,p0d_sent,3611.41
S004,10,2,Deng,174.0,174.0,NAME,Randle,"Luol Deng is not a starter, Julius Randle is.",qwen_small,p0d_sent,3611.41
S004,11,1,Sunday,248.0,248.0,NAME,Sunday,"The teams will travel on Sunday, not on Saturday.",qwen_small,p0d_sent,3611.41
S004,11,2,Portland,244.0,244.0,NAME,Utah,"The home team is the Utah Jazz, not the Portland Trail Blazers.",qwen_small,p0d_sent,3611.41
S004,12,1,four,260.0,260.0,NUMBER,five,"The Jazz have won five of their last five games, not four.",qwen_small,p0d_sent,3611.41
S004,12,2,struggle,271.0,271.0,WORD,success,"The Jazz have been successful in their recent games, not struggling.",qwen_small,p0d_sent,3611.41
S004,13,1,George Hill,273.0,274.0,PLAYER,Derrick Favors,"George Hill did not lead the team in points, rebounds, and assists. Derrick Favors led the team with 15 points and 9 rebounds.",qwen_small,p0d_sent,3611.41
S004,13,2,23,288.0,288.0,NUMBER,15,"Derrick Favors led the team with 15 points, not 23 points.",qwen_small,p0d_sent,3611.41
S004,13,3,three,100.0,100.0,NUMBER,nine,"Derrick Favors had 9 rebounds, not 3 rebounds.",qwen_small,p0d_sent,3611.41
S004,13,4,three,100.0,100.0,NUMBER,three,"Derrick Favors had 3 assists, not 3 assists (redundant).",qwen_small,p0d_sent,3611.41
S004,14,1,13,313.0,313.0,NUMBER,15,"Gobert had 15 points, not 13.",qwen_small,p0d_sent,3611.41
S004,14,2,13,313.0,313.0,NUMBER,15,"Gobert had 15 rebounds, not 13.",qwen_small,p0d_sent,3611.41
S004,15,1,13,313.0,313.0,NUMBER,15,"Rudy Gobert recorded 15 points, not 13.",qwen_small,p0d_sent,3611.41
S004,15,2,13,313.0,313.0,NUMBER,15,"Rudy Gobert recorded 15 rebounds, not 13.",qwen_small,p0d_sent,3611.41
S004,16,1,13,313.0,313.0,NUMBER,15,"Rudy Gobert actually recorded 15 points, not 13.",qwen_small,p0d_sent,3611.41
S004,16,2,13,313.0,313.0,NUMBER,15,"Rudy Gobert actually recorded 15 rebounds, not 13.",qwen_small,p0d_sent,3611.41
S004,17,1,Sunday,248.0,248.0,DAY_OF_WEEK,Sunday,"The game on Friday, not Sunday.",qwen_small,p0d_sent,3611.41
S004,17,2,Portland,244.0,244.0,TEAM,Oklahoma City,"The Jazz will play the Thunder in Oklahoma City, not the Portland Trail Blazers.",qwen_small,p0d_sent,3611.41
S005,1,1,35,8.0,8.0,NUMBER,53,"The Hawks had a 53% success rate from the floor, not 35%.",qwen_small,p0d_sent,3611.41
S005,1,2,26,16.0,16.0,NUMBER,36,"The Hawks had a 36% success rate from three-point range, not 26%.",qwen_small,p0d_sent,3611.41
S005,2,1,21,35.0,35.0,NUMBER,20,"Paul Millsap scored 20 points, not 21.",qwen_small,p0d_sent,3611.41
S005,2,2,points,52.0,52.0,WORD,"points, but only 20","Paul Millsap scored 20 points, not 21 points.",qwen_small,p0d_sent,3611.41
S005,3,1,21,35.0,35.0,NUMBER,20,"The Hawks had 20 points, not 21.",qwen_small,p0d_sent,3611.41
S005,3,2,21,35.0,35.0,NUMBER,20,"The Hawks had 20 points, not 21.",qwen_small,p0d_sent,3611.41
S005,3,3,21,35.0,35.0,NUMBER,20,"The Hawks had 20 points, not 21.",qwen_small,p0d_sent,3611.41
S005,4,1,11,89.0,89.0,NUMBER,13,"Dwight Howard's points were 13, not 11.",qwen_small,p0d_sent,3611.41
S005,4,2,13,93.0,93.0,NUMBER,11,"Dwight Howard's rebounds were 11, not 13.",qwen_small,p0d_sent,3611.41
S005,5,1,27,117.0,117.0,NUMBER,21,"Kent Bazemore actually scored 21 points, not 27.",qwen_small,p0d_sent,3611.41
S005,6,1,27,117.0,117.0,NUMBER,21,"Kent Bazemore actually scored 21 points, not 27.",qwen_small,p0d_sent,3611.41
S005,7,1,Paul,38.0,38.0,NAME,Dennis,"Dennis Schroder led the Hawks, not Paul Millsap.",qwen_small,p0d_sent,3611.41
S005,7,2,Millsap,39.0,39.0,NAME,Schroder,"Dennis Schroder led the Hawks, not Paul Millsap.",qwen_small,p0d_sent,3611.41
S005,8,1,11,89.0,89.0,NUMBER,13,"Dwight Howard scored 13 points, not 11.",qwen_small,p0d_sent,3611.41
S005,8,2,3,,,NUMBER,2,"Dwight Howard recorded 2 assists, not 3.",qwen_small,p0d_sent,3611.41
S005,8,3,1,,,NUMBER,0,Dwight Howard did not record a block in this game.,qwen_small,p0d_sent,3611.41
S005,9,1,Kent,111.0,111.0,NAME,Malcolm,Kent Bazemore is not a player on the Hawks. Malcolm Delaney led the second unit with 12 points.,qwen_small,p0d_sent,3611.41
S005,9,2,Bazemore,112.0,112.0,NAME,Delaney,Kent Bazemore is not a player on the Hawks. Malcolm Delaney led the second unit with 12 points.,qwen_small,p0d_sent,3611.41
S005,10,1,New York,229.0,230.0,NAME,Atlanta,"The Hawks play in Atlanta, not New York.",qwen_small,p0d_sent,3611.41
S005,10,2,Monday,233.0,233.0,DAY,Friday,"The Hawks' game is on Friday, not Monday.",qwen_small,p0d_sent,3611.41
S006,1,1,defeated,9.0,9.0,WORD,defeated,"The Nets actually defeated the Rockets, not the other way around.",qwen_small,p0d_sent,3611.41
S006,1,2,Friday,22.0,22.0,NAME,Tuesday,"The game was played on Tuesday, not Friday.",qwen_small,p0d_sent,3611.41
S006,2,1,double,32.0,32.0,WORD,straight,"The game ended with a straight 110-105 score, not a double-digit difference.",qwen_small,p0d_sent,3611.41
S006,2,2,Tuesday,,,NAME,Wednesday,"The game was played on Wednesday, not Tuesday.",qwen_small,p0d_sent,3611.41
S006,3,1,10,5.0,5.0,NUMBER,110,"The Nets scored 110, not 10.",qwen_small,p0d_sent,3611.41
S006,3,2,12,7.0,7.0,NUMBER,15,"The Rockets lost 15 games, not 12.",qwen_small,p0d_sent,3611.41
S006,4,1,Trevor Ariza,66.0,67.0,NAME,Clint Capela,"Clint Capela was the only other starter in double figures, not Trevor Ariza.",qwen_small,p0d_sent,3611.41
S006,4,2,2,80.0,80.0,NUMBER,10,"Clint Capela scored 10 points, not 2 points.",qwen_small,p0d_sent,3611.41
S006,5,1,Wednesday,105.0,105.0,NAME,Tuesday,"The game was played on Tuesday, not Wednesday.",qwen_small,p0d_sent,3611.41
S006,6,1,N/A,,,NAME,Brooklyn,"The Nets played at home, so the home city should be Brooklyn.",qwen_small,p0d_sent,3611.41
S006,6,2,N/A,,,NAME,Houston,"The Rockets were the visiting team, so the visiting city should be Houston.",qwen_small,p0d_sent,3611.41
S006,7,1,24,151.0,151.0,NUMBER,22,"Brook Lopez scored 22 points, not 24.",qwen_small,p0d_sent,3611.41
S006,7,2,24,151.0,151.0,NUMBER,22,"Brook Lopez scored 22 points, not 24.",qwen_small,p0d_sent,3611.41
S006,8,1,20,177.0,177.0,NUMBER,19,"Clint Capela played for 19 minutes, not 20.",qwen_small,p0d_sent,3611.41
S006,8,2,21,,,NUMBER,16,"Trevor Ariza played for 16 minutes, not 21.",qwen_small,p0d_sent,3611.41
S006,8,3,22,,,NUMBER,35,"James Harden played for 35 minutes, not 22.",qwen_small,p0d_sent,3611.41
S006,8,4,23,,,NUMBER,29,"Dwight Howard played for 29 minutes, not 23.",qwen_small,p0d_sent,3611.41
S006,8,5,2,80.0,80.0,NUMBER,29,"Dwight Howard played for 29 minutes, not 2.",qwen_small,p0d_sent,3611.41
S006,8,6,5,,,NUMBER,7,"Donatas Motiejunas played for 7 minutes, not 5.",qwen_small,p0d_sent,3611.41
S006,8,7,4,,,NUMBER,28,"Patrick Beverley played for 28 minutes, not 4.",qwen_small,p0d_sent,3611.41
S006,8,8,7,,,NUMBER,19,"Ty Lawson played for 19 minutes, not 7.",qwen_small,p0d_sent,3611.41
S006,8,9,6,14.0,14.0,NUMBER,34,"Corey Brewer played for 34 minutes, not 6.",qwen_small,p0d_sent,3611.41
S006,8,10,9,,,NUMBER,26,"Marcus Thornton played for 26 minutes, not 9.",qwen_small,p0d_sent,3611.41
S006,8,11,8,,,NUMBER,16,"Terrence Jones played for 16 minutes, not 8.",qwen_small,p0d_sent,3611.41
S006,8,12,11,,,NUMBER,43,"Joe Johnson played for 43 minutes, not 11.",qwen_small,p0d_sent,3611.41
S006,8,13,10,5.0,5.0,NUMBER,15,"Jason Terry played for 15 minutes, not 10.",qwen_small,p0d_sent,3611.41
S006,8,14,13,,,NUMBER,39,"Brook Lopez played for 39 minutes, not 13.",qwen_small,p0d_sent,3611.41
S006,8,15,12,7.0,7.0,NUMBER,34,"Thaddeus Young played for 34 minutes, not 12.",qwen_small,p0d_sent,3611.41
S006,8,16,15,16.0,16.0,NUMBER,37,"Jarrett Jack played for 37 minutes, not 15.",qwen_small,p0d_sent,3611.41
S006,8,17,14,,,NUMBER,38,"Bojan Bogdanovic played for 38 minutes, not 14.",qwen_small,p0d_sent,3611.41
S006,8,18,17,,,NUMBER,16,"Shane Larkin played for 16 minutes, not 17.",qwen_small,p0d_sent,3611.41
S006,8,19,16,,,NUMBER,11,"Thomas Robinson played for 11 minutes, not 16.",qwen_small,p0d_sent,3611.41
S006,8,20,19,,,NUMBER,6,"Markel Brown played for 6 minutes, not 19.",qwen_small,p0d_sent,3611.41
S006,8,21,18,,,NUMBER,16,"Wayne Ellington played for 16 minutes, not 18.",qwen_small,p0d_sent,3611.41
S006,9,1,Wednesday,105.0,105.0,NAME,Tuesday,"The game was played on Tuesday, not Wednesday.",qwen_small,p0d_sent,3611.41
S007,1,1,Wednesday,,,NAME,Sunday,"The game was played on Sunday, not Wednesday.",qwen_small,p0d_sent,3611.41
S007,2,1,36,33.0,33.0,NUMBER,31,"Cousins finished with 31 points, not 36 points.",qwen_small,p0d_sent,3611.41
S007,2,2,36,33.0,33.0,NUMBER,31,"Cousins finished with 31 points, not 36 points.",qwen_small,p0d_sent,3611.41
S007,2,3,11,36.0,36.0,NUMBER,10,"Cousins had 10 assists, not 11.",qwen_small,p0d_sent,3611.41
S007,2,4,seven,39.0,39.0,NUMBER,three,"Cousins had 3 steals, not 7 steals.",qwen_small,p0d_sent,3611.41
S007,2,5,one,45.0,45.0,NUMBER,none,"Cousins did not block anyone, the comment about blocks is incorrect.",qwen_small,p0d_sent,3611.41
S007,2,6,11,36.0,36.0,NUMBER,10,"Westbrook had 10 assists, not 11.",qwen_small,p0d_sent,3611.41
S007,2,7,seven,39.0,39.0,NUMBER,four,"Westbrook had 4 steals, not 7 steals.",qwen_small,p0d_sent,3611.41
S007,3,1,10,109.0,109.0,NUMBER,7,"Westbrook scored 36 points, not 39 points.",qwen_small,p0d_sent,3611.41
S007,3,2,11,36.0,36.0,NUMBER,10,"Westbrook had 10 assists, not 11 assists.",qwen_small,p0d_sent,3611.41
S007,3,3,11,36.0,36.0,NUMBER,10,"Westbrook had 10 rebounds, not 11 rebounds.",qwen_small,p0d_sent,3611.41
S007,3,4,7,,,NUMBER,4,"Westbrook had 7 turnovers, not 4 turnovers.",qwen_small,p0d_sent,3611.41
S007,3,5,11,36.0,36.0,NUMBER,21,"Westbrook shot 11 out of 21, not 11 out of 21.",qwen_small,p0d_sent,3611.41
S007,3,6,23,,,NUMBER,22,"Oladipo scored 23 points, not 22 points.",qwen_small,p0d_sent,3611.41
S007,3,7,29,106.0,106.0,NUMBER,28,"Kanter scored 28 points, not 29 points.",qwen_small,p0d_sent,3611.41
S007,4,1,36,33.0,33.0,NUMBER,32,"Westbrook's shooting percentage is 44%, not 46%.",qwen_small,p0d_sent,3611.41
S007,4,2,36,33.0,33.0,NUMBER,32,"Westbrook's shooting percentage is 44%, not 46%.",qwen_small,p0d_sent,3611.41
S007,4,3,36,33.0,33.0,NUMBER,32,"Westbrook's shooting percentage is 44%, not 46%.",qwen_small,p0d_sent,3611.41
S007,4,4,21,52.0,52.0,NUMBER,20,"Westbrook attempted 20 shots, not 21.",qwen_small,p0d_sent,3611.41
S007,4,5,21,52.0,52.0,NUMBER,20,"Westbrook attempted 20 shots, not 21.",qwen_small,p0d_sent,3611.41
S007,4,6,21,52.0,52.0,NUMBER,20,"Westbrook attempted 20 shots, not 21.",qwen_small,p0d_sent,3611.41
S007,4,7,21,52.0,52.0,NUMBER,20,"Westbrook attempted 20 shots, not 21.",qwen_small,p0d_sent,3611.41
S007,4,8,21,52.0,52.0,NUMBER,20,"Westbrook attempted 20 shots, not 21.",qwen_small,p0d_sent,3611.41
S007,4,9,21,52.0,52.0,NUMBER,20,"Westbrook attempted 20 shots, not 21.",qwen_small,p0d_sent,3611.41
S007,4,10,21,52.0,52.0,NUMBER,20,"Westbrook attempted 20 shots, not 21.",qwen_small,p0d_sent,3611.41
S007,4,11,21,52.0,52.0,NUMBER,20,"Westbrook attempted 20 shots, not 21.",qwen_small,p0d_sent,3611.41
S007,4,12,21,52.0,52.0,NUMBER,20,"Westbrook attempted 20 shots, not 21.",qwen_small,p0d_sent,3611.41
S007,4,13,21,52.0,52.0,NUMBER,20,"Westbrook attempted 20 shots, not 21.",qwen_small,p0d_sent,3611.41
S007,4,14,21,52.0,52.0,NUMBER,20,"Westbrook attempted 20 shots, not 21.",qwen_small,p0d_sent,3611.41
S007,4,15,21,52.0,52.0,NUMBER,20,"Westbrook attempted 20 shots, not 21.",qwen_small,p0d_sent,3611.41
S007,4,16,21,52.0,52.0,NUMBER,20,"Westbrook attempted 20 shots, not 21.",qwen_small,p0d_sent,3611.41
S007,4,17,21,52.0,52.0,NUMBER,20,"Westbrook attempted 20 shots, not 21.",qwen_small,p0d_sent,3611.41
S007,4,18,21,52.0,52.0,NUMBER,20,"Westbrook attempted 20 shots, not 21.",qwen_small,p0d_sent,3611.41
S007,4,19,21,52.0,52.0,NUMBER,20,"Westbrook attempted 20 shots, not 21.",qwen_small,p0d_sent,3611.41
S007,4,20,21,52.0,52.0,NUMBER,20,"Westbrook attempted 20 shots, not 21.",qwen_small,p0d_sent,3611.41
S007,4,21,21,52.0,52.0,NUMBER,20,"Westbrook attempted 20 shots, not 21.",qwen_small,p0d_sent,3611.41
S007,4,22,21,52.0,52.0,NUMBER,20,"Westbrook attempted 20 shots, not 21.",qwen_small,p0d_sent,3611.41
S007,4,23,21,52.0,52.0,NUMBER,20,"Westbrook attempted 20 shots, not 21.",qwen_small,p0d_sent,3611.41
S007,4,24,21,52.0,52.0,NUMBER,20,"Westbrook attempted 20 shots, not 21.",qwen_small,p0d_sent,3611.41
S007,4,25,21,52.0,52.0,NUMBER,20,"Westbrook attempted 20 shots, not 21.",qwen_small,p0d_sent,3611.41
S007,4,26,21,52.0,52.0,NUMBER,20,"Westbrook attempted 20 shots, not 21.",qwen_small,p0d_sent,3611.41
S007,4,27,21,52.0,52.0,NUMBER,20,"Westbrook attempted 20 shots, not 21.",qwen_small,p0d_sent,3611.41
S007,4,28,21,52.0,52.0,NUMBER,20,"Westbrook attempted 20 shots, not 21.",qwen_small,p0d_sent,3611.41
S007,4,29,21,52.0,52.0,NUMBER,20,"Westbrook attempted 20 shots, not 21.",qwen_small,p0d_sent,3611.41
S007,4,30,21,52.0,52.0,,,,qwen_small,p0d_sent,3611.41
S007,5,1,DeMarcus,154.0,154.0,NAME,Russell,"Russell Westbrook led the way, not DeMarcus Cousins.",qwen_small,p0d_sent,3611.41
S007,5,2,31,164.0,164.0,NUMBER,36,"Russell Westbrook scored 36 points, not 31 points.",qwen_small,p0d_sent,3611.41
S007,5,3,11,36.0,36.0,NUMBER,10,"Russell Westbrook had 10 assists, not 11 assists.",qwen_small,p0d_sent,3611.41
S007,6,1,10,109.0,109.0,NUMBER,7,"The final score was 122-118, not 122-111.",qwen_small,p0d_sent,3611.41
S007,6,2,18,113.0,113.0,NAME,11,"The game was played at Golden 1 Center, not Golden 11 Center.",qwen_small,p0d_sent,3611.41
S008,1,1,defeated,4.0,4.0,WORD,beat,The term 'defeated' is less commonly used in basketball to describe a win. 'Beat' is more appropriate.,qwen_small,p0d_sent,3611.41
S008,1,2,Saturday,19.0,19.0,DAY_OF_WEEK,Sunday,"The game was actually played on Sunday, not Saturday.",qwen_small,p0d_sent,3611.41
S008,2,1,5 - 5,24.0,26.0,NUMBER,7-5,"The Jazz have 7 wins and 5 losses, not 5-5.",qwen_small,p0d_sent,3611.41
S008,2,2,Tuesday,56.0,56.0,NAME,Saturday,"The game was on Saturday, not Tuesday.",qwen_small,p0d_sent,3611.41
S008,2,3,33,61.0,61.0,NUMBER,25,"The first quarter score was 25, not 33.",qwen_small,p0d_sent,3611.41
S008,2,4,pull,78.0,78.0,WORD,build,"The team built their lead in the second half, not just pulled away.",qwen_small,p0d_sent,3611.41
S008,3,1,Marc Gasol,95.0,96.0,NAME,Joe Ingles,"Joe Ingles scored 20 points, not Marc Gasol.",qwen_small,p0d_sent,3611.41
S008,3,2,22,104.0,104.0,NUMBER,20,"Joe Ingles scored 20 points, not 22 points.",qwen_small,p0d_sent,3611.41
S008,4,1,Mike Conley,131.0,132.0,CONTEXT,,"Mike Conley plays for the Grizzlies, not the Suns.",qwen_small,p0d_sent,3611.41
S008,5,1,18,136.0,136.0,NUMBER,20,"Zach Randolph scored 20 points, not 18.",qwen_small,p0d_sent,3611.41
S008,5,2,7,88.0,88.0,NUMBER,13,"Zach Randolph made 13 of 13 free throws, not 7 of 13.",qwen_small,p0d_sent,3611.41
S008,5,3,of,109.0,109.0,WORD,from,The correct phrase is '4 of 4 from long range'.,qwen_small,p0d_sent,3611.41
S008,6,1,29,213.0,213.0,NUMBER,29,"The Jazz shot 29 percent from long range, not 29 percent from the field.",qwen_small,p0d_sent,3611.41
S008,6,2,29,213.0,213.0,NUMBER,29,"The Jazz shot 29 percent from long range, not 29 percent from the field.",qwen_small,p0d_sent,3611.41
S008,7,1,5 - 5,24.0,26.0,NUMBER,7,"The Jazz won 7 games, not 5-5.",qwen_small,p0d_sent,3611.41
S008,7,2,5,24.0,24.0,NUMBER,7,"The Jazz won 7 games, not 5-5.",qwen_small,p0d_sent,3611.41
S008,7,3,5,24.0,24.0,NUMBER,7,"The Jazz won 7 games, not 5-5.",qwen_small,p0d_sent,3611.41
S008,8,1,Gordon,265.0,265.0,NAME,Joe,"Joe Ingles led the way, not Gordon Hayward.",qwen_small,p0d_sent,3611.41
S008,8,2,Hayward,266.0,266.0,NAME,Ingles,"Joe Ingles led the way, not Gordon Hayward.",qwen_small,p0d_sent,3611.41
S008,9,1,22,104.0,104.0,NUMBER,20,"Rudy Gobert scored 20 points, not 22.",qwen_small,p0d_sent,3611.41
S008,9,2,9,107.0,107.0,NUMBER,17,"Rudy Gobert shot 9-17 from the field, not 9-17.",qwen_small,p0d_sent,3611.41
S008,10,1,29,213.0,213.0,NUMBER,29,"The Jazz shot 29 percent from long range, not 29 percent from the field.",qwen_small,p0d_sent,3611.41
S008,10,2,29,213.0,213.0,NUMBER,29,"The Jazz shot 29 percent from long range, not 29 percent from the field.",qwen_small,p0d_sent,3611.41
S008,11,1,Trail,376.0,376.0,NAME,Grizzlies,"The visiting team is the Grizzlies, not the Trail Blazers.",qwen_small,p0d_sent,3611.41
S008,11,2,Monday,379.0,379.0,DAY_OF_WEEK,Tuesday,"The game was played on Tuesday, not Monday.",qwen_small,p0d_sent,3611.41
S009,1,1,defeated,4.0,4.0,WORD,defeated,"The Bucks actually lost to the Lakers, so the correct verb is 'lost'.",qwen_small,p0d_sent,3611.41
S009,1,2,122 - 122,10.0,12.0,NUMBER,122-114,"The score was 122-114, not 122-122.",qwen_small,p0d_sent,3611.41
S009,1,3,Tuesday,20.0,20.0,NAME,Friday,"The game was played on Friday, not Tuesday.",qwen_small,p0d_sent,3611.41
S009,2,1,prevail,35.0,35.0,WORD,lose,"The Bucks lost the game, not prevailed.",qwen_small,p0d_sent,3611.41
S009,3,1,double,59.0,59.0,WORD,ten,"The Bucks did not have six players in double figures, but rather six players in the double-digit range.",qwen_small,p0d_sent,3611.41
S009,3,2,double,59.0,59.0,WORD,ten,"The Bucks did not have six players in double figures, but rather six players in the double-digit range.",qwen_small,p0d_sent,3611.41
S009,4,1,29,83.0,83.0,NUMBER,30,"The Bucks scored 30 points in the second quarter, not 29.",qwen_small,p0d_sent,3611.41
S009,4,2,30,209.0,209.0,NUMBER,25,"The Lakers scored 25 points in the second quarter, not 30.",qwen_small,p0d_sent,3611.41
S009,5,1,47,,,NUMBER,30,"The Bucks scored 30 points in the first quarter, not 47.",qwen_small,p0d_sent,3611.41
S009,5,2,roaring,,,WORD,slow,"The Bucks did not maintain a hot start, they struggled in the second quarter.",qwen_small,p0d_sent,3611.41
S009,6,1,41,129.0,129.0,NUMBER,26,"Young led the way with 26 points, not 41.",qwen_small,p0d_sent,3611.41
S009,6,2,points,130.0,130.0,WORD,"points, but","Antetokounmpo was the only starter to manage double-digit scoring, but he amassed enough points for at least two players.",qwen_small,p0d_sent,3611.41
S009,7,1,Luol,145.0,145.0,NAME,Julius,Luol Deng is not the player who scored 26 points; Julius Randle did.,qwen_small,p0d_sent,3611.41
S009,8,1,D' Angelo,,,NAME,D'Angelo,Correcting the first name to match the box score data.,qwen_small,p0d_sent,3611.41
S009,8,2,accrued,155.0,155.0,WORD,scored,"D'Angelo Russell scored points, not accrued them.",qwen_small,p0d_sent,3611.41
S009,9,1,Sunday,203.0,203.0,NAME,Saturday,"The game is scheduled for Saturday, not Sunday.",qwen_small,p0d_sent,3611.41
S009,10,1,22 - 30,207.0,209.0,NUMBER,23-30,"The Bucks' record is 23-30, not 22-30.",qwen_small,p0d_sent,3611.41
S009,10,2,22 - 30,207.0,209.0,NUMBER,23-30,"The Bucks' record is 23-30, not 22-30.",qwen_small,p0d_sent,3611.41
S009,11,1,41,129.0,129.0,NUMBER,30,"The Bucks scored 30 points in the final period, not 41.",qwen_small,p0d_sent,3611.41
S009,11,2,41,129.0,129.0,NUMBER,30,"The Bucks scored 30 points in the final period, not 41.",qwen_small,p0d_sent,3611.41
S009,12,1,Khris Middleton,248.0,249.0,CONTEXT,,Khris Middleton is not second on the team in terms of scoring; the correct player is not specified in the data provided.,qwen_small,p0d_sent,3611.41
S009,13,1,Greg Monroe,268.0,269.0,NAME,Spencer Hawes,Greg Monroe did not score 18 points; Spencer Hawes did.,qwen_small,p0d_sent,3611.41
S009,14,1,Friday,300.0,300.0,NAME,Wednesday,"The game was played on Wednesday, not Friday.",qwen_small,p0d_sent,3611.41
S009,14,2,Milwaukee,2.0,2.0,TEAM,Orlando,"The Bucks are playing against the Orlando Magic, not the Milwaukee Bucks.",qwen_small,p0d_sent,3611.41
S010,1,1,defeated,4.0,4.0,WORD,beat,The term 'defeated' is less commonly used in basketball to describe a win.,qwen_small,p0d_sent,3611.41
S010,1,2,host,6.0,6.0,NAME,home,The term 'host' is not typically used to refer to the home team in basketball game reports.,qwen_small,p0d_sent,3611.41
S010,1,3,Amway Center,15.0,16.0,NAME,Amway Center,The venue name should be consistent with the standard format used in the league reports.,qwen_small,p0d_sent,3611.41
S010,1,4,Friday,18.0,18.0,NAME,Thursday,"The game was actually played on Thursday, according to the box score data.",qwen_small,p0d_sent,3611.41
S010,2,1,prevail,33.0,33.0,WORD,win,"The Hawks won the game, not just prevailed.",qwen_small,p0d_sent,3611.41
S010,2,2,road,37.0,37.0,NAME,home,"The game was played at the home arena of the Magic, not on the road.",qwen_small,p0d_sent,3611.41
S010,3,1,11,45.0,45.0,NUMBER,10,"There were 10 ties, not 11.",qwen_small,p0d_sent,3611.41
S010,3,2,11,45.0,45.0,NUMBER,10,"There were 10 lead changes, not 11.",qwen_small,p0d_sent,3611.41
S010,3,3,11,45.0,45.0,NUMBER,10,"There were 10 lead changes, not 11.",qwen_small,p0d_sent,3611.41
S010,4,1,43,75.0,75.0,NUMBER,32,"Orlando's shooting percentage from the field was 32%, not 43%.",qwen_small,p0d_sent,3611.41
S010,4,2,53,81.0,81.0,NUMBER,32,"Orlando's shooting percentage from three-point range was 32%, not 53%.",qwen_small,p0d_sent,3611.41
S010,5,1,27,101.0,101.0,NUMBER,19,"The Hawks had 19 assists, not 27.",qwen_small,p0d_sent,3611.41
S010,5,2,12,104.0,104.0,NUMBER,19,"The Hawks had 19 turnovers, not 12.",qwen_small,p0d_sent,3611.41
S010,5,3,17,111.0,111.0,NUMBER,19,"The Magic had 19 assists, not 17.",qwen_small,p0d_sent,3611.41
S010,5,4,19,115.0,115.0,NUMBER,17,"The Magic had 17 turnovers, not 19.",qwen_small,p0d_sent,3611.41
S010,6,1,19 - 16,121.0,123.0,NUMBER,111,"The Hawks scored 111 points, not 19-16.",qwen_small,p0d_sent,3611.41
S010,6,2,four,128.0,128.0,NUMBER,five,"The Hawks have lost five of their last five games, not four.",qwen_small,p0d_sent,3611.41
S010,7,1,18,153.0,153.0,NUMBER,17,"Dennis Schroeder actually scored 17 points, not 18.",qwen_small,p0d_sent,3611.41
S010,7,2,7,162.0,162.0,NUMBER,6,"Dennis Schroeder made 6 of 13 shots, not 7 of 13.",qwen_small,p0d_sent,3611.41
S010,8,1,13,166.0,166.0,NUMBER,12,"Howard recorded 12 rebounds, not 13.",qwen_small,p0d_sent,3611.41
S010,8,2,12,104.0,104.0,NUMBER,13,"Howard recorded 13 points, not 12.",qwen_small,p0d_sent,3611.41
S010,9,1,Kent,184.0,184.0,NAME,Dwight,"Kent Bazemore is not a starter, Dwight Howard is.",qwen_small,p0d_sent,3611.41
S010,9,2,17,111.0,111.0,NUMBER,13,"Kent Bazemore scored 13 points, not 17 points.",qwen_small,p0d_sent,3611.41
S010,10,1,Saturday,218.0,218.0,NAME,Sunday,"The game was played on Sunday, not Saturday.",qwen_small,p0d_sent,3611.41
S010,11,1,16 - 21,223.0,225.0,NUMBER,19-16,"The correct record for the Magic is 19-16, not 16-21.",qwen_small,p0d_sent,3611.41
S010,11,2,struggling mightily,229.0,230.0,WORD,excited,"The Magic were actually excited about the win, not struggling.",qwen_small,p0d_sent,3611.41
S010,12,1,Nikola Vucevic,240.0,241.0,NAME,Aaron Gordon,"Aaron Gordon, not Nikola Vucevic, was the player of the game.",qwen_small,p0d_sent,3611.41
S010,12,2,10,252.0,252.0,NUMBER,15,"Eflrid Payton scored 15 points, not 10 points.",qwen_small,p0d_sent,3611.41
S010,12,3,12,104.0,104.0,NUMBER,10,"Aaron Gordon had 10 rebounds, not 12 rebounds.",qwen_small,p0d_sent,3611.41
S010,12,4,6,,,NUMBER,4,"Aaron Gordon had 4 assists, not 6 assists.",qwen_small,p0d_sent,3611.41
S010,13,1,14,272.0,272.0,NUMBER,18,"Evan Fournier actually scored 18 points, not 14.",qwen_small,p0d_sent,3611.41
S010,13,2,one,275.0,275.0,NUMBER,two,"Evan Fournier also had 2 rebounds, not 1.",qwen_small,p0d_sent,3611.41
S010,14,1,10,252.0,252.0,NUMBER,1,"The Hawks scored 1 point, not 10.",qwen_small,p0d_sent,3611.41
S010,14,2,8,,,NUMBER,9,"The Hawks scored 9 points, not 8.",qwen_small,p0d_sent,3611.41
S010,15,1,Evan Fournier,261.0,262.0,NAME,Evan Fournier (Magic),"Evan Fournier is a player on the Magic team, not a separate player in double figures.",qwen_small,p0d_sent,3611.41
S010,15,2,14,272.0,272.0,NUMBER,18,"Dennis Schroeder accumulated 18 points, not 14.",qwen_small,p0d_sent,3611.41
S010,16,1,Orlando,7.0,7.0,NAME,Hawks,"The visiting team was the Atlanta Hawks, not the Orlando Magic.",qwen_small,p0d_sent,3611.41
S010,16,2,Toronto,331.0,331.0,NAME,Atlanta,"The visiting team was the Atlanta Hawks, not the Toronto Raptors.",qwen_small,p0d_sent,3611.41
S011,1,1,Tuesday,22.0,22.0,NAME,Wednesday,"The game was played on Wednesday, not Tuesday.",qwen_small,p0d_sent,3611.41
S011,1,2,Philips,24.0,24.0,NAME,None,"The game was played at Philips Arena, but the arena name is not part of the score or team names.",qwen_small,p0d_sent,3611.41
S011,2,1,29,46.0,46.0,NUMBER,30,"The Hawks scored 30 points in the second quarter, not 29.",qwen_small,p0d_sent,3611.41
S011,2,2,18,48.0,48.0,NUMBER,29,"The Hawks scored 29 points in the first quarter, not 18.",qwen_small,p0d_sent,3611.41
S011,3,1,out - score,60.0,62.0,WORD,outscore,The correct term is 'outscore'.,qwen_small,p0d_sent,3611.41
S011,3,2,28,65.0,65.0,NUMBER,30,"The Hawks scored 30 points in the third quarter, not 28.",qwen_small,p0d_sent,3611.41
S011,4,1,44,99.0,99.0,NUMBER,48,"The Hawks shot 48 percent from the field, not 44 percent.",qwen_small,p0d_sent,3611.41
S011,4,2,25,120.0,120.0,NUMBER,44,"The Wizards finished at 44 percent from the floor, not 25 percent.",qwen_small,p0d_sent,3611.41
S011,5,1,14,135.0,135.0,NUMBER,12,"The Hawks committed 12 turnovers, not 14.",qwen_small,p0d_sent,3611.41
S011,5,2,12,141.0,141.0,NUMBER,14,"The Hawks committed 14 turnovers, not 12.",qwen_small,p0d_sent,3611.41
S011,6,1,The,1.0,1.0,WORD,The,No mistake detected in this token.,qwen_small,p0d_sent,3611.41
S011,6,2,Hawks,3.0,3.0,TEAM,Hawks,No mistake detected in this token.,qwen_small,p0d_sent,3611.41
S011,6,3,be,385.0,385.0,WORD,beat,The correct verb is 'beat'.,qwen_small,p0d_sent,3611.41
S011,6,4,the,10.0,10.0,WORD,the,No mistake detected in this token.,qwen_small,p0d_sent,3611.41
S011,6,5,Wizards,12.0,12.0,TEAM,Wizards,No mistake detected in this token.,qwen_small,p0d_sent,3611.41
S011,6,6,105,18.0,18.0,NUMBER,105,No mistake detected in this token.,qwen_small,p0d_sent,3611.41
S011,6,7,- 96,19.0,20.0,NUMBER,96,"The correct score for the Wizards is 96, not 96-105 as implied by the hyphenation.",qwen_small,p0d_sent,3611.41
S011,7,1,Wall,155.0,155.0,NAME,Teague,"Jeff Teague, not John Wall, was the top scorer for the Hawks.",qwen_small,p0d_sent,3611.41
S011,7,2,9,7.0,7.0,NUMBER,13,"Jeff Teague made 9 of 13 shots, not 9 of 9.",qwen_small,p0d_sent,3611.41
S011,8,1,second,205.0,205.0,WORD,consecutive,"The term 'second' implies it was the second double-double, but it should indicate it was consecutive.",qwen_small,p0d_sent,3611.41
S011,8,2,double,206.0,206.0,WORD,consecutive,"The term 'double' implies it was the second double-double, but it should indicate it was consecutive.",qwen_small,p0d_sent,3611.41
S011,9,1,Paul Millsap,238.0,239.0,NAME,Al Horford,Paul Millsap did not score 11 points and grab 11 rebounds; Al Horford did.,qwen_small,p0d_sent,3611.41
S011,9,2,11,242.0,242.0,NUMBER,26,"Paul Millsap scored 26 points, not 11 points.",qwen_small,p0d_sent,3611.41
S011,10,1,second,205.0,205.0,WORD,consecutive,"The term 'second' implies it's the second double-double in a row, which isn't accurate based on the data provided.",qwen_small,p0d_sent,3611.41
S011,10,2,stretch,276.0,276.0,WORD,streak,"The term 'stretch' suggests a series of games, but the data indicates a specific streak of games rather than a continuous stretch.",qwen_small,p0d_sent,3611.41
S011,11,1,23,300.0,300.0,NUMBER,24,"Bradley Beal actually scored 24 points, not 23.",qwen_small,p0d_sent,3611.41
S011,11,2,8,303.0,303.0,NUMBER,9,"Bradley Beal made 9 of 19 field goals, not 8 of 19.",qwen_small,p0d_sent,3611.41
S011,11,3,19,16.0,16.0,NUMBER,18,"Bradley Beal attempted 18 field goals, not 19.",qwen_small,p0d_sent,3611.41
S011,11,4,7,247.0,247.0,NUMBER,11,"Bradley Beal made 11 free throws, not 7.",qwen_small,p0d_sent,3611.41
S011,11,5,10,315.0,315.0,NUMBER,8,"Bradley Beal attempted 8 free throws, not 10.",qwen_small,p0d_sent,3611.41
S011,12,1,16,326.0,326.0,NUMBER,24,"Jeff Teague actually scored 26 points, not 16.",qwen_small,p0d_sent,3611.41
S011,13,1,Al,346.0,346.0,NAME,Kyle,"Al Horford is not the player who recorded 6 assists, it was Kyle Korver.",qwen_small,p0d_sent,3611.41
S011,13,2,6,329.0,329.0,NUMBER,8,"Kyle Korver actually had 8 assists, not 6.",qwen_small,p0d_sent,3611.41
S011,14,1,Friday,394.0,394.0,NAME,Thursday,"The Wizards' losing streak continues to Charlotte on Thursday, not Friday.",qwen_small,p0d_sent,3611.41
S012,1,1,Friday,19.0,19.0,NAME,Saturday,"The game was played on Saturday, not Friday.",qwen_small,p0d_sent,3611.41
S012,2,1,21 - 25,25.0,27.0,NUMBER,15-32,"The Suns' record is 15-32, not 21-25.",qwen_small,p0d_sent,3611.41
S012,2,2,21 - 25,25.0,27.0,NUMBER,15-32,"The Suns' record is 15-32, not 21-25.",qwen_small,p0d_sent,3611.41
S012,3,1,six,106.0,106.0,NUMBER,four,"Only four players scored in double digits for the Nuggets, not six.",qwen_small,p0d_sent,3611.41
S012,3,2,Mike Conley,,,CONTEXT,,"Mike Conley plays for the Grizzlies, not the Suns.",qwen_small,p0d_sent,3611.41
S012,4,1,off the bench,,,WORD,as a starter,"Isaiah Thomas started the game, not coming off the bench.",qwen_small,p0d_sent,3611.41
S012,4,2,30,,,NUMBER,20,"Isaiah Thomas scored 20 points, not 30.",qwen_small,p0d_sent,3611.41
S012,4,3,double - double,,,WORD,,Isaiah Thomas did not record a double-double.,qwen_small,p0d_sent,3611.41
S012,5,1,Jameer Nelson,115.0,116.0,NAME,Jameer,Jameer Nelson is the correct name of the player.,qwen_small,p0d_sent,3611.41
S012,5,2,17,119.0,119.0,NUMBER,21,"Jameer Nelson scored 21 points, not 17.",qwen_small,p0d_sent,3611.41
S012,6,1,Jameer Nelson,115.0,116.0,NAME,Jameer Nelson,,qwen_small,p0d_sent,3611.41
S012,6,2,chipped in,104.0,105.0,WORD,contributed,This phrase is more commonly used to describe player contributions.,qwen_small,p0d_sent,3611.41
S012,6,3,six,106.0,106.0,NUMBER,three,"Wilson Chandler contributed three points, not six.",qwen_small,p0d_sent,3611.41
S012,7,1,15 - 32,161.0,163.0,NUMBER,21,"The Suns scored 21 points, not 15 points.",qwen_small,p0d_sent,3611.41
S012,7,2,23,173.0,173.0,NUMBER,41,"Bledsoe scored 41 points, not 23 points.",qwen_small,p0d_sent,3611.41
S012,7,3,21 - 11,,,NUMBER,21,"The Suns outscored the Nuggets by 21 points, not 21-11 points.",qwen_small,p0d_sent,3611.41
S012,7,4,Nugs,,,NAME,Nuggets,"The correct team abbreviation is Nuggets, not Nugs.",qwen_small,p0d_sent,3611.41
S012,8,1,Tyson Chandler,188.0,189.0,NAME,Tyson,"There is only one Tyson Chandler, not two.",qwen_small,p0d_sent,3611.41
S012,9,1,Tyson Chandler,188.0,189.0,NAME,Devin Booker,"Devin Booker, not Tyson Chandler, finished with 23 points and 13 rebounds.",qwen_small,p0d_sent,3611.41
S012,10,1,host,233.0,233.0,NAME,visited,"The Suns are the visiting team, not the host.",qwen_small,p0d_sent,3611.41
S013,1,1,Wednesday,22.0,22.0,NAME,Saturday,"The game was played on Saturday, not Wednesday.",qwen_small,p0d_sent,3611.41
S013,2,1,31,45.0,45.0,NUMBER,39,"The Cavaliers actually out-scored the Magic 39-19 in the first half, not 31-19.",qwen_small,p0d_sent,3611.41
S013,2,2,first,36.0,36.0,WORD,second,"The Cavaliers had a strong second half, not the first half, where they out-scored the Magic 39-19.",qwen_small,p0d_sent,3611.41
S013,3,1,Kyrie Irving,58.0,59.0,NAME,LeBron James,"LeBron James led the charge for the home team, not Kyrie Irving.",qwen_small,p0d_sent,3611.41
S013,3,2,21,89.0,89.0,NUMBER,29,"LeBron James played for 29 minutes, not 21 minutes.",qwen_small,p0d_sent,3611.41
S013,4,1,29,95.0,95.0,NUMBER,24,"LeBron James had 24 points, not 29.",qwen_small,p0d_sent,3611.41
S013,4,2,11,98.0,98.0,NUMBER,24,"LeBron James made 24 out of 38 shots, not 11 out of 18.",qwen_small,p0d_sent,3611.41
S013,4,3,18,100.0,100.0,NUMBER,38,"LeBron James shot 38% from the field, not 18%.",qwen_small,p0d_sent,3611.41
S013,4,4,24,,,NUMBER,38,"LeBron James shot 38% from beyond the arc, not 24%.",qwen_small,p0d_sent,3611.41
S013,4,5,21,89.0,89.0,NUMBER,24,"Kyrie Irving played 24 minutes, not 21 minutes.",qwen_small,p0d_sent,3611.41
S013,5,1,Kevin,129.0,129.0,NAME,LeBron,"LeBron James led the charge, not Kevin Love.",qwen_small,p0d_sent,3611.41
S013,5,2,Love,130.0,130.0,NAME,James,"LeBron James led the charge, not Kevin Love.",qwen_small,p0d_sent,3611.41
S013,6,1,Nikola,165.0,165.0,NAME,Timofey,Nikola Vucevic's name is Timofey Mozgov according to the box score.,qwen_small,p0d_sent,3611.41
S013,6,2,Vucevic,166.0,166.0,NAME,Mozgov,Nikola Vucevic's name is Timofey Mozgov according to the box score.,qwen_small,p0d_sent,3611.41
S013,7,1,11,98.0,98.0,NUMBER,10,"Aaron Gordon scored 10 points, not 11.",qwen_small,p0d_sent,3611.41
S013,7,2,5,77.0,77.0,NUMBER,4,"Aaron Gordon made 4 field goals, not 5.",qwen_small,p0d_sent,3611.41
S013,7,3,10,133.0,133.0,NUMBER,9,"Aaron Gordon attempted 9 free throws, not 10.",qwen_small,p0d_sent,3611.41
S013,8,1,Nikola,165.0,165.0,NAME,Mo,Nikola Vucevic's points should be attributed to Mo Williams.,qwen_small,p0d_sent,3611.41
S013,8,2,2 - 5,,,NUMBER,2 - 4,"Nikola Vucevic scored 2 points, not 2-5 from field goals.",qwen_small,p0d_sent,3611.41
S013,8,3,0 - 4,,,NUMBER,0 - 3,"Nikola Vucevic attempted 3 3-pointers, not 4.",qwen_small,p0d_sent,3611.41
S013,8,4,5 - 7,,,NUMBER,5 - 6,"Nikola Vucevic made 6 free throws, not 7.",qwen_small,p0d_sent,3611.41
S013,9,1,Magic,12.0,12.0,NAME,Cavaliers,"The home team is the Cavaliers, not the Magic.",qwen_small,p0d_sent,3611.41
S013,9,2,Magic,12.0,12.0,NAME,Cavaliers,"The home team is the Cavaliers, not the Magic.",qwen_small,p0d_sent,3611.41
S014,1,1,Friday,24.0,24.0,NAME,Saturday,"The game was played on Saturday night, not Friday.",qwen_small,p0d_sent,3611.41
S014,2,1,34,50.0,50.0,NUMBER,26,"The home team scored 26 points in the second quarter, not 34.",qwen_small,p0d_sent,3611.41
S014,2,2,21,52.0,52.0,NUMBER,24,"The home team scored 24 points in the first quarter, not 21.",qwen_small,p0d_sent,3611.41
S014,3,1,49,72.0,72.0,NUMBER,47,"The correct shooting percentage from the field for the Trail Blazers is 47%, not 49%.",qwen_small,p0d_sent,3611.41
S014,3,2,40,78.0,78.0,NUMBER,38,"The correct shooting percentage from three-point line for the Trail Blazers is 38%, not 40%.",qwen_small,p0d_sent,3611.41
S014,3,3,44,91.0,91.0,NUMBER,47,"The correct shooting percentage from the field for the Lakers is 47%, not 44%.",qwen_small,p0d_sent,3611.41
S014,3,4,30,98.0,98.0,NUMBER,33,"The correct shooting percentage from three-point line for the Lakers is 33%, not 30%.",qwen_small,p0d_sent,3611.41
S014,4,1,CJ,112.0,112.0,CONTEXT,,CJ McCollum is not a separate player from Damian Lillard; they are the same player.,qwen_small,p0d_sent,3611.41
S014,5,1,9,120.0,120.0,NUMBER,108,"The correct score was 108-96, not 108-9.",qwen_small,p0d_sent,3611.41
S014,5,2,21,52.0,52.0,NUMBER,26,"The correct score was 108-96, not 108-921.",qwen_small,p0d_sent,3611.41
S014,6,1,37,160.0,160.0,NUMBER,29,"Lillard scored 29 points, not 37.",qwen_small,p0d_sent,3611.41
S014,6,2,37,160.0,160.0,NUMBER,28,"McCollum scored 28 points, not 37.",qwen_small,p0d_sent,3611.41
S014,7,1,12 - 20,,,NUMBER,13-20,"McCollum's shooting percentage is 13-20, not 12-20.",qwen_small,p0d_sent,3611.41
S014,7,2,4 - 7,,,NUMBER,3-7,"McCollum made 3 out of 7 three-pointers, not 4 out of 7.",qwen_small,p0d_sent,3611.41
S014,8,1,second,213.0,213.0,WORD,consecutive,"The term 'second' implies it's the player's second strong showing, but the context suggests it's consecutive games.",qwen_small,p0d_sent,3611.41
S014,8,2,strong,214.0,214.0,WORD,consecutive,"The term 'strong' implies it's the player's strength, but the context suggests it's consecutive games.",qwen_small,p0d_sent,3611.41
S014,8,3,showing,215.0,215.0,WORD,games,"The term 'showing' implies it's a performance, but the context suggests it's consecutive games.",qwen_small,p0d_sent,3611.41
S014,9,1,21,52.0,52.0,NUMBER,20,"Kobe Bryant scored 20 points, not 21.",qwen_small,p0d_sent,3611.41
S014,9,2,7,6.0,6.0,NUMBER,20,"Kobe Bryant made 7 out of 20 shots, not just 7.",qwen_small,p0d_sent,3611.41
S014,9,3,13,18.0,18.0,NUMBER,18,"Kobe Bryant attempted 18 free throws, not 13.",qwen_small,p0d_sent,3611.41
S014,9,4,2,16.0,16.0,NUMBER,6,"Kobe Bryant grabbed 6 rebounds, not 2.",qwen_small,p0d_sent,3611.41
S014,10,1,his,163.0,163.0,NAME,their,The correct possessive pronoun for the Blazers should be 'their'.,qwen_small,p0d_sent,3611.41
S014,10,2,best,289.0,289.0,WORD,bests,"The sentence should refer to the best games of the year, not just one game.",qwen_small,p0d_sent,3611.41
S014,11,1,19,124.0,124.0,NUMBER,15,"Clarkson scored 15 points, not 19.",qwen_small,p0d_sent,3611.41
S014,11,2,8,331.0,331.0,NUMBER,13,"Randle scored 13 points, not 8.",qwen_small,p0d_sent,3611.41
S014,11,3,4,194.0,194.0,NUMBER,5,"Randle made 5 assists, not 4.",qwen_small,p0d_sent,3611.41
S014,11,4,3,,,NUMBER,4,"Clarkson made 4 steals, not 3.",qwen_small,p0d_sent,3611.41
S014,11,5,4,194.0,194.0,NUMBER,3,"Russell made 3 rebounds, not 4.",qwen_small,p0d_sent,3611.41
S014,11,6,4,194.0,194.0,NUMBER,5,"Russell made 5 assists, not 4.",qwen_small,p0d_sent,3611.41
S014,12,1,20,189.0,189.0,NUMBER,34,"The first quarter score for Portland was 34, not 20.",qwen_small,p0d_sent,3611.41
S014,12,2,21,52.0,52.0,NUMBER,21,"The first quarter score for the Lakers was 21, not 21 (repeated).",qwen_small,p0d_sent,3611.41
S014,12,3,first,57.0,57.0,WORD,first,"The first quarter score for Portland was 34, not 21 for the first half.",qwen_small,p0d_sent,3611.41
S014,12,4,half,,,WORD,quarter,"The score difference was in the first quarter, not the first half.",qwen_small,p0d_sent,3611.41
S014,13,1,another,,,WORD,an,"The Lakers already lost to the Trail Blazers in the previous game, so 'another' is redundant and misleading.",qwen_small,p0d_sent,3611.41
S014,13,2,Saturday,,,DAY_OF_WEEK,Sunday,"The game was played on Sunday, not Saturday.",qwen_small,p0d_sent,3611.41
S014,14,1,Jordan Clarkson,322.0,323.0,NAME,Damian Lillard,"Jordan Clarkson is not leading the backcourt, it's Damian Lillard.",qwen_small,p0d_sent,3611.41
S014,14,2,Jordan Clarkson,322.0,323.0,NAME,Damian Lillard,"Jordan Clarkson is not leading the backcourt, it's Damian Lillard.",qwen_small,p0d_sent,3611.41
S014,14,3,19,124.0,124.0,NUMBER,29,"Jordan Clarkson scored 19 points, not 19 for both Lillard and Clarkson.",qwen_small,p0d_sent,3611.41
S014,14,4,8,331.0,331.0,NUMBER,12,"Clarkson made 8 of 15 FG, not 12 of 15.",qwen_small,p0d_sent,3611.41
S014,14,5,15,333.0,333.0,NUMBER,20,"Clarkson attempted 15 FG, not 20.",qwen_small,p0d_sent,3611.41
S014,14,6,2,16.0,16.0,NUMBER,4,"Clarkson made 2 of 5 3Pt, not 4 of 5.",qwen_small,p0d_sent,3611.41
S014,14,7,5,129.0,129.0,NUMBER,7,"Clarkson attempted 5 3Pt, not 7.",qwen_small,p0d_sent,3611.41
S014,14,8,1,264.0,264.0,NUMBER,2,"Clarkson made 1 of 2 FT, not 2 of 2.",qwen_small,p0d_sent,3611.41
S014,15,1,at,25.0,25.0,NAME,to,"The correct venue for the next game is Portland, not at home in Portland.",qwen_small,p0d_sent,3611.41
S014,15,2,against,468.0,468.0,NAME,vs,"The correct term for facing an opponent in basketball is 'vs', not 'against'.",qwen_small,p0d_sent,3611.41
S014,15,3,the,11.0,11.0,NAME,the Portland,"The visiting team is the Los Angeles Lakers, not the Portland Trail Blazers.",qwen_small,p0d_sent,3611.41
S014,15,4,on,23.0,23.0,DAY,on Friday,"The next game is scheduled for Friday, not an unspecified day.",qwen_small,p0d_sent,3611.41
S015,1,1,Wednesday,22.0,22.0,NAME,Friday,The game was played on Friday.,qwen_small,p0d_sent,3611.41
S015,2,1,64,47.0,47.0,NUMBER,58,"The Raptors outscored the Heat by 58-39 in the second half, not 64-52 in the first half.",qwen_small,p0d_sent,3611.41
S015,2,2,52,49.0,49.0,NUMBER,39,"The Raptors outscored the Heat by 58-39 in the second half, not 64-52 in the first half.",qwen_small,p0d_sent,3611.41
S015,3,1,50,66.0,66.0,NUMBER,58,"The Raptors outscored the Heat by 58 points in the second half, not 50.",qwen_small,p0d_sent,3611.41
S015,3,2,38,68.0,68.0,NUMBER,39,"The Heat scored 39 points in the second half, not 38.",qwen_small,p0d_sent,3611.41
S015,4,1,21,100.0,100.0,NUMBER,20,"DeMar DeRozan scored 20 points, not 21.",qwen_small,p0d_sent,3611.41
S015,4,2,10,16.0,16.0,NUMBER,9,"Miami Heat had 9 wins, not 10.",qwen_small,p0d_sent,3611.41
S015,4,3,11,7.0,7.0,NUMBER,10,"Miami Heat had 10 losses, not 11.",qwen_small,p0d_sent,3611.41
S015,4,4,17,5.0,5.0,NUMBER,16,"Toronto Raptors had 16 wins, not 17.",qwen_small,p0d_sent,3611.41
S015,4,5,11,7.0,7.0,NUMBER,10,"Toronto Raptors had 10 losses, not 11.",qwen_small,p0d_sent,3611.41
S015,5,1,30,132.0,132.0,NUMBER,21,"DeMar DeRozan actually scored 21 points, not 30.",qwen_small,p0d_sent,3611.41
S015,5,2,10,16.0,16.0,NUMBER,21,"The Raptors' record is 21-11, not 17-11.",qwen_small,p0d_sent,3611.41
S015,5,3,17,5.0,5.0,NUMBER,15,"The Heat's record is 15-10, not 17-10.",qwen_small,p0d_sent,3611.41
S015,6,1,13,147.0,147.0,NUMBER,20,"DeMarre Carroll scored 20 points, not 13.",qwen_small,p0d_sent,3611.41
S015,6,2,5,168.0,168.0,NUMBER,2,"DeMarre Carroll made 2 3-pointers, not 5.",qwen_small,p0d_sent,3611.41
S015,6,3,1,108.0,108.0,NUMBER,2,"DeMarre Carroll attempted 2 free throws, not 1.",qwen_small,p0d_sent,3611.41
S015,7,1,off the bench,191.0,193.0,WORD,as a starter,"DeMar DeRozan started the game, not coming off the bench.",qwen_small,p0d_sent,3611.41
S015,7,2,30,132.0,132.0,NUMBER,20,"DeMar DeRozan scored 20 points, not 30 points.",qwen_small,p0d_sent,3611.41
S015,8,1,20,196.0,196.0,NUMBER,17,"Gerald Green scored 17 points, not 20.",qwen_small,p0d_sent,3611.41
S015,8,2,7,199.0,199.0,NUMBER,10,"Gerald Green made 7 shots, not 10 from beyond the arc.",qwen_small,p0d_sent,3611.41
S015,9,1,back - to - back,278.0,282.0,CONTEXT,back-to-back,"The term 'back-to-back' refers to consecutive games, not a phrase describing the second half of a game.",qwen_small,p0d_sent,3611.41
S015,9,2,travel,285.0,285.0,NAME,fly,The Heat would likely fly to Cleveland rather than traveling by car or other means for a game that far away.,qwen_small,p0d_sent,3611.41
S015,9,3,Cavaliers,292.0,292.0,NAME,Cavs,"Commonly, the Cavaliers are referred to as 'the Cavs' in sports reporting.",qwen_small,p0d_sent,3611.41
S015,10,1,three,301.0,301.0,NUMBER,two,"Miami has only lost two games, not three.",qwen_small,p0d_sent,3611.41
S015,10,2,straight,302.0,302.0,WORD,game,"Miami has lost two games, not a three-game losing streak.",qwen_small,p0d_sent,3611.41
S015,11,1,20,196.0,196.0,NUMBER,17,"DeMar DeRozan scored 30 points, not 20.",qwen_small,p0d_sent,3611.41
S015,11,2,17,5.0,5.0,NUMBER,30,"DeMar DeRozan scored 30 points, not 17.",qwen_small,p0d_sent,3611.41
S015,11,3,40,,,NUMBER,37,"DeMar DeRozan played 37 minutes, not 40 minutes.",qwen_small,p0d_sent,3611.41
S015,12,1,37,345.0,345.0,NUMBER,27,"The correct number of points DeMar DeRozan scored in the last two games is 27, not 37.",qwen_small,p0d_sent,3611.41
S015,12,2,last,349.0,349.0,CONTEXT,,"The context suggests the last two games, but the specific games are not provided, making it unclear which games are being referred to.",qwen_small,p0d_sent,3611.41
S015,13,1,Sunday,294.0,294.0,DAY_OF_WEEK,Saturday,"The game was played on Saturday, not Sunday.",qwen_small,p0d_sent,3611.41
S016,1,1,Friday,25.0,25.0,NAME,Thursday,"The game was played on Thursday, not Friday.",qwen_small,p0d_sent,3611.41
S016,1,2,visiting,12.0,12.0,NAME,,The term 'visiting' is redundant since the home team is already specified.,qwen_small,p0d_sent,3611.41
S016,2,1,tight,35.0,35.0,WORD,close,"The game was close throughout the first half, not tight.",qwen_small,p0d_sent,3611.41
S016,2,2,third,49.0,49.0,NUMBER,fourth,"The critical quarter was the fourth, not the third.",qwen_small,p0d_sent,3611.41
S016,3,1,out - scoring,52.0,54.0,WORD,outscored,The correct phrase is 'outscored the Jazz'.,qwen_small,p0d_sent,3611.41
S016,3,2,29 - 8,57.0,59.0,NUMBER,31,"The Thunder actually outscored the Jazz by 31 points, not 29-8.",qwen_small,p0d_sent,3611.41
S016,4,1,Russell Westbrook,119.0,120.0,NAME,Kevin Durant,Russell Westbrook did not score the most points; Kevin Durant did.,qwen_small,p0d_sent,3611.41
S016,4,2,15,128.0,128.0,NUMBER,20,"Kevin Durant scored 20 points, not 15.",qwen_small,p0d_sent,3611.41
S016,5,1,20,167.0,167.0,NUMBER,30,"Kevin Durant scored 30 points, not 20.",qwen_small,p0d_sent,3611.41
S016,5,2,2,111.0,111.0,NUMBER,3,"Kevin Durant made 3 3-pointers, not 2.",qwen_small,p0d_sent,3611.41
S016,5,3,4,177.0,177.0,NUMBER,5,"Kevin Durant attempted 5 free throws, not 4.",qwen_small,p0d_sent,3611.41
S016,5,4,9,,,NUMBER,10,"Kevin Durant made 10 assists, not 9.",qwen_small,p0d_sent,3611.41
S016,5,5,12,,,NUMBER,30,"Trey Burke played 30 minutes, not 12.",qwen_small,p0d_sent,3611.41
S016,5,6,16,212.0,212.0,NUMBER,29,"Dion Waiters played 29 minutes, not 16.",qwen_small,p0d_sent,3611.41
S016,6,1,six,237.0,237.0,NUMBER,five,"Five players on the Thunder had double figures, not six.",qwen_small,p0d_sent,3611.41
S016,6,2,off the bench,,,WORD,as a starter,"Trey Burke started the game, not coming off the bench.",qwen_small,p0d_sent,3611.41
S016,7,1,six,237.0,237.0,NUMBER,five,"Only five players on the Jazz scored in double figures, not six.",qwen_small,p0d_sent,3611.41
S016,7,2,Gordon Hayward,234.0,235.0,NAME,Trey Burke,"Gordon Hayward and Derrick Favors combined for just 13 points, not Gordon Hayward and Trey Burke.",qwen_small,p0d_sent,3611.41
S016,8,1,Hayward,235.0,235.0,NAME,Burke,"Trey Burke, not Gordon Hayward, led the team with 17 points off the bench.",qwen_small,p0d_sent,3611.41
S016,8,2,2 - 6,,,NUMBER,17 - 22,"Hayward scored 17 points, not 2 points, and had 6 rebounds, not 2 rebounds.",qwen_small,p0d_sent,3611.41
S016,9,1,Derrick Favors,263.0,264.0,NAME,Trey Burke,"Trey Burke, not Derrick Favors, led the team with 17 points off the bench.",qwen_small,p0d_sent,3611.41
S016,9,2,30,199.0,199.0,NUMBER,12,"Trey Burke played just 12 minutes, not 30.",qwen_small,p0d_sent,3611.41
S016,10,1,six,237.0,237.0,NUMBER,five,"The Thunder had five players in double figures, not six.",qwen_small,p0d_sent,3611.41
S016,11,1,six,237.0,237.0,NUMBER,five,"Only five players on Utah scored in double figures, not six.",qwen_small,p0d_sent,3611.41
S016,11,2,off the bench,,,WORD,as a starter,"Trey Burke started the game, not coming off the bench.",qwen_small,p0d_sent,3611.41
S016,12,1,two,192.0,192.0,NUMBER,one,"The Jazz have lost only one game, not two.",qwen_small,p0d_sent,3611.41
S016,12,2,in,47.0,47.0,WORD,a,The phrase 'in a row' is more common and correct.,qwen_small,p0d_sent,3611.41
S016,13,1,Saturday,448.0,448.0,DAY_OF_WEEK,Friday,"The game was played on Friday, not Saturday.",qwen_small,p0d_sent,3611.41
S016,14,1,Tuesday,464.0,464.0,DAY_OF_WEEK,Denver,"The Thunder will play in Denver, not on Tuesday.",qwen_small,p0d_sent,3611.41
S016,14,2,Denver,466.0,466.0,PLACE,Tuesday,"The Thunder will play in Denver, not on Tuesday.",qwen_small,p0d_sent,3611.41
S017,1,1,Saturday,18.0,18.0,NAME,Tuesday,"The game was played on Tuesday, not Saturday.",qwen_small,p0d_sent,3611.41
S017,2,1,Monday,31.0,31.0,NAME,Tuesday,"The game was played on Tuesday, not Monday.",qwen_small,p0d_sent,3611.41
S017,2,2,Cavaliers,3.0,3.0,NAME,Pistons,"The Cavaliers are the home team, not the visiting team Pistons.",qwen_small,p0d_sent,3611.41
S017,3,1,33 - 34,52.0,54.0,NUMBER,44-22,"The Cavaliers' record is 44-22, not 33-34.",qwen_small,p0d_sent,3611.41
S017,3,2,33 - 34,52.0,54.0,NUMBER,33-34,"The Pistons' record is 33-34, not 33-34 (repeated).",qwen_small,p0d_sent,3611.41
S017,4,1,60,132.0,132.0,NUMBER,56,The correct shooting percentage from the field is 56% for the Cavaliers.,qwen_small,p0d_sent,3611.41
S017,4,2,63,140.0,140.0,NUMBER,60,The correct shooting percentage from beyond the arc is 60% for the Cavaliers.,qwen_small,p0d_sent,3611.41
S017,5,1,8,,,NUMBER,14,"Andre Drummond had 14 rebounds, not 8.",qwen_small,p0d_sent,3611.41
S017,6,1,Reggie Jackson,187.0,188.0,NAME,Isaiah Thomas,"Isaiah Thomas was the player who followed with six points, not Reggie Jackson.",qwen_small,p0d_sent,3611.41
S017,6,2,six,193.0,193.0,NUMBER,30,"Isaiah Thomas scored 30 points, not six.",qwen_small,p0d_sent,3611.41
S017,6,3,points,179.0,179.0,WORD,,"Isaiah Thomas did not record a double-double, he scored 30 points.",qwen_small,p0d_sent,3611.41
S017,7,1,11,211.0,211.0,NUMBER,2,"Kentavious Caldwell-Pope scored 11 points, not 2.",qwen_small,p0d_sent,3611.41
S017,8,1,matched,225.0,225.0,WORD,matched,No mistake found.,qwen_small,p0d_sent,3611.41
S017,8,2,Morris,224.0,224.0,NAME,Morris's,Should be possessive to indicate Marcus Morris matched his own point total.,qwen_small,p0d_sent,3611.41
S017,9,1,12,252.0,252.0,NUMBER,13,"Ish Smith scored 13 points, not 12.",qwen_small,p0d_sent,3611.41
S017,10,1,Richard Jefferson,264.0,265.0,NAME,Reggie Jefferson,There is only one Richard Jefferson on the Cavaliers team.,qwen_small,p0d_sent,3611.41
S017,10,2,Richard Jefferson,264.0,265.0,NAME,Reggie Jefferson,There is only one Richard Jefferson on the Cavaliers team.,qwen_small,p0d_sent,3611.41
S017,11,1,Deron,306.0,306.0,NAME,Reggie,"Reggie Jackson was the player with 6 points, not Deron Williams.",qwen_small,p0d_sent,3611.41
S017,12,1,12,252.0,252.0,NUMBER,113,"The final score was 113-96, not 128-96.",qwen_small,p0d_sent,3611.41
S017,13,1,Richard Jefferson,264.0,265.0,NAME,Reggie Jefferson,"Reggie Jefferson led the bench, not Richard Jefferson.",qwen_small,p0d_sent,3611.41
S017,14,1,Friday,368.0,368.0,NAME,Wednesday,"The game was played on Wednesday, not Friday.",qwen_small,p0d_sent,3611.41
S017,14,2,Atlanta,365.0,365.0,NAME,Philadelphia,"The visiting team is the Philadelphia 76ers, not the Atlanta Hawks.",qwen_small,p0d_sent,3611.41
S017,14,3,Hawks,366.0,366.0,NAME,76ers,"The visiting team is the Philadelphia 76ers, not the Atlanta Hawks.",qwen_small,p0d_sent,3611.41
S018,1,1,Wednesday,24.0,24.0,NAME,Thursday,"The game was played on Thursday, not Wednesday.",qwen_small,p0d_sent,3611.41
S018,2,1,29,48.0,48.0,NUMBER,44,"The Warriors shot 44% from the field, not 29%.",qwen_small,p0d_sent,3611.41
S018,2,2,29,48.0,48.0,NUMBER,44,"The Warriors shot 44% from three-point range, not 29%.",qwen_small,p0d_sent,3611.41
S018,3,1,Wednesday,24.0,24.0,NAME,Thursday,"The game was played on Thursday, not Wednesday.",qwen_small,p0d_sent,3611.41
S018,4,1,33,97.0,97.0,NUMBER,32,"Klay Thompson actually scored 32 points, not 33.",qwen_small,p0d_sent,3611.41
S018,4,2,12,100.0,100.0,NUMBER,11,"Shaun Livingston scored 11 points, not 12.",qwen_small,p0d_sent,3611.41
S018,4,3,11,208.0,208.0,NUMBER,10,"Draymond Green had 10 rebounds, not 11.",qwen_small,p0d_sent,3611.41
S018,5,1,Wednesday,24.0,24.0,NAME,Thursday,"The game was played on Thursday, not Wednesday.",qwen_small,p0d_sent,3611.41
S018,6,1,Draymond,146.0,146.0,NAME,Stephen,"Draymond Green is not the one who nearly had a triple-double, it was Stephen Curry.",qwen_small,p0d_sent,3611.41
S018,6,2,12,100.0,100.0,NUMBER,33,"Stephen Curry actually scored 33 points, not 12 points.",qwen_small,p0d_sent,3611.41
S018,7,1,two,128.0,128.0,NUMBER,three,"Curry combined for 33 points, not 29 points.",qwen_small,p0d_sent,3611.41
S018,7,2,game,39.0,39.0,NAME,two-game,"The phrase 'two-game stretch' refers to two games, not one game.",qwen_small,p0d_sent,3611.41
S018,8,1,11,208.0,208.0,NUMBER,12,"Draymond Green posted a 12-point, 12-rebound double-double, not 11 points and 11 rebounds.",qwen_small,p0d_sent,3611.41
S018,8,2,12,100.0,100.0,NUMBER,11,"Draymond Green posted a 12-point, 12-rebound double-double, not 11 points and 11 rebounds.",qwen_small,p0d_sent,3611.41
S018,9,1,Wednesday,24.0,24.0,NAME,Friday,"The game was played on Friday, not Wednesday.",qwen_small,p0d_sent,3611.41
S018,10,1,19,256.0,256.0,NUMBER,28,"Jordan had 28 points, not 19.",qwen_small,p0d_sent,3611.41
S018,10,2,20,270.0,270.0,NUMBER,23,"Jordan had 23 rebounds, not 20.",qwen_small,p0d_sent,3611.41
S018,11,1,114,20.0,20.0,NUMBER,113,"The final score was 113-98, not 114-98.",qwen_small,p0d_sent,3611.41
S018,11,2,Wednesday,24.0,24.0,NAME,Thursday,"The game was played on Thursday, not Wednesday.",qwen_small,p0d_sent,3611.41
S018,12,1,12,100.0,100.0,NUMBER,11,"Jamal Crawford scored 11 points, not 12.",qwen_small,p0d_sent,3611.41
S018,12,2,points,98.0,98.0,WORD,"points, six rebounds, and a pair of assists","Jamal Crawford also had six rebounds and a block, not just points.",qwen_small,p0d_sent,3611.41
S018,13,1,Friday,398.0,398.0,NAME,Thursday,"The Clippers' next game is on Thursday, not Friday.",qwen_small,p0d_sent,3611.41
S018,13,2,Friday,398.0,398.0,NAME,Friday,"The Warriors' next game is on Friday, not Friday (repeated error).",qwen_small,p0d_sent,3611.41
S019,1,1,Saturday,18.0,18.0,NAME,Sunday,"The game was played on Sunday, not Saturday.",qwen_small,p0d_sent,3611.41
S019,1,2,evening,19.0,19.0,NAME,night,"The game was played in the evening, not just the evening without specifying night.",qwen_small,p0d_sent,3611.41
S019,2,1,wire - to - wire,38.0,42.0,WORD,blowout,The term 'wire-to-wire' is not commonly used in basketball to describe a game. A more appropriate term would be 'blowout' to indicate a large margin of victory.,qwen_small,p0d_sent,3611.41
S019,2,2,win,26.0,26.0,WORD,victory,The term 'win' is too vague. 'Victory' is more precise and commonly used in basketball to describe the outcome of a game.,qwen_small,p0d_sent,3611.41
S019,3,1,30,65.0,65.0,NUMBER,27,"The Heat won 113-95, not 113-30.",qwen_small,p0d_sent,3611.41
S019,3,2,16,67.0,67.0,NUMBER,14,"The Heat won 113-95, not 113-16.",qwen_small,p0d_sent,3611.41
S019,4,1,113,9.0,9.0,NUMBER,112,"The final score was 112-95, not 113-95.",qwen_small,p0d_sent,3611.41
S019,4,2,95,11.0,11.0,NUMBER,95,"The final score was 112-95, not 113-95.",qwen_small,p0d_sent,3611.41
S019,4,3,Saturday,18.0,18.0,NAME,Sunday,"The game was played on Sunday, not Saturday.",qwen_small,p0d_sent,3611.41
S019,5,1,30,65.0,65.0,NUMBER,27,"The Heat's win-loss record is 27-32, not 30-29.",qwen_small,p0d_sent,3611.41
S019,5,2,29,110.0,110.0,NUMBER,32,"The Heat's win-loss record is 27-32, not 27-29.",qwen_small,p0d_sent,3611.41
S019,6,1,Paul George,128.0,129.0,NAME,James Johnson,"James Johnson led the bench, not Paul George.",qwen_small,p0d_sent,3611.41
S019,6,2,led the bench,,,CONTEXT,,"James Johnson led the bench, not the Pacers as a whole.",qwen_small,p0d_sent,3611.41
S019,7,1,Jeff Teague,148.0,149.0,NAME,Paul George,"Paul George was the one who struggled, not Jeff Teague.",qwen_small,p0d_sent,3611.41
S019,7,2,16,67.0,67.0,NUMBER,10,"Paul George only scored 10 points, not 16.",qwen_small,p0d_sent,3611.41
S019,8,1,Thaddeus Young,167.0,168.0,NAME,James Johnson,"James Johnson was the only other starter in double figures, not Thaddeus Young.",qwen_small,p0d_sent,3611.41
S019,8,2,13,181.0,181.0,NUMBER,22,"Two players from the Heat eclipsed the 20-point mark, not just one with 13 points.",qwen_small,p0d_sent,3611.41
S019,9,1,Friday,203.0,203.0,NAME,Saturday,"The game was played on Saturday night, not Friday.",qwen_small,p0d_sent,3611.41
S019,10,1,27 - 32,208.0,210.0,NUMBER,27-32,The home line shows the correct record as 27-32.,qwen_small,p0d_sent,3611.41
S019,10,2,27 - 32,208.0,210.0,NUMBER,27-32,The home line shows the correct record as 27-32.,qwen_small,p0d_sent,3611.41
S019,11,1,21,240.0,240.0,NUMBER,22,"Goran Dragic actually scored 21 points, not 22.",qwen_small,p0d_sent,3611.41
S019,11,2,2,,,NUMBER,4,"Goran Dragic made 8 out of 12 shots, not 12 out of 8.",qwen_small,p0d_sent,3611.41
S019,12,1,22,265.0,265.0,NUMBER,20,"Three players eclipsed the 20-point mark, not just Whiteside.",qwen_small,p0d_sent,3611.41
S019,12,2,17,268.0,268.0,NUMBER,15,"Whiteside recorded 15 rebounds, not 17.",qwen_small,p0d_sent,3611.41
S019,13,1,22,265.0,265.0,NUMBER,20,"Three players eclipsed the 20-point mark, not just Dion Waiters.",qwen_small,p0d_sent,3611.41
S019,13,2,Dion,271.0,271.0,NAME,three,"Three players eclipsed the 20-point mark, not just Dion Waiters.",qwen_small,p0d_sent,3611.41
S019,14,1,Thursday,299.0,299.0,NAME,Saturday,"The game was played on Saturday night, not Thursday.",qwen_small,p0d_sent,3611.41
S019,14,2,Toronto,306.0,306.0,NAME,Indiana,"The visiting team was the Indiana Pacers, not the Toronto Raptors.",qwen_small,p0d_sent,3611.41
S020,1,1,Phoenix Suns,2.0,3.0,NAME,Pelicans,"The home team was the Pelicans, not the Suns.",qwen_small,p0d_sent,3611.41
S020,1,2,Phoenix Suns,2.0,3.0,NAME,Pelicans,"The home team was the Pelicans, not the Suns.",qwen_small,p0d_sent,3611.41
S020,2,1,Pelicans,22.0,22.0,NAME,Suns,"Pelicans are the home team, not the visiting team.",qwen_small,p0d_sent,3611.41
S020,2,2,Pelicans,22.0,22.0,NAME,Suns,"Pelicans are the home team, not the visiting team.",qwen_small,p0d_sent,3611.41
S020,3,1,34,78.0,78.0,NUMBER,32,"The Pelicans scored 32 points in the fourth quarter, not 34.",qwen_small,p0d_sent,3611.41
S020,3,2,18,80.0,80.0,NUMBER,16,"The Suns scored 16 points in the second quarter, not 18.",qwen_small,p0d_sent,3611.41
S020,4,1,outscoring,73.0,73.0,WORD,outscored,The Pelicans were the home team and should not be outscoring themselves.,qwen_small,p0d_sent,3611.41
S020,5,1,Eric Bledsoe,118.0,119.0,NAME,Devin Booker,"Devin Booker scored 14 points, not Eric Bledsoe.",qwen_small,p0d_sent,3611.41
S020,6,1,14,121.0,121.0,NUMBER,14,"Devin Booker scored 14 points, not 14 points and 5 assists.",qwen_small,p0d_sent,3611.41
S020,6,2,5,,,NUMBER,0,"Devin Booker did not have 5 assists, Eric Bledsoe had 5 assists.",qwen_small,p0d_sent,3611.41
S020,7,1,12,85.0,85.0,NUMBER,10,"Marquese Chriss scored 10 points, not 12.",qwen_small,p0d_sent,3611.41
S020,7,2,2,,,NUMBER,1,"Marquese Chriss had 1 assist, not 2.",qwen_small,p0d_sent,3611.41
S020,8,1,PJ Tucker,177.0,178.0,NAME,Solomon Hill,"PJ Tucker is not the leading scorer, Solomon Hill is.",qwen_small,p0d_sent,3611.41
S020,8,2,12,85.0,85.0,NUMBER,9,"Solomon Hill scored 9 points, not 12.",qwen_small,p0d_sent,3611.41
S020,9,1,Eric Bledsoe,118.0,119.0,NAME,Devin Booker,"Devin Booker scored 14 points, not Eric Bledsoe.",qwen_small,p0d_sent,3611.41
S020,9,2,14,121.0,121.0,NUMBER,14,"Both Devin Booker and Eric Bledsoe scored 14 points, not just Bledsoe.",qwen_small,p0d_sent,3611.41
S020,10,1,Marquese Chriss,158.0,159.0,NAME,TJ Warren,"TJ Warren was the Suns' leading scorer, not Marquese Chriss.",qwen_small,p0d_sent,3611.41
S020,10,2,12,85.0,85.0,NUMBER,20,"TJ Warren scored 20 points, not 12 points.",qwen_small,p0d_sent,3611.41
S020,11,1,14,121.0,121.0,NUMBER,20,"Marquese Chriss scored 20 points, not 14.",qwen_small,p0d_sent,3611.41
S020,11,2,3,,,NUMBER,2,"Marquese Chriss had 2 rebounds, not 3.",qwen_small,p0d_sent,3611.41
S020,12,1,Brandon Knight,264.0,265.0,NAME,Marquese Chriss,"Brandon Knight did not lead the Suns, Marquese Chriss did.",qwen_small,p0d_sent,3611.41
S020,12,2,12,85.0,85.0,NUMBER,20,"Marquese Chriss scored 20 points, not 12 points.",qwen_small,p0d_sent,3611.41
S020,13,1,Eric Bledsoe,118.0,119.0,NAME,Devin Booker,"Devin Booker, not Eric Bledsoe, scored 14 points and had 5 assists.",qwen_small,p0d_sent,3611.41
S020,13,2,14,121.0,121.0,NUMBER,14,"Both Eric Bledsoe and Devin Booker scored 14 points, but the sentence only mentions Bledsoe's points and assists.",qwen_small,p0d_sent,3611.41
S020,14,1,Terrence Jones,302.0,303.0,NAME,Anthony Davis,Terrence Jones is not the player who had the near double-double; Anthony Davis did.,qwen_small,p0d_sent,3611.41
S020,15,1,Buddy,328.0,328.0,NAME,Solomon,"Buddy Hield is not a player on the Pelicans, Solomon Hill is.",qwen_small,p0d_sent,3611.41
S020,15,2,Hield,329.0,329.0,NAME,Hill,"Buddy Hield is not a player on the Pelicans, Solomon Hill is.",qwen_small,p0d_sent,3611.41
S020,16,1,Suns,3.0,3.0,NAME,Pelicans,"The Suns were the visiting team, not the home team.",qwen_small,p0d_sent,3611.41
S020,16,2,last,351.0,351.0,CONTEXT,,The Suns were not in last place in the Southwest Division at the time of this game.,qwen_small,p0d_sent,3611.41
S020,17,1,Minnesota,364.0,364.0,NAME,Phoenix,"The game was played in Phoenix, not Minnesota.",qwen_small,p0d_sent,3611.41
S020,17,2,Monday,371.0,371.0,NAME,Tuesday,"The game was played on Tuesday, not Monday.",qwen_small,p0d_sent,3611.41
S020,18,1,30,,,NUMBER,29,"Jrue Holiday scored 29 points, not 30.",qwen_small,p0d_sent,3611.41
S020,18,2,7,,,NUMBER,6,"Jrue Holiday had 6 assists, not 7.",qwen_small,p0d_sent,3611.41
S020,18,3,3,,,NUMBER,2,"Jrue Holiday had 2 blocks, not 3.",qwen_small,p0d_sent,3611.41
S020,19,1,20,397.0,397.0,NUMBER,11,"Tyson Chandler scored 11 points, not 20.",qwen_small,p0d_sent,3611.41
S020,19,2,11,335.0,335.0,NUMBER,20,"Tyson Chandler had 20 rebounds, not 11.",qwen_small,p0d_sent,3611.41
S020,19,3,double - double,309.0,311.0,WORD,,"Tyson Chandler's performance was a double-double, not just double.",qwen_small,p0d_sent,3611.41
S020,20,1,11,335.0,335.0,NUMBER,22,"Buddy Hield scored 22 points, not 11.",qwen_small,p0d_sent,3611.41
S020,20,2,4,,,NUMBER,5,"Buddy Hield had 5 assists, not 4.",qwen_small,p0d_sent,3611.41
S020,21,1,Buddy,328.0,328.0,NAME,Solomon,"Solomon Hill was the player who led the bench, not Buddy Hield.",qwen_small,p0d_sent,3611.41
S020,21,2,11,335.0,335.0,NUMBER,12,"E'Twaun Moore scored 12 points, not 11 points.",qwen_small,p0d_sent,3611.41
S020,22,1,Suns,3.0,3.0,NAME,Pelicans,"The Suns were the visiting team, not the home team.",qwen_small,p0d_sent,3611.41
S020,23,1,Golden,463.0,463.0,NAME,Suns,"The visiting team was the Phoenix Suns, not the Golden State Warriors.",qwen_small,p0d_sent,3611.41
S020,23,2,Monday,371.0,371.0,NAME,Tuesday,"The game was played on February 6, 2017, which was a Tuesday, not a Monday.",qwen_small,p0d_sent,3611.41
S021,1,1,Saturday,18.0,18.0,NAME,Friday,"The game was played on Friday, not Saturday.",qwen_small,p0d_sent,3611.41
S021,2,1,Saturday,18.0,18.0,NAME,Friday,"The game was played on Friday, not Saturday.",qwen_small,p0d_sent,3611.41
S021,2,2,38,57.0,57.0,NUMBER,68,"The Rockets scored 68 points in the first quarter, not 38.",qwen_small,p0d_sent,3611.41
S021,2,3,second,78.0,78.0,WORD,first,"The Rockets had a strong first quarter, not a strong second quarter.",qwen_small,p0d_sent,3611.41
S021,3,1,battled back,90.0,91.0,CONTEXT,,"The Rockets were the ones who started strongly and led by 18 at halftime, not the Kings who battled back.",qwen_small,p0d_sent,3611.41
S021,4,1,6,25.0,25.0,NUMBER,10,"The Kings scored 10 points in the first quarter, not 6.",qwen_small,p0d_sent,3611.41
S021,4,2,18,229.0,229.0,NUMBER,38,"The Rockets scored 38 points in the first quarter, not 18.",qwen_small,p0d_sent,3611.41
S021,5,1,23,171.0,171.0,NUMBER,22,"James Harden scored 22 points, not 23.",qwen_small,p0d_sent,3611.41
S021,5,2,5,,,NUMBER,4,"James Harden made 4 assists, not 5.",qwen_small,p0d_sent,3611.41
S021,5,3,10,23.0,23.0,NUMBER,9,"James Harden grabbed 9 rebounds, not 10.",qwen_small,p0d_sent,3611.41
S021,6,1,Eric Gordon,183.0,184.0,NAME,DeMarcus Cousins,"DeMarcus Cousins was the high-point man for Sacramento, not Eric Gordon.",qwen_small,p0d_sent,3611.41
S021,6,2,14,188.0,188.0,NUMBER,32,"DeMarcus Cousins scored 32 points, not 14 points.",qwen_small,p0d_sent,3611.41
S021,7,1,17,204.0,204.0,NUMBER,10,"Clint Capela scored 10 points, not 17.",qwen_small,p0d_sent,3611.41
S021,7,2,3,,,NUMBER,2,"Clint Capela had 2 rebounds, not 3.",qwen_small,p0d_sent,3611.41
S021,8,1,18,229.0,229.0,NUMBER,9,"Trevor Ariza scored 9 rebounds, not 18.",qwen_small,p0d_sent,3611.41
S021,8,2,10,23.0,23.0,NUMBER,9,"Trevor Ariza grabbed 9 rebounds, not 10.",qwen_small,p0d_sent,3611.41
S021,8,3,2,,,NUMBER,3,"Clint Capela grabbed 3 rebounds, not 2.",qwen_small,p0d_sent,3611.41
S021,8,4,17,204.0,204.0,NUMBER,10,"Clint Capela scored 10 points, not 17.",qwen_small,p0d_sent,3611.41
S021,9,1,18,229.0,229.0,NUMBER,9,"Trevor Ariza scored 9 points, not 18.",qwen_small,p0d_sent,3611.41
S021,9,2,10,23.0,23.0,NUMBER,9,"Clint Capela had 9 rebounds, not 10.",qwen_small,p0d_sent,3611.41
S021,9,3,10,23.0,23.0,NUMBER,17,"Clint Capela scored 17 points, not 10.",qwen_small,p0d_sent,3611.41
S021,9,4,10,23.0,23.0,NUMBER,17,"Clint Capela had 17 rebounds, not 10.",qwen_small,p0d_sent,3611.41
S021,10,1,Sam Dekker,266.0,267.0,NAME,Patrick Beverley,Sam Dekker did not score 17 points; Patrick Beverley scored 17 points.,qwen_small,p0d_sent,3611.41
S021,10,2,17,204.0,204.0,NUMBER,10,"Sam Dekker scored 10 points, not 17 points.",qwen_small,p0d_sent,3611.41
S021,11,1,23,171.0,171.0,NUMBER,22,"James Harden scored 22 points, not 23.",qwen_small,p0d_sent,3611.41
S021,11,2,5,,,NUMBER,4,"James Harden made 4 assists, not 5.",qwen_small,p0d_sent,3611.41
S021,11,3,10,23.0,23.0,NUMBER,9,"James Harden grabbed 9 rebounds, not 10.",qwen_small,p0d_sent,3611.41
S021,12,1,Rudy,312.0,312.0,NAME,DeMarcus,"DeMarcus Cousins was the high-point man for Sacramento, not Rudy Gay.",qwen_small,p0d_sent,3611.41
S021,12,2,Gay,313.0,313.0,NAME,Cousins,"DeMarcus Cousins was the high-point man for Sacramento, not Rudy Gay.",qwen_small,p0d_sent,3611.41
S021,13,1,Darren,329.0,329.0,NAME,Ben,Darren Collison's name is Ben McLemore.,qwen_small,p0d_sent,3611.41
S021,13,2,Collison,330.0,330.0,NAME,McLemore,Darren Collison's name is Ben McLemore.,qwen_small,p0d_sent,3611.41
S021,14,1,Darren,329.0,329.0,NAME,Ty,"Ty Lawson, not Darren Collison, scored 18 points in this game.",qwen_small,p0d_sent,3611.41
S021,14,2,Collison,330.0,330.0,NAME,Ty Lawson,"Ty Lawson, not Darren Collison, scored 18 points in this game.",qwen_small,p0d_sent,3611.41
S021,15,1,10,23.0,23.0,NUMBER,20,"Trevor Ariza scored 20 points, not 10.",qwen_small,p0d_sent,3611.41
S021,15,2,9,,,NUMBER,20,"Trevor Ariza grabbed 20 rebounds, not 9.",qwen_small,p0d_sent,3611.41
S021,16,1,Darren,329.0,329.0,NAME,Ty,"Ty Lawson led the bench, not Darren Collison.",qwen_small,p0d_sent,3611.41
S021,16,2,Collison,330.0,330.0,NAME,Ty Lawson,"Ty Lawson led the bench, not Darren Collison.",qwen_small,p0d_sent,3611.41
S021,17,1,San Antonio,,,NAME,Sacramento,"The Rockets were facing the Sacramento Kings, not the San Antonio Spurs.",qwen_small,p0d_sent,3611.41
S021,17,2,Saturday,18.0,18.0,DAY_OF_WEEK,Friday,"The game was played on Friday, not Saturday.",qwen_small,p0d_sent,3611.41
S022,1,1,Friday,18.0,18.0,NAME,Saturday,"The game was played on Saturday, not Friday.",qwen_small,p0d_sent,3611.41
S022,2,1,122 - 106,10.0,12.0,NUMBER,113-101,"The final score was 113-101, not 122-106.",qwen_small,p0d_sent,3611.41
S022,2,2,Friday,18.0,18.0,NAME,Saturday,"The game was played on Saturday, not Friday.",qwen_small,p0d_sent,3611.41
S022,3,1,8,41.0,41.0,NUMBER,0,There were no ties in the game.,qwen_small,p0d_sent,3611.41
S022,3,2,10,44.0,44.0,NUMBER,0,There were no lead changes in the game.,qwen_small,p0d_sent,3611.41
S022,4,1,46,73.0,73.0,NUMBER,60,"The Timberwolves shot 60 percent from the field, not 46 percent.",qwen_small,p0d_sent,3611.41
S022,4,2,22,79.0,79.0,NUMBER,46,"The Timberwolves shot 46 percent from the field, not 22 percent from three-point range.",qwen_small,p0d_sent,3611.41
S022,5,1,43,102.0,102.0,NUMBER,34,"The Timberwolves had 34 rebounds, not 43.",qwen_small,p0d_sent,3611.41
S022,5,2,34,104.0,104.0,NUMBER,43,"The Pelicans had 43 rebounds, not 34.",qwen_small,p0d_sent,3611.41
S022,6,1,Anthony,106.0,106.0,NAME,Karl-Anthony,"Anthony Davis is from the Pelicans, not the Timberwolves.",qwen_small,p0d_sent,3611.41
S022,6,2,Davis,107.0,107.0,NAME,Towns,"Karl-Anthony Towns led the Timberwolves in scoring, not Anthony Davis.",qwen_small,p0d_sent,3611.41
S022,7,1,second,141.0,141.0,WORD,first,"Jrue Holiday was first on the team, not second.",qwen_small,p0d_sent,3611.41
S022,7,2,tallied,148.0,148.0,WORD,scored,"The term 'tallied' is less common in basketball narratives and typically refers to counting points, which is usually expressed as 'scored'.",qwen_small,p0d_sent,3611.41
S022,8,1,17,169.0,169.0,NUMBER,7,"Buddy Hield scored 7 points, not 17.",qwen_small,p0d_sent,3611.41
S022,8,2,of,119.0,119.0,WORD,-,"The correct format is 7-of-10, not 7-of.",qwen_small,p0d_sent,3611.41
S022,9,1,Gorgui Dieng,179.0,180.0,NAME,Ricky Rubio,"Ricky Rubio, not Gorgui Dieng, had the stats mentioned in the sentence.",qwen_small,p0d_sent,3611.41
S022,10,1,Buddy,158.0,158.0,NAME,Tyreke,"Tyreke Evans led Minnesota in scoring, not Buddy Hield.",qwen_small,p0d_sent,3611.41
S022,10,2,17,169.0,169.0,NUMBER,15,"Tyreke Evans scored 15 points, not 17 points.",qwen_small,p0d_sent,3611.41
S022,11,1,Gorgui,179.0,179.0,NAME,Donatas,"Donatas Motiejunas, not Gorgui Dieng, played for the Timberwolves in this game.",qwen_small,p0d_sent,3611.41
S022,12,1,Friday,18.0,18.0,NAME,Sunday,"The next game for the Timberwolves is on Sunday, not Friday.",qwen_small,p0d_sent,3611.41
S022,13,1,21 - 33,253.0,255.0,NUMBER,20-34,"The Timberwolves' record is 20-34, not 21-33.",qwen_small,p0d_sent,3611.41
S022,13,2,21 - 33,253.0,255.0,NUMBER,20-34,"The Timberwolves' record is 20-34, not 21-33.",qwen_small,p0d_sent,3611.41
S022,14,1,Minnesota,7.0,7.0,NAME,New Orleans,"The Pelicans defeated the New Orleans Pelicans, not the Minnesota Timberwolves.",qwen_small,p0d_sent,3611.41
S022,14,2,Timberwolves,8.0,8.0,NAME,Pelicans,"The Pelicans defeated the New Orleans Pelicans, not the Minnesota Timberwolves.",qwen_small,p0d_sent,3611.41
S022,15,1,25,149.0,149.0,NUMBER,12,"Jrue Holiday actually scored 12 points, not 25.",qwen_small,p0d_sent,3611.41
S022,15,2,12,155.0,155.0,NUMBER,25,"Jrue Holiday actually scored 25 points, not 12.",qwen_small,p0d_sent,3611.41
S023,1,1,Wednesday,19.0,19.0,NAME,Sunday,"The game was played on Sunday, not Wednesday.",qwen_small,p0d_sent,3611.41
S023,2,1,Wednesday,19.0,19.0,NAME,Sunday,"The game was played on Sunday, not Wednesday.",qwen_small,p0d_sent,3611.41
S023,3,1,for,44.0,44.0,CONTEXT,in,"The Mavericks led in the second half, not for the entire second half.",qwen_small,p0d_sent,3611.41
S023,4,1,38,77.0,77.0,NUMBER,22,"The Mavericks scored 22 points in the first quarter, not 38.",qwen_small,p0d_sent,3611.41
S023,4,2,11,56.0,56.0,NUMBER,22,"The Mavericks scored 22 points in the second quarter, not 11.",qwen_small,p0d_sent,3611.41
S023,5,1,Justin,88.0,88.0,NAME,Dorian,"Justin Anderson is not the leading scorer, Dorian Finney-Smith is.",qwen_small,p0d_sent,3611.41
S023,5,2,Anderson,89.0,89.0,NAME,Finney-Smith,"Justin Anderson is not the leading scorer, Dorian Finney-Smith is.",qwen_small,p0d_sent,3611.41
S023,6,1,off the bench,103.0,105.0,WORD,as a starter,"Justin Anderson started the game, not coming off the bench.",qwen_small,p0d_sent,3611.41
S023,6,2,19,101.0,101.0,NUMBER,5,"Justin Anderson scored 5 points, not 19 points.",qwen_small,p0d_sent,3611.41
S023,7,1,Deron Williams,131.0,132.0,NAME,Justin Anderson,"Justin Anderson led the team in scoring, not Deron Williams.",qwen_small,p0d_sent,3611.41
S023,7,2,13,145.0,145.0,NUMBER,19,"Justin Anderson scored 19 points, not 13 points.",qwen_small,p0d_sent,3611.41
S023,8,1,19,101.0,101.0,NUMBER,5,"Justin Anderson scored 5 points, not 19.",qwen_small,p0d_sent,3611.41
S023,8,2,5,124.0,124.0,NUMBER,2,"Justin Anderson made 2 assists, not 5.",qwen_small,p0d_sent,3611.41
S023,9,1,9,,,NUMBER,37,"The combined points of the Los Angeles Lakers starters was 37, not 9.",qwen_small,p0d_sent,3611.41
S023,9,2,6,,,NUMBER,4,"Julius Randle scored 9 points, not 6.",qwen_small,p0d_sent,3611.41
S023,9,3,4,,,NUMBER,4,"Julius Randle made 4 out of 4 shots, not 4 out of 6.",qwen_small,p0d_sent,3611.41
S023,9,4,15,252.0,252.0,NUMBER,14,"Lou Williams scored 14 points, not 15.",qwen_small,p0d_sent,3611.41
S023,9,5,2,,,NUMBER,12,"Brandon Ingram shot 2 out of 12, not 2 out of 12.",qwen_small,p0d_sent,3611.41
S023,9,6,12,,,NUMBER,12,"Brandon Ingram attempted 12 shots, not 12 minutes of action.",qwen_small,p0d_sent,3611.41
S023,10,1,Justin,88.0,88.0,NAME,Lou,"Lou Williams led the team in scoring, not Justin Anderson.",qwen_small,p0d_sent,3611.41
S023,10,2,Anderson,89.0,89.0,NAME,Williams,"Lou Williams led the team in scoring, not Justin Anderson.",qwen_small,p0d_sent,3611.41
S023,11,1,Julius,173.0,173.0,NAME,Brandon,"Brandon Ingram, not Julius Randle, was the only productive starter for the Lakers.",qwen_small,p0d_sent,3611.41
S023,11,2,Randle,174.0,174.0,NAME,Ingram,"Brandon Ingram, not Julius Randle, was the only productive starter for the Lakers.",qwen_small,p0d_sent,3611.41
S023,12,1,Wednesday,19.0,19.0,NAME,Sunday,"The game was played on Sunday, not Wednesday.",qwen_small,p0d_sent,3611.41
S023,13,1,five,148.0,148.0,NUMBER,four,"The Mavericks are now within four games of the eight-seed, not five.",qwen_small,p0d_sent,3611.41
S023,13,2,straight,261.0,261.0,WORD,three,"The Mavericks have won three straight games, not five.",qwen_small,p0d_sent,3611.41
S023,14,1,Justin,88.0,88.0,NAME,Dorian,"Justin Anderson is not the player of the game, Dorian Finney-Smith is.",qwen_small,p0d_sent,3611.41
S023,14,2,Anderson,89.0,89.0,PLAYER_NAME,Finney-Smith,"Justin Anderson is not the player of the game, Dorian Finney-Smith is.",qwen_small,p0d_sent,3611.41
S023,15,1,19,101.0,101.0,NUMBER,5,"Justin Anderson scored 5 points, not 19.",qwen_small,p0d_sent,3611.41
S023,15,2,5,124.0,124.0,NUMBER,11,"Justin Anderson shot 5-of-11 from the field, not 5-of-5.",qwen_small,p0d_sent,3611.41
S024,1,1,Saturday,18.0,18.0,NAME,Friday,"The game was played on Friday, not Saturday.",qwen_small,p0d_sent,3611.41
S024,1,2,defeated,5.0,5.0,WORD,demolished,The Warriors ' performance was much stronger than just defeating the Kings.,qwen_small,p0d_sent,3611.41
S024,2,1,Wednesday,29.0,29.0,NAME,Friday,The game was played on Friday.,qwen_small,p0d_sent,3611.41
S024,2,2,58 - 14,23.0,25.0,NUMBER,58-14,The home team's record is correctly 58-14.,qwen_small,p0d_sent,3611.41
S024,3,1,27,48.0,48.0,NUMBER,35,"The team scored 35 points in the third quarter, not 27.",qwen_small,p0d_sent,3611.41
S024,3,2,37,,,NUMBER,34,"Draymond Green had 34 assists, not 37.",qwen_small,p0d_sent,3611.41
S024,3,3,23,100.0,100.0,NUMBER,24,"Draymond Green scored 24 points, not 23.",qwen_small,p0d_sent,3611.41
S024,4,1,23,100.0,100.0,NUMBER,22,"Buddy Hield scored 22 points, not 23.",qwen_small,p0d_sent,3611.41
S024,4,2,23,100.0,100.0,NUMBER,22,"Buddy Hield scored 22 points, not 23.",qwen_small,p0d_sent,3611.41
S024,5,1,off,133.0,133.0,WORD,as a starter,"Isaiah Thomas started the game, not off the bench.",qwen_small,p0d_sent,3611.41
S024,5,2,30,,,NUMBER,20,"Isaiah Thomas scored 20 points, not 30.",qwen_small,p0d_sent,3611.41
S024,5,3,double - double,172.0,174.0,WORD,,Isaiah Thomas did not record a double-double.,qwen_small,p0d_sent,3611.41
S024,6,1,Buddy Hield,142.0,143.0,NAME,Steph Curry,Buddy Hield did not lead the scoring; Steph Curry scored 27 points.,qwen_small,p0d_sent,3611.41
S024,6,2,22,145.0,145.0,NUMBER,27,"Buddy Hield scored 27 points, not 22 points.",qwen_small,p0d_sent,3611.41
S024,7,1,23,100.0,100.0,NUMBER,22,"Draymond Green scored 22 points, not 23.",qwen_small,p0d_sent,3611.41
S024,7,2,4,169.0,169.0,NUMBER,3,"Draymond Green had 3 assists, not 4.",qwen_small,p0d_sent,3611.41
S024,7,3,double,172.0,172.0,WORD,,"Draymond Green did not record a double-double, as he only had 22 points and 3 assists.",qwen_small,p0d_sent,3611.41
S024,8,1,Skal,115.0,115.0,NAME,Buddy,"Buddy Hield, not Skal Labissiere, scored the team-high 22 points.",qwen_small,p0d_sent,3611.41
S024,8,2,22,145.0,145.0,NUMBER,20,"Buddy Hield scored 20 points, not 22 points.",qwen_small,p0d_sent,3611.41
S024,8,3,points,74.0,74.0,WORD,,"Buddy Hield scored 20 points, not 22 points, and did not get a triple-double.",qwen_small,p0d_sent,3611.41
S024,9,1,Ben,206.0,206.0,NAME,Buddy,"Ben McLemore is not the one leading the second unit, it was Buddy Hield.",qwen_small,p0d_sent,3611.41
S024,9,2,11,213.0,213.0,NUMBER,22,"Buddy Hield scored 22 points, not 11 points.",qwen_small,p0d_sent,3611.41
S024,10,1,27,48.0,48.0,NUMBER,30,"The correct score for the quarter is 30, not 27.",qwen_small,p0d_sent,3611.41
S024,10,2,22,145.0,145.0,NUMBER,30,"The correct score for the quarter is 30, not 22.",qwen_small,p0d_sent,3611.41
S024,11,1,next,254.0,254.0,WORD,second,"Buddy Hield was the second bench-leading scorer, not the next.",qwen_small,p0d_sent,3611.41
S024,11,2,22,145.0,145.0,NUMBER,20,"Buddy Hield actually scored 20 points, not 22 points.",qwen_small,p0d_sent,3611.41
S024,12,1,23,100.0,100.0,NUMBER,27,"Draymond Green scored 27 points, not 23.",qwen_small,p0d_sent,3611.41
S024,12,2,23,100.0,100.0,NUMBER,27,"Draymond Green scored 27 points, not 23.",qwen_small,p0d_sent,3611.41
S024,13,1,Willie,294.0,294.0,NAME,Buddy,Willie Cauley-Stein is not the player who scored 12 points and 4 rebounds; Buddy Hield did.,qwen_small,p0d_sent,3611.41
S024,13,2,12,88.0,88.0,NUMBER,22,"Buddy Hield scored 22 points, not 12 points.",qwen_small,p0d_sent,3611.41
S024,13,3,4,169.0,169.0,NUMBER,10,"Buddy Hield grabbed 10 rebounds, not 4 rebounds.",qwen_small,p0d_sent,3611.41
S025,1,1,defeated,5.0,5.0,WORD,beat,The term 'defeated' is less commonly used in basketball scoring reports; 'beat' is more appropriate.,qwen_small,p0d_sent,3611.41
S025,1,2,109 - 103,10.0,12.0,NUMBER,109-101,"The actual score was 109-101, not 109-103.",qwen_small,p0d_sent,3611.41
S025,2,1,13 - 3,23.0,25.0,NUMBER,109,"The Spurs scored 109 points, not 13-3.",qwen_small,p0d_sent,3611.41
S025,2,2,9 - 7,42.0,44.0,NUMBER,103,"The Celtics scored 103 points, not 9-7.",qwen_small,p0d_sent,3611.41
S025,2,3,Thursday,30.0,30.0,NAME,Tuesday,"The game was played on Tuesday, not Thursday.",qwen_small,p0d_sent,3611.41
S025,3,1,25,82.0,82.0,NUMBER,32,"Kawhi Leonard scored 32 points, not 25.",qwen_small,p0d_sent,3611.41
S025,3,2,18,89.0,89.0,NUMBER,17,"Kawhi Leonard played for 17 minutes, not 18.",qwen_small,p0d_sent,3611.41
S025,3,3,35,114.0,114.0,NUMBER,32,"Kawhi Leonard played for 32 minutes, not 35.",qwen_small,p0d_sent,3611.41
S025,4,1,off,135.0,135.0,WORD,as a starter,"Isaiah Thomas started the game, not coming off the bench.",qwen_small,p0d_sent,3611.41
S025,4,2,30,,,NUMBER,24,"Isaiah Thomas scored 24 points, not 30 points.",qwen_small,p0d_sent,3611.41
S025,4,3,double - double,,,WORD,,Isaiah Thomas did not record a double-double.,qwen_small,p0d_sent,3611.41
S025,5,1,19,133.0,133.0,NUMBER,15,"Patty Mills scored 15 points, not 19.",qwen_small,p0d_sent,3611.41
S025,5,2,15,149.0,149.0,NUMBER,15,"David Lee scored 15 points, not 19.",qwen_small,p0d_sent,3611.41
S025,5,3,15,149.0,149.0,NUMBER,15,"Davis Bertans scored 15 points, not 19.",qwen_small,p0d_sent,3611.41
S025,6,1,Isaiah Thomas,163.0,164.0,NAME,Kawhi Leonard,"Isaiah Thomas is not leading the scoring for the Celtics, Kawhi Leonard is.",qwen_small,p0d_sent,3611.41
S025,6,2,24,172.0,172.0,NUMBER,32,"Kawhi Leonard scored 32 points, not 24 points.",qwen_small,p0d_sent,3611.41
S025,7,1,19,133.0,133.0,NUMBER,8,"Avery Bradley contributed 8 points, not 19.",qwen_small,p0d_sent,3611.41
S025,7,2,8,85.0,85.0,NUMBER,19,"Avery Bradley contributed 19 points, not 8.",qwen_small,p0d_sent,3611.41
S025,7,3,15,149.0,149.0,NUMBER,15,"David Lee contributed 15 points, not 8.",qwen_small,p0d_sent,3611.41
S025,7,4,15,149.0,149.0,NUMBER,15,"Davis Bertans contributed 15 points, not 8.",qwen_small,p0d_sent,3611.41
S025,8,1,10,108.0,108.0,NUMBER,25,"Kawhi Leonard scored 25 points, not 10.",qwen_small,p0d_sent,3611.41
S025,8,2,four,111.0,111.0,NUMBER,two,"LaMarcus Aldridge had 2 assists, not 4.",qwen_small,p0d_sent,3611.41
S025,9,1,47,248.0,248.0,NUMBER,46,"The Spurs shot 46 percent from the field, not 47 percent.",qwen_small,p0d_sent,3611.41
S025,9,2,46,254.0,254.0,NUMBER,47,"The Celtics shot 47 percent from the field, not 46 percent.",qwen_small,p0d_sent,3611.41
S026,1,1,David West,11.0,12.0,NAME,Solomon Hill,"David West did not score 10 points, Solomon Hill did.",qwen_small,p0d_sent,3611.41
S026,1,2,5 12,,,NUMBER,12,"David West's shooting percentage is 50%, not 512%.",qwen_small,p0d_sent,3611.41
S026,2,1,26,48.0,48.0,NUMBER,28,"The Suns scored 28 points in the second quarter, not 26.",qwen_small,p0d_sent,3611.41
S026,2,2,27,50.0,50.0,NUMBER,28,"The Pacers scored 28 points in the first quarter, not 27.",qwen_small,p0d_sent,3611.41
S026,3,1,50,68.0,68.0,NUMBER,48,"The Suns shot 48% from the field, not 50%.",qwen_small,p0d_sent,3611.41
S026,3,2,48,74.0,74.0,NUMBER,50,"The Suns shot 50% from beyond the arc, not 48%.",qwen_small,p0d_sent,3611.41
S026,3,3,12,16.0,16.0,NUMBER,11,"The Suns made 11 free throws, not 12.",qwen_small,p0d_sent,3611.41
S026,4,1,Eric Dragic,114.0,115.0,NAME,Goran Dragic,"Eric Dragic is not one of the leading scorers, Goran Dragic is.",qwen_small,p0d_sent,3611.41
S026,4,2,Eric Dragic,114.0,115.0,NAME,Goran Dragic,"Eric Dragic is not one of the leading scorers, Goran Dragic is.",qwen_small,p0d_sent,3611.41
S026,5,1,34,149.0,149.0,NUMBER,27,"Eric Bledsoe scored 27 points, not 34 points.",qwen_small,p0d_sent,3611.41
S026,5,2,34,149.0,149.0,NUMBER,27,"Eric Bledsoe scored 27 points, not 34 points.",qwen_small,p0d_sent,3611.41
S026,6,1,double,176.0,176.0,WORD,,"Dragic and Bledsoe combined for 61 points, not six players in double figures.",qwen_small,p0d_sent,3611.41
S026,7,1,62,,,NUMBER,61,"The Suns' backcourt combined for 61 points, not 62.",qwen_small,p0d_sent,3611.41
S026,7,2,5,14.0,14.0,NUMBER,4,"Eric Bledsoe scored 27 points, not 25.",qwen_small,p0d_sent,3611.41
S026,7,3,11,5.0,5.0,NUMBER,27,"Eric Bledsoe made 11 of 20 field goals, not 11 of 15.",qwen_small,p0d_sent,3611.41
S026,7,4,1,343.0,343.0,NUMBER,4,"Eric Bledsoe made 4 of 5 free throws, not 1 of 4.",qwen_small,p0d_sent,3611.41
S026,7,5,15,126.0,126.0,NUMBER,27,"Eric Bledsoe scored 27 points, not 15.",qwen_small,p0d_sent,3611.41
S026,7,6,10,295.0,295.0,NUMBER,7,"Goran Dragic made 7 of 15 field goals, not 11 of 15.",qwen_small,p0d_sent,3611.41
S026,7,7,6,135.0,135.0,NUMBER,5,"Goran Dragic made 5 of 6 three-pointers, not 6 of 6.",qwen_small,p0d_sent,3611.41
S026,7,8,7,200.0,200.0,NUMBER,8,"Goran Dragic made 8 of 8 free throws, not 7 of 7.",qwen_small,p0d_sent,3611.41
S026,8,1,double,176.0,176.0,WORD,backcourt,"The Suns' backcourt, not individual players, combined for 61 points.",qwen_small,p0d_sent,3611.41
S026,8,2,61,,,NUMBER,48,"The backcourt combined for 48 points, not 61 points.",qwen_small,p0d_sent,3611.41
S026,9,1,15,126.0,126.0,NUMBER,10,"Roy Hibbert scored 10 points, not 15.",qwen_small,p0d_sent,3611.41
S026,9,2,6,135.0,135.0,NUMBER,5,"Roy Hibbert made 5 field goals, not 6.",qwen_small,p0d_sent,3611.41
S026,9,3,14,281.0,281.0,NUMBER,10,"Roy Hibbert had 10 rebounds, not 14.",qwen_small,p0d_sent,3611.41
S026,10,1,113,,,NUMBER,116,"The Suns scored 116, not 113.",qwen_small,p0d_sent,3611.41
S026,10,2,107,,,NUMBER,99,"The Pacers scored 99, not 107.",qwen_small,p0d_sent,3611.41
S026,11,1,6,135.0,135.0,NUMBER,5,"CJ Miles scored 15 points, not 16.",qwen_small,p0d_sent,3611.41
S026,11,2,9,340.0,340.0,NUMBER,8,"CJ Miles made 3 free throws, not 4.",qwen_small,p0d_sent,3611.41
S026,11,3,17,335.0,335.0,NUMBER,16,"CJ Miles scored 16 points, not 17.",qwen_small,p0d_sent,3611.41
S026,12,1,double,176.0,176.0,WORD,double-doubles,"Goran Dragic had two double-doubles, not just one double.",qwen_small,p0d_sent,3611.41
S026,12,2,42,256.0,256.0,NUMBER,61,"The backcourt combined for 61 points, not 42 points.",qwen_small,p0d_sent,3611.41
S026,13,1,15,126.0,126.0,NUMBER,10,"Roy Hibbert scored 10 points, not 15.",qwen_small,p0d_sent,3611.41
S026,13,2,6,135.0,135.0,NUMBER,14,"Roy Hibbert made 14 field goals, not 6.",qwen_small,p0d_sent,3611.41
S026,13,3,0,20.0,20.0,NUMBER,3,"Roy Hibbert made 3 free throws, not 0.",qwen_small,p0d_sent,3611.41
S026,13,4,3,100.0,100.0,NUMBER,2,"Roy Hibbert had 2 steals, not 3.",qwen_small,p0d_sent,3611.41
S026,14,1,10,295.0,295.0,NUMBER,18,"The Suns out-scored Indiana 62-43 in the final two quarters, not 62-10.",qwen_small,p0d_sent,3611.41
S026,14,2,10,295.0,295.0,NUMBER,43,"The Suns out-scored Indiana 62-43 in the final two quarters, not 62-10.",qwen_small,p0d_sent,3611.41
S026,15,1,CJ Miles,324.0,325.0,NAME,CJ Watson,"CJ Watson, not CJ Miles, scored 17 points.",qwen_small,p0d_sent,3611.41
S026,15,2,17,335.0,335.0,NUMBER,14,"CJ Watson scored 14 points, not 17 points.",qwen_small,p0d_sent,3611.41
S026,16,1,15,126.0,126.0,NUMBER,6,"Gerald Green scored 6 points, not 15.",qwen_small,p0d_sent,3611.41
S026,16,2,14,281.0,281.0,NUMBER,2,"Gerald Green had 2 assists, not 14.",qwen_small,p0d_sent,3611.41
S026,17,1,off the bench,331.0,333.0,WORD,as a starter,"Bledsoe started the game, not coming off the bench.",qwen_small,p0d_sent,3611.41
S026,17,2,27,50.0,50.0,NUMBER,15,"Bledsoe scored 15 points, not 27 points.",qwen_small,p0d_sent,3611.41
S026,18,1,17,335.0,335.0,NUMBER,15,"Miles scored 15 points, not 17.",qwen_small,p0d_sent,3611.41
S026,18,2,6,135.0,135.0,NUMBER,9,"Miles had 9 rebounds, not 6.",qwen_small,p0d_sent,3611.41
S026,19,1,Friday,550.0,550.0,NAME,Thursday,"The Pacers' game against the Trail Blazers was scheduled for Thursday, not Friday.",qwen_small,p0d_sent,3611.41
S026,19,2,Friday,550.0,550.0,NAME,Friday,"The Suns' game against the Dallas Mavericks was scheduled for Friday, not Thursday.",qwen_small,p0d_sent,3611.41
S027,1,1,defeated,10.0,10.0,WORD,beat,The term 'defeated' is less commonly used in basketball narratives and 'beat' is more appropriate.,qwen_small,p0d_sent,3611.41
S027,1,2,111,19.0,19.0,NUMBER,116,"The home team, the Knicks, scored 116, not 111.",qwen_small,p0d_sent,3611.41
S027,1,3,Wednesday,23.0,23.0,NAME,Sunday,"The game was played on Sunday, not Wednesday.",qwen_small,p0d_sent,3611.41
S027,2,1,25,49.0,49.0,NUMBER,29,"The Rockets scored 29 points in the second quarter, not 25.",qwen_small,p0d_sent,3611.41
S027,2,2,21,51.0,51.0,NUMBER,29,"The Rockets scored 29 points in the first quarter, not 21.",qwen_small,p0d_sent,3611.41
S027,2,3,111,19.0,19.0,NUMBER,116,"The final score was 116-111, not 111-111.",qwen_small,p0d_sent,3611.41
S027,3,1,58,69.0,69.0,NUMBER,45,"The Rockets had a 45% shooting percentage, not 58%.",qwen_small,p0d_sent,3611.41
S027,3,2,33,75.0,75.0,NUMBER,45,"The Rockets had a 45% shooting percentage, not 33%.",qwen_small,p0d_sent,3611.41
S027,3,3,58,69.0,69.0,NUMBER,45,"The Rockets had a 45% shooting percentage, not 58%.",qwen_small,p0d_sent,3611.41
S027,3,4,33,75.0,75.0,NUMBER,45,"The Rockets had a 45% shooting percentage, not 33%.",qwen_small,p0d_sent,3611.41
S027,4,1,31,138.0,138.0,NUMBER,26,"James Harden scored 26 points, not 31.",qwen_small,p0d_sent,3611.41
S027,4,2,Afflalo,107.0,107.0,NAME,Harden,"James Harden was the leading scorer, not Arron Afflalo.",qwen_small,p0d_sent,3611.41
S027,5,1,31,138.0,138.0,NUMBER,26,"James Harden scored 26 points, not 31.",qwen_small,p0d_sent,3611.41
S027,5,2,13,111.0,111.0,NUMBER,19,"Afflalo made 19 shots, not 13.",qwen_small,p0d_sent,3611.41
S027,5,3,19,115.0,115.0,NUMBER,13,"Afflalo made 13 shots, not 19.",qwen_small,p0d_sent,3611.41
S027,6,1,45,206.0,206.0,NUMBER,58,"Afflalo's shooting percentage was 58%, not 45%.",qwen_small,p0d_sent,3611.41
S027,6,2,45,206.0,206.0,NUMBER,58,"The Knicks' shooting percentage was 58%, not 45%.",qwen_small,p0d_sent,3611.41
S027,7,1,20,230.0,230.0,NUMBER,29,"The Rockets scored 29 points in the second quarter, not 20.",qwen_small,p0d_sent,3611.41
S027,7,2,21,51.0,51.0,NUMBER,25,"The Rockets scored 25 points in the first quarter, not 21.",qwen_small,p0d_sent,3611.41
S027,7,3,28,,,NUMBER,23,"The Rockets scored 23 points in the third quarter, not 28.",qwen_small,p0d_sent,3611.41
S027,7,4,32,,,NUMBER,32,"The Rockets scored 32 points in the fourth quarter, not 32 (this is correct).",qwen_small,p0d_sent,3611.41
S027,7,5,111,19.0,19.0,NUMBER,116,"The Rockets scored 116 points, not 111 (this is correct).",qwen_small,p0d_sent,3611.41
S027,8,1,Wednesday,23.0,23.0,NAME,Sunday,"The game was played on Sunday, not Wednesday.",qwen_small,p0d_sent,3611.41
S028,1,1,Saturday,17.0,17.0,NAME,Wednesday,"The game was played on Wednesday, not Saturday.",qwen_small,p0d_sent,3611.41
S028,2,1,Wednesday,,,NAME,Tuesday,"The game was played on Tuesday, not Wednesday.",qwen_small,p0d_sent,3611.41
S028,3,1,9 - 44,,,NUMBER,9,"The Nets' record is 9-21, not 9-44.",qwen_small,p0d_sent,3611.41
S028,3,2,Wednesday,,,NAME,Tuesday,"The game was played on Tuesday, not Wednesday.",qwen_small,p0d_sent,3611.41
S028,4,1,31 - 44,102.0,104.0,NUMBER,9-44,"The Nets' record is 9-44, not 31-44.",qwen_small,p0d_sent,3611.41
S028,4,2,59 - 48,123.0,125.0,NUMBER,59-49,"The halftime score difference was 59-49, not 59-48.",qwen_small,p0d_sent,3611.41
S028,5,1,23,140.0,140.0,NUMBER,31,"Beal scored 31 points, not 23.",qwen_small,p0d_sent,3611.41
S028,5,2,2,155.0,155.0,NUMBER,3,"Beal made 3 assists, not 2.",qwen_small,p0d_sent,3611.41
S028,5,3,2,155.0,155.0,NUMBER,3,"Beal recorded 3 steals, not 2.",qwen_small,p0d_sent,3611.41
S028,5,4,23,140.0,140.0,NUMBER,31,"Wall scored 31 points, not 23.",qwen_small,p0d_sent,3611.41
S028,5,5,12,,,NUMBER,23,"Wall had 23 assists, not 12.",qwen_small,p0d_sent,3611.41
S028,5,6,2,155.0,155.0,NUMBER,3,"Wall recorded 3 steals, not 2.",qwen_small,p0d_sent,3611.41
S028,5,7,20,244.0,244.0,NUMBER,23,"Porter scored 23 points, not 20.",qwen_small,p0d_sent,3611.41
S028,5,8,10,209.0,209.0,NUMBER,14,"Porter grabbed 14 rebounds, not 10.",qwen_small,p0d_sent,3611.41
S028,6,1,14,180.0,180.0,NUMBER,15,"Jason Smith led the second unit with 15 points, not 14.",qwen_small,p0d_sent,3611.41
S028,6,2,14,180.0,180.0,NUMBER,15,"Jason Smith led the second unit with 15 points, not 14.",qwen_small,p0d_sent,3611.41
S028,7,1,10,209.0,209.0,NUMBER,9,"The Nets scored 9 points in the first quarter, not 10.",qwen_small,p0d_sent,3611.41
S028,7,2,44,104.0,104.0,NUMBER,44,"The Nets have 44 losses, not 49.",qwen_small,p0d_sent,3611.41
S028,7,3,Wednesday,,,NAME,Wednesday,"The game was played on Wednesday, not a different day.",qwen_small,p0d_sent,3611.41
S028,8,1,Brooklyn,6.0,6.0,NAME,Washington,"The game was played in Washington, not Brooklyn.",qwen_small,p0d_sent,3611.41
S028,8,2,Wednesday,,,NAME,Thursday,"The game was actually played on Thursday, not Wednesday.",qwen_small,p0d_sent,3611.41
S028,9,1,20,244.0,244.0,NUMBER,15,"Jason Smith led the second unit with 15 points, not 20.",qwen_small,p0d_sent,3611.41
S028,9,2,10,209.0,209.0,NUMBER,8,"Jason Smith led the second unit with 8 rebounds, not 10.",qwen_small,p0d_sent,3611.41
S028,10,1,13,267.0,267.0,NUMBER,23,"Hollis-Jefferson scored 23 points, not 13.",qwen_small,p0d_sent,3611.41
S028,10,2,11,271.0,271.0,NUMBER,10,"Hollis-Jefferson had 10 rebounds, not 11.",qwen_small,p0d_sent,3611.41
S028,10,3,double,187.0,187.0,WORD,,This was not a double-double as he did not record an assist or a steal.,qwen_small,p0d_sent,3611.41
S028,11,1,15,293.0,293.0,NUMBER,14,"Jason Smith scored 14 points, not 15.",qwen_small,p0d_sent,3611.41
S028,11,2,a,63.0,63.0,WORD,an,"The correct article to use before 'steal' is 'an', not 'a'.",qwen_small,p0d_sent,3611.41
S028,12,1,10,209.0,209.0,NUMBER,9,"The Nets scored 9 points in the first quarter, not 10.",qwen_small,p0d_sent,3611.41
S028,12,2,44,104.0,104.0,NUMBER,21,"The Nets have 21 losses, not 44.",qwen_small,p0d_sent,3611.41
S028,12,3,Wednesday,,,NAME,Tuesday,"The game was played on Tuesday, not Wednesday.",qwen_small,p0d_sent,3611.41
S028,13,1,31,23.0,23.0,NUMBER,9,"The Nets won with 110 points, not 114.",qwen_small,p0d_sent,3611.41
S028,13,2,114,9.0,9.0,NUMBER,110,"The Nets won with 110 points, not 114.",qwen_small,p0d_sent,3611.41
S028,14,1,21,25.0,25.0,NUMBER,20,"Bogdanovic scored 20 points, not 21.",qwen_small,p0d_sent,3611.41
S028,14,2,points,210.0,210.0,WORD,points,"Bogdanovic scored 20 points, not 21 points.",qwen_small,p0d_sent,3611.41
S028,15,1,14,180.0,180.0,NUMBER,15,"Jason Smith led the second unit with 15 points, not 14.",qwen_small,p0d_sent,3611.41
S028,15,2,14,180.0,180.0,NUMBER,15,"Jason Smith led the second unit with 15 points, not 14.",qwen_small,p0d_sent,3611.41
S028,15,3,14,180.0,180.0,NUMBER,15,"Jason Smith led the second unit with 15 points, not 14.",qwen_small,p0d_sent,3611.41
S028,16,1,Sean Kilpatrick,202.0,203.0,NAME,Trevor Booker,"Trevor Booker, not Sean Kilpatrick, led the second unit.",qwen_small,p0d_sent,3611.41
S028,17,1,Friday,408.0,408.0,NAME,Saturday,"The game was played on Wednesday, not Friday.",qwen_small,p0d_sent,3611.41
S028,17,2,Detroit,405.0,405.0,NAME,Brooklyn,"The Nets were facing the Brooklyn Nets, not the Detroit Pistons.",qwen_small,p0d_sent,3611.41
S028,17,3,Phoenix,419.0,419.0,NAME,Miami,"The Nets were facing the Miami Heat, not the Phoenix Suns.",qwen_small,p0d_sent,3611.41
S029,1,1,Wednesday,17.0,17.0,NAME,Monday,"The game was played on Monday, not Wednesday.",qwen_small,p0d_sent,3611.41
S029,2,1,12,22.0,22.0,NUMBER,10,"The Timberwolves' record is 10-26, not 12-26.",qwen_small,p0d_sent,3611.41
S029,2,2,Friday,29.0,29.0,NAME,Monday,"The game was played on Monday, not Friday.",qwen_small,p0d_sent,3611.41
S029,3,1,11,77.0,77.0,NUMBER,27,"The Mavericks scored 92 points, not 11 points.",qwen_small,p0d_sent,3611.41
S029,3,2,27,79.0,79.0,NUMBER,92,"The Mavericks scored 92 points, not 27 points.",qwen_small,p0d_sent,3611.41
S029,4,1,24 - 19,,,NUMBER,24 - 21,"The Timberwolves outscored the Mavericks by 24 - 21 in the third quarter, not 24 - 19.",qwen_small,p0d_sent,3611.41
S029,5,1,Harrison,120.0,120.0,NAME,Dirk,"Harrison Barnes is not the leading scorer, Dirk Nowitzki is.",qwen_small,p0d_sent,3611.41
S029,5,2,30,132.0,132.0,NUMBER,26,"Dirk Nowitzki scored 26 points, not 30 points.",qwen_small,p0d_sent,3611.41
S029,6,1,Deron Williams,148.0,149.0,NAME,Dirk Nowitzki,"Deron Williams is not mentioned in the summary, and Dirk Nowitzki is the player discussed.",qwen_small,p0d_sent,3611.41
S029,6,2,11,77.0,77.0,NUMBER,26,"Nowitzki scored 26 points, not 11 points.",qwen_small,p0d_sent,3611.41
S029,6,3,points,133.0,133.0,WORD,"points, 22 rebounds, and 8 assists","Nowitzki's stats were 26 points, 22 rebounds, and 8 assists, not just 11 points.",qwen_small,p0d_sent,3611.41
S029,7,1,37,173.0,173.0,NUMBER,34,"Wesley Matthews scored 34 points, not 37.",qwen_small,p0d_sent,3611.41
S029,7,2,bench,170.0,170.0,NAME,starting lineup,"Wesley Matthews was in the starting lineup, not off the bench.",qwen_small,p0d_sent,3611.41
S029,8,1,11,77.0,77.0,NUMBER,26,"Deron Williams scored 26 points, not 11 points.",qwen_small,p0d_sent,3611.41
S029,8,2,seven,155.0,155.0,NUMBER,11,"Deron Williams had 11 assists, not 7 assists.",qwen_small,p0d_sent,3611.41
S029,9,1,JJ,204.0,204.0,NAME,D.J.,JJ Barea's full name is D.J. Barea.,qwen_small,p0d_sent,3611.41
S029,9,2,Barea,205.0,205.0,NAME,D.J.,JJ Barea's full name is D.J. Barea.,qwen_small,p0d_sent,3611.41
S029,10,1,JJ,204.0,204.0,NAME,Dell,JJ Barea's full name is Dell Barea.,qwen_small,p0d_sent,3611.41
S029,10,2,Barea,205.0,205.0,NAME,Dell,JJ Barea's full name is Dell Barea.,qwen_small,p0d_sent,3611.41
S029,11,1,12,22.0,22.0,NUMBER,13,"Adreian Payne scored 13 points, not 12.",qwen_small,p0d_sent,3611.41
S029,11,2,four,183.0,183.0,WORD,five,"Adreian Payne had 5 assists, not 4.",qwen_small,p0d_sent,3611.41
S029,12,1,last,263.0,263.0,NAME,first,"The Mavericks are currently in first place, not last.",qwen_small,p0d_sent,3611.41
S029,12,2,Northwest,270.0,270.0,NAME,Central,The Northwest Division is actually the Central Division for the Mavericks.,qwen_small,p0d_sent,3611.41
S029,13,1,Wednesday,17.0,17.0,NAME,Monday,"The game was played on Monday, not Wednesday.",qwen_small,p0d_sent,3611.41
S029,14,1,Karl-Anthony,285.0,285.0,NAME,Dirk,"Karl-Anthony Towns is not leading the scoring for the Timberwolves, Dirk Nowitzki is.",qwen_small,p0d_sent,3611.41
S029,14,2,Towns,286.0,286.0,NAME,Nowitzki,"Karl-Anthony Towns is not leading the scoring for the Timberwolves, Dirk Nowitzki is.",qwen_small,p0d_sent,3611.41
S029,15,1,Andrew,316.0,316.0,NAME,Dirk,"Andrew Wiggins is not the player who scored 13 points, it was Dirk Nowitzki.",qwen_small,p0d_sent,3611.41
S029,15,2,Wiggins,317.0,317.0,NAME,Nowitzki,"Andrew Wiggins is not the player who scored 13 points, it was Dirk Nowitzki.",qwen_small,p0d_sent,3611.41
S029,16,1,Shabazz,332.0,332.0,NAME,Dirk,"Dirk Nowitzki is the player in question, not Shabazz Muhammad.",qwen_small,p0d_sent,3611.41
S029,16,2,Muhammad,333.0,333.0,NAME,Nowitzki,"The player is Dirk Nowitzki, not Shabazz Muhammad.",qwen_small,p0d_sent,3611.41
S029,17,1,Shabazz,332.0,332.0,NAME,Dirk,"Dirk Nowitzki led the second unit, not Shabazz Muhammad.",qwen_small,p0d_sent,3611.41
S029,17,2,11,77.0,77.0,NUMBER,26,"Shabazz Muhammad scored 11 points, but the leading scorer was Dirk Nowitzki with 26 points.",qwen_small,p0d_sent,3611.41
S029,18,1,last,263.0,263.0,NAME,first,"The Timberwolves are currently in first place, not last.",qwen_small,p0d_sent,3611.41
S029,19,1,Wednesday,17.0,17.0,NAME,Monday,"The game was played on Monday, not Wednesday.",qwen_small,p0d_sent,3611.41
S030,1,1,Wednesday,18.0,18.0,NAME,Monday,"The game was played on Monday, not Wednesday.",qwen_small,p0d_sent,3611.41
S030,2,1,Monday,192.0,192.0,NAME,Wednesday,"The game was played on Wednesday, not Monday.",qwen_small,p0d_sent,3611.41
S030,2,2,Charlotte,6.0,6.0,TEAM_CITY,Indiana,"The home team is Indiana, not Charlotte.",qwen_small,p0d_sent,3611.41
S030,3,1,34,58.0,58.0,NUMBER,21,"The Pacers only scored 21 points in the fourth quarter, not 34.",qwen_small,p0d_sent,3611.41
S030,3,2,21,60.0,60.0,NUMBER,34,"The Hornets scored 34 points in the fourth quarter, not 21.",qwen_small,p0d_sent,3611.41
S030,4,1,42,83.0,83.0,NUMBER,34,"The Hornets had 34 rebounds, not 42.",qwen_small,p0d_sent,3611.41
S030,4,2,34,58.0,58.0,NUMBER,42,"The Pacers had 42 rebounds, not 34.",qwen_small,p0d_sent,3611.41
S030,5,1,14 - 11,90.0,92.0,NUMBER,13,"The Pacers have 13 wins, not 14.",qwen_small,p0d_sent,3611.41
S030,5,2,13 - 12,197.0,199.0,NUMBER,13,"The Pacers have 13 wins, not 13-12.",qwen_small,p0d_sent,3611.41
S030,6,1,Charlotte,6.0,6.0,NAME,Indiana,"The home team is Indiana, not Charlotte.",qwen_small,p0d_sent,3611.41
S030,6,2,Monday,192.0,192.0,NAME,Wednesday,"The game was played on Wednesday, not Monday.",qwen_small,p0d_sent,3611.41
S030,7,1,13,146.0,146.0,NUMBER,11,"The Hornets scored 11 points, not 13.",qwen_small,p0d_sent,3611.41
S030,7,2,12,126.0,126.0,NUMBER,11,"The Pacers lost 11 games, not 12.",qwen_small,p0d_sent,3611.41
S030,7,3,13,146.0,146.0,NUMBER,11,"The Pacers won 11 games, not 13.",qwen_small,p0d_sent,3611.41
S030,7,4,12,126.0,126.0,NUMBER,11,"The Hornets won 11 games, not 12.",qwen_small,p0d_sent,3611.41
S030,7,5,Charlotte,6.0,6.0,NAME,Indiana,"The Hornets play in Indiana, not Charlotte.",qwen_small,p0d_sent,3611.41
S030,7,6,Bankers Life Fieldhouse,14.0,16.0,NAME,Bankers Life Fieldhouse,The correct venue name is 'Bankers Life Fieldhouse'.,qwen_small,p0d_sent,3611.41
S030,8,1,Cody,155.0,155.0,NAME,Paul,"Cody Zeller is not in double figures, Paul George is.",qwen_small,p0d_sent,3611.41
S030,8,2,Zeller,156.0,156.0,NAME,George,"Cody Zeller is not in double figures, Paul George is.",qwen_small,p0d_sent,3611.41
S030,8,3,11,92.0,92.0,NUMBER,22,"Paul George scored 22 points, not 11 points.",qwen_small,p0d_sent,3611.41
S030,9,1,Monday,192.0,192.0,NAME,Wednesday,"The game was played on Wednesday, not Monday.",qwen_small,p0d_sent,3611.41
S030,9,2,on,17.0,17.0,NULL,,,qwen_small,p0d_sent,3611.41
S030,10,1,five,97.0,97.0,NUMBER,six,"The Pacers have won six of their last six games, not five.",qwen_small,p0d_sent,3611.41
S030,10,2,great,218.0,218.0,WORD,competitive,"While the Pacers are performing well, calling them 'great' might be subjective and not factually accurate based on the box score.",qwen_small,p0d_sent,3611.41
S030,11,1,22,233.0,233.0,NUMBER,18,"Paul George and Myles Turner combined for 18 points, not 22.",qwen_small,p0d_sent,3611.41
S030,11,2,22,233.0,233.0,NUMBER,18,"Paul George and Myles Turner combined for 18 points, not 22.",qwen_small,p0d_sent,3611.41
S030,12,1,22,233.0,233.0,NUMBER,18,"Myles Turner scored 18 points, not 22.",qwen_small,p0d_sent,3611.41
S030,12,2,seven,101.0,101.0,NUMBER,five,"Myles Turner recorded five rebounds, not seven.",qwen_small,p0d_sent,3611.41
S030,12,3,four,259.0,259.0,NUMBER,three,"Myles Turner recorded three blocks, not four.",qwen_small,p0d_sent,3611.41
S030,13,1,22,233.0,233.0,NUMBER,18,"Myles Turner scored 18 points, not 22.",qwen_small,p0d_sent,3611.41
S030,13,2,seven,101.0,101.0,NUMBER,five,"Myles Turner had five rebounds, not seven.",qwen_small,p0d_sent,3611.41
S030,13,3,four,259.0,259.0,NUMBER,three,"Myles Turner had three blocks, not four.",qwen_small,p0d_sent,3611.41
