TEXT_ID,SENTENCE_ID,ANNOTATION_ID,TOKENS,DOC_TOKEN_START,DOC_TOKEN_END,TYPE,CORRECTION,COMMENT,MODEL,PROMPT_KEY,TIME_SECONDS
S001,2,1,30,54.0,54.0,NUMBER,33,"The story claims a 30-point win, but the box score shows the Celtics won by 33 points.",qwen_medium,p2_sent,16230.48
S001,3,1,six,82.0,82.0,NUMBER,4,"Isaiah Thomas had 4 assists, not six.",qwen_medium,p2_sent,16230.48
S001,3,2,two,85.0,85.0,NUMBER,2,"Isaiah Thomas had 2 rebounds, which is correct.",qwen_medium,p2_sent,16230.48
S001,3,3,a,32.0,32.0,NUMBER,1,"Isaiah Thomas had 1 steal, not a (which implies one).",qwen_medium,p2_sent,16230.48
S001,4,1,a block,107.0,108.0,NUMBER,1,Al Horford had 1 block according to the JSON.,qwen_medium,p2_sent,16230.48
S001,5,1,18,25.0,25.0,NUMBER,18,The JSON confirms Jae Crowder scored 18 points.,qwen_medium,p2_sent,16230.48
S001,5,2,12,120.0,120.0,NUMBER,6,"The JSON shows Jae Crowder had 6 rebounds, not 12.",qwen_medium,p2_sent,16230.48
S001,5,3,an,129.0,129.0,NUMBER,1,"The JSON indicates Jae Crowder had 1 assist, not an (implied 1).",qwen_medium,p2_sent,16230.48
S001,5,4,two,85.0,85.0,NUMBER,2,The JSON confirms Jae Crowder had 2 steals.,qwen_medium,p2_sent,16230.48
S001,5,5,a,32.0,32.0,NUMBER,0,"The JSON shows Jae Crowder had 0 blocks, not a (implied 1).",qwen_medium,p2_sent,16230.48
S001,6,1,an assist,129.0,130.0,NUMBER,1,"Jae Crowder had 1 assist, not an assist.",qwen_medium,p2_sent,16230.48
S001,6,2,a pair of steals,152.0,155.0,NUMBER,2,"Jae Crowder had 2 steals, not a pair of steals.",qwen_medium,p2_sent,16230.48
S001,7,1,an assist,129.0,130.0,NUMBER,1,"Jae Crowder had 1 assist, not an assist.",qwen_medium,p2_sent,16230.48
S001,7,2,two steals,132.0,133.0,NUMBER,2,"Jae Crowder had 2 steals, which is correct.",qwen_medium,p2_sent,16230.48
S001,8,1,a block,107.0,108.0,NUMBER,1,Al Horford had 1 block according to the JSON.,qwen_medium,p2_sent,16230.48
S001,9,1,10,196.0,196.0,NUMBER,7,"The JSON shows Kelly Olynyk scored 7 points, not 10.",qwen_medium,p2_sent,16230.48
S001,9,2,nine,199.0,199.0,NUMBER,9,"The JSON shows Kelly Olynyk had 9 rebounds, which is correct, but the token 'nine' is written as a number in the correction.",qwen_medium,p2_sent,16230.48
S001,9,3,a pair of,152.0,154.0,NUMBER,0,"The JSON shows Kelly Olynyk had 0 steals, not a pair (2).",qwen_medium,p2_sent,16230.48
S002,1,1,Atlanta Hawks,2.0,3.0,NAME,Cleveland Cavaliers,"The story incorrectly states the Hawks defeated the Hawks, when it should be the Hawks defeated the Cavaliers.",qwen_medium,p2_sent,16230.48
S002,1,2,110 - 110,9.0,11.0,NUMBER,110 - 106,"The story incorrectly states the score as 110-110, when the correct score is 110-106.",qwen_medium,p2_sent,16230.48
S002,1,3,Saturday,18.0,18.0,NAME,Tuesday,"The story incorrectly states the game was on Saturday, when it was actually on Tuesday.",qwen_medium,p2_sent,16230.48
S002,2,1,struggling,26.0,26.0,CONTEXT,,"The JSON indicates both teams have good records (Cleveland 6-1, Atlanta 5-2), contradicting the term 'struggling'.",qwen_medium,p2_sent,16230.48
S002,3,1,Hawks,3.0,3.0,NAME,Cavaliers,"The story incorrectly states the Hawks outscored the Hawks, when it should be the Cavaliers.",qwen_medium,p2_sent,16230.48
S002,3,2,37 - 20,50.0,52.0,NUMBER,27 - 37,"The story states the Hawks outscored the Hawks 37-20, but the JSON shows the Cavaliers scored 27 and the Hawks scored 37 in the fourth quarter.",qwen_medium,p2_sent,16230.48
S002,4,1,21,75.0,75.0,NUMBER,22,"The story states 21 assists for the Cavaliers, but the JSON shows 21 assists.",qwen_medium,p2_sent,16230.48
S002,4,2,19,78.0,78.0,NUMBER,6,"The story states 19 turnovers for the Cavaliers, but the JSON shows 6 turnovers.",qwen_medium,p2_sent,16230.48
S002,6,1,17,127.0,127.0,NUMBER,7,"Dwight Howard scored 7 points, not 17.",qwen_medium,p2_sent,16230.48
S002,6,2,3 of 5,,,NUMBER,3 of 4,"Dwight Howard made 3 of 4 shots, not 3 of 5.",qwen_medium,p2_sent,16230.48
S002,8,1,25,151.0,151.0,NUMBER,21,"The JSON shows Kent Bazemore scored 21 points, not 25.",qwen_medium,p2_sent,16230.48
S002,9,1,Sunday,188.0,188.0,NUMBER,Wednesday,"The JSON indicates the next game for the Hawks is on Wednesday, not Sunday.",qwen_medium,p2_sent,16230.48
S002,10,1,now won three,100.0,102.0,NUMBER,now lost one,"The JSON shows the Cavaliers lost this game, so they did not win three of their last five games.",qwen_medium,p2_sent,16230.48
S002,10,2,continue to struggle,111.0,113.0,CONTEXT,continue to perform well,"The JSON shows the Cavaliers had a record of 6-1, which does not indicate struggling.",qwen_medium,p2_sent,16230.48
S002,12,1,second,248.0,248.0,WORD,first,"Kyrie Irving was the leading scorer for the Cavaliers, not second.",qwen_medium,p2_sent,16230.48
S002,13,1,11,277.0,277.0,NUMBER,12,"Kevin Love had 12 rebounds, not 11.",qwen_medium,p2_sent,16230.48
S002,14,1,25,151.0,151.0,NUMBER,0,Tristan Thompson scored 0 points according to the JSON.,qwen_medium,p2_sent,16230.48
S002,14,2,two,25.0,25.0,NUMBER,2,Tristan Thompson had 2 rebounds according to the JSON.,qwen_medium,p2_sent,16230.48
S002,14,3,four,259.0,259.0,NUMBER,0,Tristan Thompson had 0 assists according to the JSON.,qwen_medium,p2_sent,16230.48
S003,1,1,Saturday,17.0,17.0,NAME,Sunday,The game was played on Sunday according to the JSON data.,qwen_medium,p2_sent,16230.48
S003,2,1,Friday,51.0,51.0,WORD,Sunday,"The game was played on Sunday, not Friday.",qwen_medium,p2_sent,16230.48
S003,5,1,a block and a block,151.0,155.0,NUMBER,1,"The JSON shows Jonas Valanciunas had 1 block, not 3.",qwen_medium,p2_sent,16230.48
S003,6,1,a block and a block,151.0,155.0,NUMBER,1,"The JSON shows Jonas Valanciunas had 1 block, not 3.",qwen_medium,p2_sent,16230.48
S003,9,1,Charlotte to take on the,236.0,240.0,NOT_CHECKABLE,,The box score does not contain information about future games.,qwen_medium,p2_sent,16230.48
S003,9,2,Hornets,241.0,241.0,NOT_CHECKABLE,,The box score does not contain information about future games.,qwen_medium,p2_sent,16230.48
S003,9,3,Friday,51.0,51.0,NOT_CHECKABLE,,The box score does not contain information about future games.,qwen_medium,p2_sent,16230.48
S003,10,1,13,139.0,139.0,NUMBER,13,The story correctly states Elfrid Payton scored 13 points.,qwen_medium,p2_sent,16230.48
S003,10,2,three,120.0,120.0,NUMBER,3,The story correctly states Elfrid Payton had 3 assists.,qwen_medium,p2_sent,16230.48
S003,10,3,two,197.0,197.0,NUMBER,2,The story correctly states Elfrid Payton had 2 rebounds.,qwen_medium,p2_sent,16230.48
S003,10,4,a,55.0,55.0,NUMBER,1,"The story incorrectly states Elfrid Payton had 1 steal, while the JSON shows 0 steals.",qwen_medium,p2_sent,16230.48
S003,11,1,10 - point,275.0,277.0,NUMBER,7,"Aaron Gordon scored 7 points, not 10.",qwen_medium,p2_sent,16230.48
S003,11,2,12 - rebound,279.0,281.0,NUMBER,1,"Aaron Gordon had 1 rebound, not 12.",qwen_medium,p2_sent,16230.48
S003,12,1,13,139.0,139.0,NUMBER,13,The story correctly states Elfrid Payton scored 13 points.,qwen_medium,p2_sent,16230.48
S003,12,2,two,197.0,197.0,NUMBER,3,The story incorrectly states Elfrid Payton had 2 assists; the JSON shows 3 assists.,qwen_medium,p2_sent,16230.48
S003,12,3,two,197.0,197.0,NUMBER,2,The story correctly states Elfrid Payton had 2 rebounds.,qwen_medium,p2_sent,16230.48
S003,12,4,a,55.0,55.0,NUMBER,3,The story incorrectly states Elfrid Payton had 1 steal; the JSON shows 3 steals.,qwen_medium,p2_sent,16230.48
S003,13,1,10 - point,275.0,277.0,NUMBER,7,"Aaron Gordon scored 7 points, not 10.",qwen_medium,p2_sent,16230.48
S003,13,2,12 - rebound,279.0,281.0,NUMBER,1,"Aaron Gordon had 1 rebound, not 12.",qwen_medium,p2_sent,16230.48
S003,14,1,11,194.0,194.0,NUMBER,0,The JSON shows D.J. Augustin scored 0 points.,qwen_medium,p2_sent,16230.48
S003,14,2,three,120.0,120.0,NUMBER,2,The JSON shows D.J. Augustin had 2 rebounds.,qwen_medium,p2_sent,16230.48
S003,14,3,two,197.0,197.0,NUMBER,1,The JSON shows D.J. Augustin had 1 assist.,qwen_medium,p2_sent,16230.48
S003,14,4,a pair of,362.0,364.0,NUMBER,2,The JSON shows D.J. Augustin had 2 steals.,qwen_medium,p2_sent,16230.48
S003,15,1,last,371.0,371.0,CONTEXT,,"The JSON does not provide division standings, so the claim about the Raptors' position in the Southeast Division cannot be verified.",qwen_medium,p2_sent,16230.48
S004,2,1,one of the best,32.0,35.0,CONTEXT,,The JSON does not provide enough information to support the claim that the Jazz are one of the best teams in the NBA this season.,qwen_medium,p2_sent,16230.48
S004,2,2,1 - 1,26.0,28.0,NUMBER,1 - 0,"The JSON shows the Jazz have 1 win and 0 losses, not 1 - 1.",qwen_medium,p2_sent,16230.48
S004,3,1,16,72.0,72.0,NUMBER,31,"The Jazz outscored the Lakers by 31 in the fourth quarter, not 16.",qwen_medium,p2_sent,16230.48
S004,5,1,43 - 24,120.0,122.0,NUMBER,47 - 43,"The story states the Jazz won the rebound battle 43-24, but the JSON shows the Jazz had 47 rebounds and the Lakers had 43.",qwen_medium,p2_sent,16230.48
S004,6,1,Kobe Bryant,137.0,138.0,NAME,None,Kobe Bryant is not mentioned in the box score data.,qwen_medium,p2_sent,16230.48
S004,7,1,D'Angelo Russell,153.0,154.0,NUMBER,17,"D'Angelo Russell scored 9 points, not 17.",qwen_medium,p2_sent,16230.48
S004,7,2,five rebounds,167.0,168.0,NUMBER,5,"D'Angelo Russell had 5 rebounds, which is correct.",qwen_medium,p2_sent,16230.48
S004,7,3,five assists,170.0,171.0,NUMBER,4,"D'Angelo Russell had 4 assists, not 5.",qwen_medium,p2_sent,16230.48
S004,7,4,led the team in scoring,155.0,159.0,WORD,scored 9 points,D'Angelo Russell did not lead the team in scoring; Lou Williams led with 17 points.,qwen_medium,p2_sent,16230.48
S004,9,1,D'Angelo Russell,153.0,154.0,NUMBER,17,"D'Angelo Russell scored 9 points, not 17.",qwen_medium,p2_sent,16230.48
S004,9,2,five rebounds,167.0,168.0,NUMBER,5,"D'Angelo Russell had 5 rebounds, which is correct.",qwen_medium,p2_sent,16230.48
S004,9,3,five assists,170.0,171.0,NUMBER,4,"D'Angelo Russell had 4 assists, not 5.",qwen_medium,p2_sent,16230.48
S004,9,4,led the Lakers,195.0,197.0,WORD,Lou Williams,"Lou Williams led the Lakers in scoring with 17 points, not D'Angelo Russell.",qwen_medium,p2_sent,16230.48
S004,11,1,Portland Trail Blazers,244.0,246.0,NAME,Thunder,"The story mentions a game against the Portland Trail Blazers, but the JSON indicates the next game is against the Thunder.",qwen_medium,p2_sent,16230.48
S004,13,1,three,100.0,100.0,NUMBER,4,"George Hill had 4 rebounds, not 3.",qwen_medium,p2_sent,16230.48
S004,13,2,three,100.0,100.0,NUMBER,3,"George Hill had 3 assists, which is correct.",qwen_medium,p2_sent,16230.48
S004,14,1,13,313.0,313.0,NUMBER,13,"The points are correct, but the sentence claims he finished second on the team, which is not verifiable from the provided data.",qwen_medium,p2_sent,16230.48
S004,14,2,second,307.0,307.0,CONTEXT,N/A,"The sentence claims Gobert finished second on the team, but the provided data does not specify the order of points among players.",qwen_medium,p2_sent,16230.48
S004,16,1,13,313.0,313.0,NUMBER,13,The story correctly states that Rudy Gobert had 13 points.,qwen_medium,p2_sent,16230.48
S004,16,2,13,313.0,313.0,NUMBER,13,The story correctly states that Rudy Gobert had 13 rebounds.,qwen_medium,p2_sent,16230.48
S004,16,3,four,260.0,260.0,NUMBER,4,The story correctly states that Rudy Gobert had 4 blocks.,qwen_medium,p2_sent,16230.48
S004,17,1,Portland Trail Blazers,244.0,246.0,NAME,Los Angeles Clippers,"The story incorrectly states the Jazz will play the Portland Trail Blazers, but the JSON indicates they will play the Los Angeles Clippers.",qwen_medium,p2_sent,16230.48
S005,1,1,15,27.0,27.0,NUMBER,13,"The JSON shows the Hawks had 15 turnovers, but the story incorrectly states 15 turnovers for the Hawks.",qwen_medium,p2_sent,16230.48
S005,1,2,Hawks,2.0,2.0,WORD,Magic,The story incorrectly attributes the 15 turnovers to the Hawks instead of the Magic.,qwen_medium,p2_sent,16230.48
S005,4,1,one block,108.0,109.0,NUMBER,0,"The JSON shows Dwight Howard had 0 blocks, not 1.",qwen_medium,p2_sent,16230.48
S005,5,1,27,117.0,117.0,NUMBER,8,"The JSON shows Kent Bazemore scored 8 points, not 27.",qwen_medium,p2_sent,16230.48
S005,6,1,27,117.0,117.0,NUMBER,8,"The JSON shows Kent Bazemore scored 8 points, not 27.",qwen_medium,p2_sent,16230.48
S005,7,1,Paul Millsap,38.0,39.0,NAME,Tim Hardaway,"The sentence incorrectly attributes the 21-point performance to Paul Millsap, but according to the JSON, Tim Hardaway Jr. also scored 21 points.",qwen_medium,p2_sent,16230.48
S005,7,2,Orlando,154.0,154.0,NAME,Atlanta,"The sentence incorrectly states that Paul Millsap led the way for Orlando, but he actually played for Atlanta.",qwen_medium,p2_sent,16230.48
S005,8,1,one,64.0,64.0,NUMBER,0,"The JSON shows Dwight Howard had 0 blocks, not 1.",qwen_medium,p2_sent,16230.48
S005,9,1,one,64.0,64.0,NUMBER,0,"The JSON shows Kent Bazemore had 0 blocks, not 1.",qwen_medium,p2_sent,16230.48
S005,10,1,New York Knicks,229.0,231.0,NAME,Houston Rockets,"The story incorrectly states the Magic's next opponent as the New York Knicks, but the JSON indicates they will play the Houston Rockets.",qwen_medium,p2_sent,16230.48
S005,10,2,Monday night,233.0,234.0,NAME,Tuesday night,"The story incorrectly states the Magic's next game is on Monday night, but the JSON indicates it is on Tuesday night.",qwen_medium,p2_sent,16230.48
S005,10,3,Toronto Raptors,244.0,245.0,NAME,Utah Jazz,"The story incorrectly states the Hawks' next opponent as the Toronto Raptors, but the JSON indicates they will play the Utah Jazz.",qwen_medium,p2_sent,16230.48
S005,10,4,Friday evening,247.0,248.0,NAME,Monday evening,"The story incorrectly states the Hawks' next game is on Friday evening, but the JSON indicates it is on Monday evening.",qwen_medium,p2_sent,16230.48
S006,1,1,defeated,9.0,9.0,WORD,lost to,"The story states the Rockets defeated the Nets, but the JSON shows the Nets won.",qwen_medium,p2_sent,16230.48
S006,1,2,Friday,22.0,22.0,NAME,Tuesday,"The story mentions the game was played on Friday, but the JSON indicates it was on Tuesday.",qwen_medium,p2_sent,16230.48
S006,3,1,10,5.0,5.0,NUMBER,10,The story correctly states that James Harden scored 10 points.,qwen_medium,p2_sent,16230.48
S006,3,2,nine,54.0,54.0,NUMBER,9,The story incorrectly states that James Harden had nine assists; the JSON shows he had 9 assists.,qwen_medium,p2_sent,16230.48
S006,3,3,three,57.0,57.0,NUMBER,3,The story correctly states that James Harden had three rebounds.,qwen_medium,p2_sent,16230.48
S006,3,4,three,57.0,57.0,NUMBER,3,The story correctly states that James Harden had three steals.,qwen_medium,p2_sent,16230.48
S006,4,1,2,80.0,80.0,NUMBER,2,"The JSON shows Trevor Ariza scored 2 points, which matches the story.",qwen_medium,p2_sent,16230.48
S006,4,2,four,83.0,83.0,NUMBER,0,"The JSON shows Trevor Ariza had 0 rebounds, not four.",qwen_medium,p2_sent,16230.48
S006,4,3,four,83.0,83.0,NUMBER,0,"The JSON shows Trevor Ariza had 0 assists, not four.",qwen_medium,p2_sent,16230.48
S006,5,1,Orlando Magic,102.0,103.0,NAME,Wizards,"The JSON indicates the Rockets will play the Wizards, not the Orlando Magic.",qwen_medium,p2_sent,16230.48
S006,6,1,Brook Lopez,117.0,118.0,WORD,,"Brook Lopez is listed in the box score and played 39 minutes, scoring 24 points.",qwen_medium,p2_sent,16230.48
S006,6,2,they simply did n't have,120.0,124.0,CONTEXT,,"The Nets actually won the game, so the statement that they didn't have enough offense is incorrect.",qwen_medium,p2_sent,16230.48
S006,9,1,Friday,22.0,22.0,NOT_CHECKABLE,,The next game date is not provided in the box score data.,qwen_medium,p2_sent,16230.48
S007,1,1,Russell Westbrook and Russell Westbrook,1.0,5.0,WORD,,The sentence incorrectly repeats 'Russell Westbrook' twice.,qwen_medium,p2_sent,16230.48
S007,1,2,Sleep Train Arena,26.0,28.0,NAME,Golden 1 Center,"The game was played at Golden 1 Center, not Sleep Train Arena.",qwen_medium,p2_sent,16230.48
S007,2,1,seven,39.0,39.0,NUMBER,10,"The JSON shows Westbrook had 10 assists, not seven.",qwen_medium,p2_sent,16230.48
S007,2,2,three,78.0,78.0,NUMBER,4,"The JSON shows Westbrook had 4 steals, not three.",qwen_medium,p2_sent,16230.48
S007,3,1,Enes Kanter,88.0,89.0,WORD,,"Enes Kanter is mentioned as the only other Thunder player to score in double digits, but the JSON shows Victor Oladipo also scored 23 points.",qwen_medium,p2_sent,16230.48
S007,5,1,11 - 20,,,NUMBER,20 - of - 20,"Cousins actually shot 20 of 20, not 11 of 20.",qwen_medium,p2_sent,16230.48
S007,6,1,21,52.0,52.0,NUMBER,6,"Steven Adams scored 6 points, not 21.",qwen_medium,p2_sent,16230.48
S007,6,2,four,42.0,42.0,NUMBER,4,"Steven Adams had 4 rebounds, which is correct.",qwen_medium,p2_sent,16230.48
S007,6,3,one,45.0,45.0,NUMBER,1,"Steven Adams had 1 steal, which is correct.",qwen_medium,p2_sent,16230.48
S008,2,1,only six road,35.0,37.0,NUMBER,no corresponding data in the provided JSON,"The JSON does not provide information about road wins, so this claim cannot be verified.",qwen_medium,p2_sent,16230.48
S008,2,2,Saturday,19.0,19.0,NAME,Monday,"The game mentioned in the story took place on Monday, not Saturday.",qwen_medium,p2_sent,16230.48
S008,2,3,33 - point,61.0,63.0,NUMBER,33,"The Grizzlies scored 33 points in the first quarter, which matches the story.",qwen_medium,p2_sent,16230.48
S008,3,1,Marc Gasol,95.0,96.0,NAME,Joe Ingles,"The story incorrectly attributes the 22-point performance to Marc Gasol, but according to the JSON, Joe Ingles scored 20 points.",qwen_medium,p2_sent,16230.48
S008,3,2,22,104.0,104.0,NUMBER,20,"The story states Marc Gasol scored 22 points, but the JSON shows Joe Ingles scored 20 points.",qwen_medium,p2_sent,16230.48
S008,3,3,five assists,121.0,122.0,NUMBER,0,"The story claims Marc Gasol had five assists, but the JSON shows Joe Ingles had 2 assists.",qwen_medium,p2_sent,16230.48
S008,5,1,4 of 4,,,NUMBER,0 of 0,Zach Randolph did not make any 3-pointers according to the JSON.,qwen_medium,p2_sent,16230.48
S008,6,1,while the Jazz,219.0,221.0,WORD,,"The sentence repeats the information about the Jazz shooting percentages, which is redundant and incorrect.",qwen_medium,p2_sent,16230.48
S008,7,1,now lost four,243.0,245.0,NUMBER,have now lost 1,"The JSON shows the Grizzlies have a 5-5 record, indicating they have only lost 1 of their last 5 games.",qwen_medium,p2_sent,16230.48
S008,7,2,top seed,259.0,260.0,CONTEXT,playoff position,"The JSON does not provide information about the Grizzlies' position in the standings, making the claim about battling for the top seed misleading.",qwen_medium,p2_sent,16230.48
S008,8,1,Gordon Hayward,265.0,266.0,NAME,Vince Carter,The player mentioned in the story is incorrect; the correct player is Vince Carter.,qwen_medium,p2_sent,16230.48
S008,8,2,13,184.0,184.0,NUMBER,20,The points scored by the player are incorrect; Vince Carter scored 20 points.,qwen_medium,p2_sent,16230.48
S008,8,3,4 - 14,,,NUMBER,6-of-11,The shooting statistics are incorrect; Vince Carter shot 6-of-11.,qwen_medium,p2_sent,16230.48
S008,8,4,four,245.0,245.0,NUMBER,7,The number of rebounds is incorrect; Vince Carter had 7 rebounds.,qwen_medium,p2_sent,16230.48
S008,8,5,three,163.0,163.0,NUMBER,2,The number of assists is incorrect; Vince Carter had 2 assists.,qwen_medium,p2_sent,16230.48
S008,8,6,one,124.0,124.0,NUMBER,1,"The number of steals is correct, but the player is incorrect; Vince Carter had 1 steal.",qwen_medium,p2_sent,16230.48
S008,8,7,36,299.0,299.0,NUMBER,31,The minutes played are incorrect; Vince Carter played 31 minutes.,qwen_medium,p2_sent,16230.48
S008,9,1,22,104.0,104.0,NUMBER,33,"Rudy Gobert played 33 minutes, not 22.",qwen_medium,p2_sent,16230.48
S008,9,2,9 - of - 17,107.0,111.0,NUMBER,2 of 3,"Rudy Gobert made 2 of 3 shots, not 9 of 17.",qwen_medium,p2_sent,16230.48
S008,10,1,while the Jazz,219.0,221.0,WORD,,"The sentence repeats the same information about the Jazz shooting percentages, which is redundant and incorrect.",qwen_medium,p2_sent,16230.48
S008,10,2,shot 48 percent,206.0,208.0,NUMBER,48,"The field 'TEAM-FG_PCT' for the Jazz is 48%, which matches the story.",qwen_medium,p2_sent,16230.48
S008,10,3,29 percent,213.0,214.0,NUMBER,29,"The field 'TEAM-FG3_PCT' for the Jazz is 29%, which matches the story.",qwen_medium,p2_sent,16230.48
S008,11,1,Trail Blazers,376.0,377.0,NAME,Grizzlies,"The story mentions the Trail Blazers, but the JSON indicates the opponent was the Grizzlies.",qwen_medium,p2_sent,16230.48
S009,1,1,Milwaukee Bucks,2.0,3.0,NAME,Los Angeles Lakers,The story incorrectly states the Bucks won when the JSON shows the Lakers won.,qwen_medium,p2_sent,16230.48
S009,1,2,122 - 122,10.0,12.0,NUMBER,122 - 114,The story incorrectly states the score as 122-122 when the JSON shows the score as 122-114.,qwen_medium,p2_sent,16230.48
S009,1,3,Tuesday,20.0,20.0,NAME,Friday,The story incorrectly states the game was on Tuesday when the JSON shows it was on Friday.,qwen_medium,p2_sent,16230.48
S009,2,1,prevail with a huge,35.0,38.0,CONTEXT,,"The story claims the Bucks won a huge road win, but the JSON shows the Lakers won the game.",qwen_medium,p2_sent,16230.48
S009,2,2,road,39.0,39.0,WORD,home,The game was played at the Bucks' home venue according to the JSON.,qwen_medium,p2_sent,16230.48
S009,3,1,led for the majority,47.0,50.0,CONTEXT,,"The JSON shows the Lakers led for most of the game, not the Bucks.",qwen_medium,p2_sent,16230.48
S009,3,2,led by double - digits,57.0,61.0,CONTEXT,,The JSON does not indicate that the Bucks led by double-digits for the entire second half.,qwen_medium,p2_sent,16230.48
S009,4,1,29,83.0,83.0,NUMBER,53,"The story states the Lakers held the Bucks to 29% shooting, but the JSON shows the Bucks had a 53% FG_PCT.",qwen_medium,p2_sent,16230.48
S009,4,2,Lakers,8.0,8.0,WORD,Bucks,The story incorrectly states the Lakers held the Bucks to 29% shooting; it should be the Bucks who held the Lakers to 29%.,qwen_medium,p2_sent,16230.48
S009,5,1,have now won,101.0,103.0,CONTEXT,,The box score does not provide information about the Lakers' recent game results.,qwen_medium,p2_sent,16230.48
S009,5,2,four,104.0,104.0,NUMBER,,The box score does not provide information about the Lakers' recent game results.,qwen_medium,p2_sent,16230.48
S009,5,3,five,108.0,108.0,NUMBER,,The box score does not provide information about the Lakers' recent game results.,qwen_medium,p2_sent,16230.48
S009,6,1,D'Angelo Russell,117.0,118.0,NAME,Giannis Antetokounmpo,"The player who scored 41 points is Giannis Antetokounmpo, not D'Angelo Russell.",qwen_medium,p2_sent,16230.48
S009,6,2,41,129.0,129.0,NUMBER,14,"D'Angelo Russell actually scored 14 points, not 41.",qwen_medium,p2_sent,16230.48
S009,6,3,three,132.0,132.0,NUMBER,3,"D'Angelo Russell actually had 3 rebounds, not three.",qwen_medium,p2_sent,16230.48
S009,6,4,five,108.0,108.0,NUMBER,5,"D'Angelo Russell actually had 5 assists, which is correct.",qwen_medium,p2_sent,16230.48
S009,6,5,11 - of - 20,138.0,142.0,NUMBER,4 of 9,"D'Angelo Russell actually shot 4 of 9, not 11 of 20.",qwen_medium,p2_sent,16230.48
S009,7,1,26,156.0,156.0,NUMBER,0,Luol Deng scored 0 points according to the JSON.,qwen_medium,p2_sent,16230.48
S009,7,2,three,132.0,132.0,NUMBER,3,Luol Deng had 3 rebounds according to the JSON.,qwen_medium,p2_sent,16230.48
S009,7,3,two,26.0,26.0,NUMBER,0,Luol Deng had 0 assists according to the JSON.,qwen_medium,p2_sent,16230.48
S009,8,1,D'Angelo Russell,117.0,118.0,WORD,,D'Angelo Russell did not start; he came off the bench.,qwen_medium,p2_sent,16230.48
S009,8,2,three rebounds,132.0,133.0,NUMBER,3,"D'Angelo Russell had 3 rebounds, not three.",qwen_medium,p2_sent,16230.48
S009,9,1,New Orleans Pelicans,199.0,201.0,NOT_CHECKABLE,,The box score does not provide information about future games.,qwen_medium,p2_sent,16230.48
S009,9,2,Sunday,203.0,203.0,NOT_CHECKABLE,,The box score does not provide information about the date of future games.,qwen_medium,p2_sent,16230.48
S009,12,1,six,245.0,245.0,NUMBER,1,"The JSON shows Khris Middleton had 1 assist, not six.",qwen_medium,p2_sent,16230.48
S009,12,2,six,245.0,245.0,NUMBER,6,"The JSON shows Khris Middleton had 6 rebounds, not six assists.",qwen_medium,p2_sent,16230.48
S009,13,1,18,259.0,259.0,NUMBER,8,"Greg Monroe scored 8 points, not 18.",qwen_medium,p2_sent,16230.48
S009,13,2,five,108.0,108.0,NUMBER,1,"Greg Monroe had 1 rebound, not five.",qwen_medium,p2_sent,16230.48
S009,13,3,three,132.0,132.0,NUMBER,3,"Greg Monroe had 3 assists, which is correct, but the points and rebounds are incorrect.",qwen_medium,p2_sent,16230.48
S009,14,1,Milwaukee,2.0,2.0,NAME,Bucks,The team name should be 'Bucks' according to the JSON.,qwen_medium,p2_sent,16230.48
S009,14,2,Orlando Magic,307.0,308.0,NAME,Indiana Pacers,"The next game is against the Indiana Pacers, not the Orlando Magic, according to the JSON.",qwen_medium,p2_sent,16230.48
S010,4,1,53,81.0,81.0,NUMBER,32,"The story states 53 percent from three-point range, but the JSON shows 32 percent.",qwen_medium,p2_sent,16230.48
S010,5,1,27,101.0,101.0,NUMBER,19,"The story states the Hawks recorded 27 assists, but the JSON shows 19 assists.",qwen_medium,p2_sent,16230.48
S010,5,2,12,104.0,104.0,NUMBER,12,"The story states the Hawks committed 12 turnovers, which matches the JSON.",qwen_medium,p2_sent,16230.48
S010,5,3,17,111.0,111.0,NUMBER,17,"The story states the Magic committed 17 turnovers, which matches the JSON.",qwen_medium,p2_sent,16230.48
S010,5,4,19,115.0,115.0,NUMBER,19,"The story states the Magic recorded 19 assists, which matches the JSON.",qwen_medium,p2_sent,16230.48
S010,12,1,Nikola Vucevic,240.0,241.0,WORD,Dennis Schroder,"The player of the game was Dennis Schroder, not Nikola Vucevic.",qwen_medium,p2_sent,16230.48
S010,12,2,12,104.0,104.0,NUMBER,6,"Nikola Vucevic had 6 rebounds, not 12.",qwen_medium,p2_sent,16230.48
S010,13,1,one,275.0,275.0,NUMBER,1,"The story states Evan Fournier had one rebound, but the JSON shows he had 1 rebound.",qwen_medium,p2_sent,16230.48
S010,13,2,one,275.0,275.0,NUMBER,1,"The story states Evan Fournier had one assist, but the JSON shows he had 1 assist.",qwen_medium,p2_sent,16230.48
S010,14,1,10 rebounds,293.0,294.0,NUMBER,6 rebounds,"The JSON shows Nikola Vucevic had 6 rebounds, not 10.",qwen_medium,p2_sent,16230.48
S010,15,1,one,275.0,275.0,NUMBER,2,"Evan Fournier actually had 2 rebounds, not 1.",qwen_medium,p2_sent,16230.48
S011,1,1,Tuesday,22.0,22.0,NAME,Wednesday,The game was played on Wednesday according to the JSON data.,qwen_medium,p2_sent,16230.48
S011,3,1,28 - 18,65.0,67.0,NUMBER,18 - 28,"The story states the Hawks outscored the Wizards 28-18 in the third quarter, but the JSON shows the opposite, 18-28.",qwen_medium,p2_sent,16230.48
S011,3,2,coast to a victory,79.0,82.0,CONTEXT,lost the game,"The story incorrectly states the Wizards coasted to a victory, but the JSON shows the Hawks won the game.",qwen_medium,p2_sent,16230.48
S011,5,1,14,135.0,135.0,NUMBER,12,"The story says 14 turnovers, but the JSON shows 12.",qwen_medium,p2_sent,16230.48
S011,5,2,12,141.0,141.0,NUMBER,14,"The story says 12 turnovers, but the JSON shows 14.",qwen_medium,p2_sent,16230.48
S011,6,1,John Wall,154.0,155.0,NAME,Jeff Teague,"The JSON shows Jeff Teague as the top scorer for the Hawks, not John Wall.",qwen_medium,p2_sent,16230.48
S011,6,2,Bradley Beal,157.0,158.0,NAME,Bradley Beal,"Bradley Beal is mentioned correctly, but he is not part of the Hawks' leading duo in this context. The top scorer for the Hawks was Jeff Teague.",qwen_medium,p2_sent,16230.48
S011,7,1,9 for 15,,,NUMBER,9-of-15,"The story states John Wall went 9-for-15 from the field, but the JSON shows he went 9-of-15.",qwen_medium,p2_sent,16230.48
S011,7,2,3 for 5,,,NUMBER,3-of-5,"The story states John Wall went 3-for-5 from the three-point line, but the JSON shows he went 3-of-5.",qwen_medium,p2_sent,16230.48
S011,7,3,seven,199.0,199.0,NUMBER,7,"The story states John Wall had seven rebounds, but the JSON shows he had 7 rebounds.",qwen_medium,p2_sent,16230.48
S011,8,1,54,218.0,218.0,NUMBER,41,"The JSON shows Al Horford scored 21 points in this game, and the previous game's points are not provided.",qwen_medium,p2_sent,16230.48
S011,8,2,14,135.0,135.0,NUMBER,13,The JSON shows Al Horford had 13 rebounds in this game.,qwen_medium,p2_sent,16230.48
S011,9,1,11,242.0,242.0,NUMBER,21,"The JSON shows Paul Millsap scored 21 points, not 11.",qwen_medium,p2_sent,16230.48
S011,9,2,4,245.0,245.0,NUMBER,10,"The JSON shows Paul Millsap made 10 field goals, not 4.",qwen_medium,p2_sent,16230.48
S011,9,3,7,247.0,247.0,NUMBER,24,"The JSON shows Paul Millsap attempted 24 field goals, not 7.",qwen_medium,p2_sent,16230.48
S011,9,4,2,250.0,250.0,NUMBER,6,"The JSON shows Paul Millsap made 6 three-pointers, not 2.",qwen_medium,p2_sent,16230.48
S011,9,5,3,171.0,171.0,NUMBER,7,"The JSON shows Paul Millsap attempted 7 free throws, not 3.",qwen_medium,p2_sent,16230.48
S011,10,1,21 points,281.0,282.0,NUMBER,20 points,"The JSON shows Al Horford scored 21 points in this game, but the sentence claims he averaged 21 points over two games.",qwen_medium,p2_sent,16230.48
S011,10,2,12 rebounds,284.0,285.0,NUMBER,13 rebounds,"The JSON shows Al Horford had 13 rebounds in this game, but the sentence claims he averaged 12 rebounds over two games.",qwen_medium,p2_sent,16230.48
S011,11,1,8,303.0,303.0,NUMBER,9,"The JSON shows Bradley Beal made 9 field goals, not 8.",qwen_medium,p2_sent,16230.48
S011,11,2,19,16.0,16.0,NUMBER,19,"The JSON shows Bradley Beal attempted 19 field goals, which is correct.",qwen_medium,p2_sent,16230.48
S011,11,3,0,308.0,308.0,NUMBER,1,"The JSON shows Bradley Beal made 1 three-pointer, not 0.",qwen_medium,p2_sent,16230.48
S011,11,4,4,245.0,245.0,NUMBER,4,"The JSON shows Bradley Beal attempted 4 three-pointers, which is correct.",qwen_medium,p2_sent,16230.48
S011,11,5,7,247.0,247.0,NUMBER,4,"The JSON shows Bradley Beal made 4 free throws, not 7.",qwen_medium,p2_sent,16230.48
S011,11,6,10,315.0,315.0,NUMBER,10,"The JSON shows Bradley Beal attempted 10 free throws, which is correct.",qwen_medium,p2_sent,16230.48
S011,11,7,8,303.0,303.0,NUMBER,7,"The JSON shows Bradley Beal had 7 rebounds, not 8.",qwen_medium,p2_sent,16230.48
S011,13,1,10 - 24,355.0,357.0,NUMBER,10-24,The story correctly states Al Horford's field goal attempts as 10-24.,qwen_medium,p2_sent,16230.48
S011,13,2,0 - 1,360.0,362.0,NUMBER,0-1,The story correctly states Al Horford's three-point field goal attempts as 0-1.,qwen_medium,p2_sent,16230.48
S011,13,3,1 - 1,365.0,367.0,NUMBER,1-1,The story correctly states Al Horford's free throw attempts as 1-1.,qwen_medium,p2_sent,16230.48
S011,14,1,New Orleans Pelicans,390.0,392.0,NAME,Golden State Warriors,"The story incorrectly states the Hawks' next opponent as the New Orleans Pelicans, when the JSON indicates it is the Golden State Warriors.",qwen_medium,p2_sent,16230.48
S011,14,2,Cleveland Cavaliers,405.0,406.0,NAME,Charlotte,"The story incorrectly states the Wizards' next opponent as the Cleveland Cavaliers, when the JSON indicates it is Charlotte.",qwen_medium,p2_sent,16230.48
S012,1,1,Friday,19.0,19.0,NAME,Saturday,"The game was played on Saturday, not Friday.",qwen_medium,p2_sent,16230.48
S012,2,1,21 - 25,25.0,27.0,NUMBER,15 - 32,"The Suns' record is 15-32, not 21-25.",qwen_medium,p2_sent,16230.48
S012,2,2,21 - 25,25.0,27.0,NUMBER,21 - 25,"The Nuggets' record is 21-25, not 21-25 for the Suns.",qwen_medium,p2_sent,16230.48
S012,3,1,Six,57.0,57.0,NUMBER,Five,"The JSON shows five players scored in double digits for Denver, not six.",qwen_medium,p2_sent,16230.48
S012,4,1,15,89.0,89.0,NUMBER,15,The JSON confirms Gary Harris scored 15 points.,qwen_medium,p2_sent,16230.48
S012,4,2,seven,92.0,92.0,NUMBER,7,The JSON confirms Gary Harris had 7 rebounds.,qwen_medium,p2_sent,16230.48
S012,4,3,four,95.0,95.0,NUMBER,4,The JSON confirms Gary Harris had 4 assists.,qwen_medium,p2_sent,16230.48
S012,4,4,two,98.0,98.0,NUMBER,2,The JSON confirms Gary Harris had 2 steals.,qwen_medium,p2_sent,16230.48
S012,4,5,six,106.0,106.0,NUMBER,6,The JSON confirms Wilson Chandler scored 6 points.,qwen_medium,p2_sent,16230.48
S012,4,6,three,109.0,109.0,NUMBER,3,The JSON confirms Wilson Chandler had 3 rebounds.,qwen_medium,p2_sent,16230.48
S012,4,7,one,81.0,81.0,NUMBER,1,The JSON confirms Wilson Chandler had 1 steal.,qwen_medium,p2_sent,16230.48
S012,5,1,three,109.0,109.0,NUMBER,6,"Jameer Nelson had 6 rebounds, not 3.",qwen_medium,p2_sent,16230.48
S012,5,2,one,81.0,81.0,NUMBER,2,"Jameer Nelson had 2 steals, not 1.",qwen_medium,p2_sent,16230.48
S012,6,1,17,119.0,119.0,NUMBER,17,Jameer Nelson scored 17 points according to the JSON.,qwen_medium,p2_sent,16230.48
S012,6,2,three,109.0,109.0,NUMBER,3,Jameer Nelson had 3 rebounds according to the JSON.,qwen_medium,p2_sent,16230.48
S012,6,3,six,106.0,106.0,NUMBER,6,Jameer Nelson had 6 assists according to the JSON.,qwen_medium,p2_sent,16230.48
S012,6,4,one,81.0,81.0,NUMBER,1,Jameer Nelson had 1 steal according to the JSON.,qwen_medium,p2_sent,16230.48
S012,6,5,six,106.0,106.0,NUMBER,6,Wilson Chandler scored 6 points according to the JSON.,qwen_medium,p2_sent,16230.48
S012,6,6,three,109.0,109.0,NUMBER,3,Wilson Chandler had 3 rebounds according to the JSON.,qwen_medium,p2_sent,16230.48
S012,6,7,one,81.0,81.0,NUMBER,1,Wilson Chandler had 1 steal according to the JSON.,qwen_medium,p2_sent,16230.48
S012,7,1,Nuggets,3.0,3.0,NAME,Suns,"The team mentioned should be the Suns, not the Nuggets.",qwen_medium,p2_sent,16230.48
S012,7,2,15 - 32,161.0,163.0,NUMBER,21-25,"The record for the Nuggets is 21-25, not 15-32.",qwen_medium,p2_sent,16230.48
S012,7,3,four rebounds,176.0,177.0,NUMBER,4 rebounds,"Devin Booker actually had 4 rebounds, but this is not a mistake as it matches the JSON.",qwen_medium,p2_sent,16230.48
S012,7,4,one block,185.0,186.0,NUMBER,1 block,"Devin Booker actually had 1 block, but this is not a mistake as it matches the JSON.",qwen_medium,p2_sent,16230.48
S012,8,1,two steals,98.0,99.0,NUMBER,2,"The JSON shows Tyson Chandler had 2 steals, not 'two steals'.",qwen_medium,p2_sent,16230.48
S012,9,1,two,98.0,98.0,NUMBER,2,"The JSON shows Tyson Chandler had 2 steals, not two.",qwen_medium,p2_sent,16230.48
S012,10,1,the Phoenix Suns,5.0,7.0,NAME,the Grizzlies,"The story incorrectly states the Suns will host the Phoenix Suns, while the JSON indicates they will host the Grizzlies.",qwen_medium,p2_sent,16230.48
S013,1,1,Wednesday,22.0,22.0,NAME,Saturday,"The game was played on Saturday, not Wednesday.",qwen_medium,p2_sent,16230.48
S013,2,1,31,45.0,45.0,NUMBER,29,"The Cavaliers' first quarter score was 29, not 31.",qwen_medium,p2_sent,16230.48
S013,2,2,19,14.0,14.0,NUMBER,13,"The Magic's first quarter score was 13, not 19.",qwen_medium,p2_sent,16230.48
S013,3,1,Kyrie,58.0,58.0,NAME,Aaron,The story incorrectly attributes Kyrie Irving's stats to Aaron Gordon.,qwen_medium,p2_sent,16230.48
S013,3,2,Irving,59.0,59.0,NAME,Gordon,The story incorrectly attributes Kyrie Irving's stats to Aaron Gordon.,qwen_medium,p2_sent,16230.48
S013,3,3,13,64.0,64.0,NUMBER,11,"Aaron Gordon scored 11 points, not 13.",qwen_medium,p2_sent,16230.48
S013,3,4,4,67.0,67.0,NUMBER,5,"Aaron Gordon made 5 field goals, not 4.",qwen_medium,p2_sent,16230.48
S013,3,5,12,69.0,69.0,NUMBER,10,"Aaron Gordon attempted 10 field goals, not 12.",qwen_medium,p2_sent,16230.48
S013,3,6,0,72.0,72.0,NUMBER,2,"Aaron Gordon made 2 three-pointers, not 0.",qwen_medium,p2_sent,16230.48
S013,3,7,4,67.0,67.0,NUMBER,0,"Aaron Gordon did not attempt any free throws, not 4.",qwen_medium,p2_sent,16230.48
S013,3,8,7,79.0,79.0,NUMBER,0,"Aaron Gordon did not make any free throws, not 7.",qwen_medium,p2_sent,16230.48
S013,3,9,two,86.0,86.0,NUMBER,one,"Aaron Gordon had 1 steal, not 2.",qwen_medium,p2_sent,16230.48
S013,4,1,11 - 18,98.0,100.0,NUMBER,11 - 18,"The JSON shows LeBron James had 11-18 FG, which matches the story.",qwen_medium,p2_sent,16230.48
S013,4,2,4 - 7,103.0,105.0,NUMBER,4 - 7,"The JSON shows LeBron James had 4-7 3PT, which matches the story.",qwen_medium,p2_sent,16230.48
S013,4,3,3 - 4,108.0,110.0,NUMBER,3 - 4,"The JSON shows LeBron James had 3-4 FT, which matches the story.",qwen_medium,p2_sent,16230.48
S013,5,1,2 - 5,136.0,138.0,NUMBER,2 - 5,The JSON shows Kevin Love had 2 field goals made out of 5 attempts.,qwen_medium,p2_sent,16230.48
S013,5,2,1 - 2,141.0,143.0,NUMBER,1 - 2,The JSON shows Kevin Love had 1 three-point field goal made out of 2 attempts.,qwen_medium,p2_sent,16230.48
S013,5,3,5 - 8,146.0,148.0,NUMBER,5 - 8,The JSON shows Kevin Love had 5 free throws made out of 8 attempts.,qwen_medium,p2_sent,16230.48
S013,6,1,0 - 4,72.0,74.0,NUMBER,0 - 0,"Nikola Vucevic had 0 three-point attempts, not 4.",qwen_medium,p2_sent,16230.48
S013,6,2,5 assists,,,NUMBER,1 assist,"Nikola Vucevic had 1 assist, not 5.",qwen_medium,p2_sent,16230.48
S013,7,1,29,95.0,95.0,NUMBER,26,"Aaron Gordon played 26 minutes, not 29.",qwen_medium,p2_sent,16230.48
S013,7,2,5 - 10,206.0,208.0,NUMBER,5 - 10,"Aaron Gordon shot 5-10 from the field, which is correct.",qwen_medium,p2_sent,16230.48
S013,7,3,1 - 2,141.0,143.0,NUMBER,1 - 2,"Aaron Gordon shot 1-2 from three-point range, which is correct.",qwen_medium,p2_sent,16230.48
S013,7,4,2 - 2,216.0,218.0,NUMBER,2 - 2,"Aaron Gordon shot 2-2 from the free throw line, which is correct.",qwen_medium,p2_sent,16230.48
S013,7,5,four,171.0,171.0,NUMBER,4,"Aaron Gordon had 4 rebounds, which is correct.",qwen_medium,p2_sent,16230.48
S013,7,6,two,86.0,86.0,NUMBER,2,"Aaron Gordon had 2 assists, which is correct.",qwen_medium,p2_sent,16230.48
S013,7,7,one,158.0,158.0,NUMBER,1,"Aaron Gordon had 1 steal, which is correct.",qwen_medium,p2_sent,16230.48
S013,8,1,2 - 5,136.0,138.0,NUMBER,2 - 5,The JSON shows Nikola Vucevic had 2 FG out of 5 attempts.,qwen_medium,p2_sent,16230.48
S013,8,2,0 - 4,72.0,74.0,NUMBER,0 - 2,The JSON shows Nikola Vucevic had 0 3PT out of 2 attempts.,qwen_medium,p2_sent,16230.48
S013,8,3,5 - 7,77.0,79.0,NUMBER,4 - 5,The JSON shows Nikola Vucevic had 4 FT out of 5 attempts.,qwen_medium,p2_sent,16230.48
S013,8,4,five,83.0,83.0,NUMBER,3,The JSON shows Nikola Vucevic had 3 assists.,qwen_medium,p2_sent,16230.48
S013,8,5,5 - 10,206.0,208.0,NUMBER,5 - 10,The JSON shows Aaron Gordon had 5 FG out of 10 attempts.,qwen_medium,p2_sent,16230.48
S013,8,6,1 - 2,141.0,143.0,NUMBER,1 - 2,The JSON shows Aaron Gordon had 1 3PT out of 2 attempts.,qwen_medium,p2_sent,16230.48
S013,9,1,Magic,12.0,12.0,NAME,Pistons,"The story incorrectly states the Magic will play host to the Magic, when the JSON indicates they will play the Pistons.",qwen_medium,p2_sent,16230.48
S014,1,1,Friday,24.0,24.0,NAME,Saturday,"The game was played on Saturday, not Friday.",qwen_medium,p2_sent,16230.48
S014,5,1,9 for 19,,,NUMBER,9-19,"The JSON shows Lillard went 9-19 from the field, not 9 for 19.",qwen_medium,p2_sent,16230.48
S014,5,2,5 for 11,,,NUMBER,5-11,"The JSON shows Lillard went 5-11 from the three-point line, not 5 for 11.",qwen_medium,p2_sent,16230.48
S014,9,1,21,52.0,52.0,NUMBER,20,"The JSON shows Kobe Bryant played 34 minutes, not 21.",qwen_medium,p2_sent,16230.48
S014,9,2,off the bench,252.0,254.0,WORD,started,"The JSON indicates Kobe Bryant started the game, not came off the bench.",qwen_medium,p2_sent,16230.48
S014,11,1,8 - 15,331.0,333.0,NUMBER,8 - 13,"The JSON shows Jordan Clarkson shot 8-13 from the field, not 8-15.",qwen_medium,p2_sent,16230.48
S014,11,2,2 - 5,336.0,338.0,NUMBER,2 - 5,"The JSON shows Jordan Clarkson shot 2-5 from three-point range, which matches the story.",qwen_medium,p2_sent,16230.48
S014,11,3,1 - 2,341.0,343.0,NUMBER,1 - 2,"The JSON shows Jordan Clarkson shot 1-2 from the free throw line, which matches the story.",qwen_medium,p2_sent,16230.48
S014,11,4,two,165.0,165.0,NUMBER,4,"The JSON shows Jordan Clarkson had 4 assists, not two.",qwen_medium,p2_sent,16230.48
S014,14,1,8 - 15 FG,331.0,334.0,NUMBER,8 - 15,The story correctly states Jordan Clarkson's field goal attempts as 8 - 15.,qwen_medium,p2_sent,16230.48
S014,14,2,2 - 5 3Pt,336.0,339.0,NUMBER,2 - 5,The story correctly states Jordan Clarkson's three-point field goal attempts as 2 - 5.,qwen_medium,p2_sent,16230.48
S014,14,3,1 - 2 FT,341.0,344.0,NUMBER,1 - 2,The story correctly states Jordan Clarkson's free throw attempts as 1 - 2.,qwen_medium,p2_sent,16230.48
S014,15,1,at home,466.0,467.0,WORD,away,"The next game for Portland is away, not at home.",qwen_medium,p2_sent,16230.48
S014,15,2,against the Portland,468.0,470.0,NAME,to face the Clippers,"The next game for Portland is against the Clippers, not against themselves.",qwen_medium,p2_sent,16230.48
S014,15,3,Friday,24.0,24.0,NUMBER,Monday,"The next game for Portland is on Monday, not Friday.",qwen_medium,p2_sent,16230.48
S014,15,4,Sacramento,482.0,482.0,NAME,Indiana,"The next game for the Lakers is against Indiana, not Sacramento.",qwen_medium,p2_sent,16230.48
S014,15,5,Friday,24.0,24.0,NUMBER,Sunday,"The next game for the Lakers is on Sunday, not Friday.",qwen_medium,p2_sent,16230.48
S015,1,1,Wednesday,22.0,22.0,WORD,Friday,"The game was played on Friday, not Wednesday.",qwen_medium,p2_sent,16230.48
S015,2,1,64 - 52,47.0,49.0,NUMBER,27 - 25,"The first half score was actually 27-25, not 64-52.",qwen_medium,p2_sent,16230.48
S015,3,1,50 - 38,66.0,68.0,NUMBER,58 - 39,"The correct second-half scoring difference is 58 - 39, not 50 - 38.",qwen_medium,p2_sent,16230.48
S015,4,1,8 - 18,103.0,105.0,NUMBER,8 - 16,"The JSON shows Kyle Lowry's field goals as 8-16, not 8-18.",qwen_medium,p2_sent,16230.48
S015,4,2,1 - 4,108.0,110.0,NUMBER,1 - 2,"The JSON shows Kyle Lowry's three-point field goals as 1-2, not 1-4.",qwen_medium,p2_sent,16230.48
S015,5,1,0 - 1,140.0,142.0,NUMBER,5 - 1,"The story states DeMar DeRozan had 0-1 3pt, but the JSON shows he had 5-1 3pt.",qwen_medium,p2_sent,16230.48
S015,6,1,13,147.0,147.0,NUMBER,9,"DeMarre Carroll scored 9 points, not 13.",qwen_medium,p2_sent,16230.48
S015,6,2,5 - 9,168.0,170.0,NUMBER,2 - 9,"DeMarre Carroll shot 2-9 from the field, not 5-9.",qwen_medium,p2_sent,16230.48
S015,6,3,1 - 2,173.0,175.0,NUMBER,0 - 2,"DeMarre Carroll shot 0-2 from 3-point range, not 1-2.",qwen_medium,p2_sent,16230.48
S015,6,4,2 - 2,178.0,180.0,NUMBER,2 - 4,"DeMarre Carroll shot 2-4 from the free throw line, not 2-2.",qwen_medium,p2_sent,16230.48
S015,8,1,7 - 15,199.0,201.0,NUMBER,5 - 15,"Gerald Green actually shot 5-15 from the field, not 7-15.",qwen_medium,p2_sent,16230.48
S015,8,2,5 - 10,204.0,206.0,NUMBER,5 - 10,"Gerald Green actually shot 5-10 from beyond the arc, which is correct, but the field goal numbers are incorrect.",qwen_medium,p2_sent,16230.48
S015,9,1,Cleveland,287.0,287.0,NAME,Portland,"The story mentions Cleveland, but the JSON indicates the next game is against the Trail Blazers.",qwen_medium,p2_sent,16230.48
S015,9,2,Cavaliers,292.0,292.0,NAME,Trail Blazers,"The story mentions the Cavaliers, but the JSON indicates the next game is against the Trail Blazers.",qwen_medium,p2_sent,16230.48
S015,10,1,three,301.0,301.0,NUMBER,one,"The JSON indicates the Raptors snapped a one-game losing streak, not three.",qwen_medium,p2_sent,16230.48
S015,13,1,Timberwolves,380.0,380.0,NAME,Trail Blazers,"The story mentions the Timberwolves, but the JSON indicates the Heat's next opponent is the Trail Blazers.",qwen_medium,p2_sent,16230.48
S016,1,1,Friday,25.0,25.0,NAME,Thursday,"The game was played on Thursday, not Friday.",qwen_medium,p2_sent,16230.48
S016,2,1,29 - 8,57.0,59.0,NUMBER,31 - 21,"The story claims the Thunder outscored the Jazz 29-8 in the third quarter, but the JSON shows it was 31-21.",qwen_medium,p2_sent,16230.48
S016,3,1,Jazz,14.0,14.0,NAME,Thunder,"The sentence incorrectly states the Jazz out-scoring the Jazz, which is illogical.",qwen_medium,p2_sent,16230.48
S016,3,2,29 - 8,57.0,59.0,NUMBER,"31, 24, 26","The sentence claims the Jazz out-scored the Thunder 29-8 in the third quarter, but the JSON shows the Thunder scored 31 in the third quarter and 24 in the second quarter.",qwen_medium,p2_sent,16230.48
S016,3,3,59 - 42,99.0,101.0,NUMBER,"55, 40","The sentence claims the Thunder out-scored the Jazz 59-42 in the second and third quarters, but the JSON shows the Thunder scored 55 (24+31) and the Jazz scored 40 (16+24).",qwen_medium,p2_sent,16230.48
S016,3,4,24 - 2,109.0,111.0,NUMBER,21,"The sentence claims the Thunder tied the game on a 24-2 run, but the JSON shows the Thunder had a 21-point lead heading into the fourth quarter.",qwen_medium,p2_sent,16230.48
S016,4,1,15,128.0,128.0,NUMBER,15,"The story correctly states that Russell Westbrook scored 15 points, which matches the JSON.",qwen_medium,p2_sent,16230.48
S016,4,2,6 - 15,131.0,133.0,NUMBER,6-15,"The story correctly states that Russell Westbrook shot 6-15 from the field, which matches the JSON.",qwen_medium,p2_sent,16230.48
S016,4,3,1 - 3,136.0,138.0,NUMBER,1-3,"The story correctly states that Russell Westbrook shot 1-3 from three-point range, which matches the JSON.",qwen_medium,p2_sent,16230.48
S016,4,4,2 - 3,141.0,143.0,NUMBER,2-3,"The story correctly states that Russell Westbrook shot 2-3 from the free-throw line, which matches the JSON.",qwen_medium,p2_sent,16230.48
S016,4,5,nine,149.0,149.0,NUMBER,9,"The story correctly states that Russell Westbrook had 9 assists, which matches the JSON.",qwen_medium,p2_sent,16230.48
S016,4,6,seven,152.0,152.0,NUMBER,7,"The story correctly states that Russell Westbrook had 7 rebounds, which matches the JSON.",qwen_medium,p2_sent,16230.48
S016,4,7,three,155.0,155.0,NUMBER,3,"The story correctly states that Russell Westbrook had 3 steals, which matches the JSON.",qwen_medium,p2_sent,16230.48
S016,4,8,27,159.0,159.0,NUMBER,27,"The story correctly states that Russell Westbrook played 27 minutes, which matches the JSON.",qwen_medium,p2_sent,16230.48
S016,5,1,20 points,167.0,168.0,NUMBER,20,The story correctly states Kevin Durant scored 20 points.,qwen_medium,p2_sent,16230.48
S016,5,2,7 - 11 FG,170.0,173.0,NUMBER,7-11,The story correctly states Kevin Durant shot 7-11 from the field.,qwen_medium,p2_sent,16230.48
S016,5,3,2 - 4 3Pt,175.0,178.0,NUMBER,2-4,The story correctly states Kevin Durant shot 2-4 from three-point range.,qwen_medium,p2_sent,16230.48
S016,5,4,4 - 5 FT,180.0,183.0,NUMBER,4-5,The story correctly states Kevin Durant shot 4-5 from the free-throw line.,qwen_medium,p2_sent,16230.48
S016,5,5,eight rebounds,186.0,187.0,NUMBER,8,The story correctly states Kevin Durant had 8 rebounds.,qwen_medium,p2_sent,16230.48
S016,5,6,nine assists,149.0,150.0,NUMBER,9,The story correctly states Kevin Durant had 9 assists.,qwen_medium,p2_sent,16230.48
S016,5,7,two steals,192.0,193.0,NUMBER,2,The story correctly states Kevin Durant had 2 steals.,qwen_medium,p2_sent,16230.48
S016,5,8,one block,195.0,196.0,NUMBER,1,The story correctly states Kevin Durant had 1 block.,qwen_medium,p2_sent,16230.48
S016,5,9,30 minutes,199.0,200.0,NUMBER,30,The story correctly states Kevin Durant played 30 minutes.,qwen_medium,p2_sent,16230.48
S016,5,10,17 points,207.0,208.0,NUMBER,17,The story correctly states Dion Waiters scored 17 points.,qwen_medium,p2_sent,16230.48
S016,5,11,8 - 16 FG,210.0,213.0,NUMBER,8-16,The story correctly states Dion Waiters shot 8-16 from the field.,qwen_medium,p2_sent,16230.48
S016,5,12,1 - 4 3Pt,215.0,218.0,NUMBER,1-4,The story correctly states Dion Waiters shot 1-4 from three-point range.,qwen_medium,p2_sent,16230.48
S016,5,13,two rebounds,221.0,222.0,NUMBER,2,The story correctly states Dion Waiters had 2 rebounds.,qwen_medium,p2_sent,16230.48
S016,5,14,three assists,224.0,225.0,NUMBER,3,The story correctly states Dion Waiters had 3 assists.,qwen_medium,p2_sent,16230.48
S016,5,15,three steals,155.0,156.0,NUMBER,3,The story correctly states Dion Waiters had 3 steals.,qwen_medium,p2_sent,16230.48
S016,5,16,29 minutes,231.0,232.0,NUMBER,29,The story correctly states Dion Waiters played 29 minutes.,qwen_medium,p2_sent,16230.48
S016,6,1,29,57.0,57.0,NUMBER,23,"Gordon Hayward played 23 minutes, not 29.",qwen_medium,p2_sent,16230.48
S016,6,2,2 rebounds,,,NUMBER,2,"Gordon Hayward had 2 rebounds, which is correct.",qwen_medium,p2_sent,16230.48
S016,6,3,3 3Pt,138.0,139.0,NUMBER,3,"Gordon Hayward attempted 3 three-point shots, which is correct.",qwen_medium,p2_sent,16230.48
S016,6,4,2 2,,,NUMBER,2,"Gordon Hayward made 2 free throws, which is correct.",qwen_medium,p2_sent,16230.48
S016,6,5,5 assists,,,NUMBER,5,"Gordon Hayward had 5 assists, which is correct.",qwen_medium,p2_sent,16230.48
S016,6,6,3 4,,,NUMBER,4,"Derrick Favors attempted 4 three-point shots, which is incorrect; he attempted 2.",qwen_medium,p2_sent,16230.48
S016,6,7,3 steals,,,NUMBER,0,"Derrick Favors had 0 steals, not 3.",qwen_medium,p2_sent,16230.48
S016,7,1,six,237.0,237.0,NUMBER,five,The JSON shows only five players scored in double figures for the Jazz.,qwen_medium,p2_sent,16230.48
S016,8,1,37,18.0,18.0,NUMBER,23,"The JSON shows Gordon Hayward played 23 minutes, not 37.",qwen_medium,p2_sent,16230.48
S016,8,2,five,256.0,256.0,NUMBER,5,"The JSON shows Gordon Hayward had 5 assists, which matches the story.",qwen_medium,p2_sent,16230.48
S016,8,3,two,192.0,192.0,NUMBER,2,"The JSON shows Gordon Hayward had 2 rebounds, which matches the story.",qwen_medium,p2_sent,16230.48
S016,9,1,30,199.0,199.0,NUMBER,22,"Derrick Favors played 22 minutes, not 30.",qwen_medium,p2_sent,16230.48
S016,9,2,seven,152.0,152.0,NUMBER,7,"Derrick Favors scored 7 points, not seven.",qwen_medium,p2_sent,16230.48
S016,9,3,3 8,,,NUMBER,3-8,"Derrick Favors shot 3-8 from the field, not 3-8.",qwen_medium,p2_sent,16230.48
S016,9,4,1 1,,,NUMBER,1-1,"Derrick Favors shot 1-1 from the free-throw line, not 1-1.",qwen_medium,p2_sent,16230.48
S016,9,5,two,192.0,192.0,NUMBER,2,"Derrick Favors had 2 rebounds, not two.",qwen_medium,p2_sent,16230.48
S016,9,6,two,192.0,192.0,NUMBER,2,"Derrick Favors had 2 steals, not two.",qwen_medium,p2_sent,16230.48
S016,10,1,six,237.0,237.0,NUMBER,five,The JSON shows only five players from the Jazz reached double figures in points.,qwen_medium,p2_sent,16230.48
S016,11,1,six,237.0,237.0,NUMBER,6,"The story states Gordon Hayward had six points, which matches the JSON.",qwen_medium,p2_sent,16230.48
S016,11,2,2,111.0,111.0,NUMBER,2,"The story states Gordon Hayward had 2 field goals, which matches the JSON.",qwen_medium,p2_sent,16230.48
S016,11,3,6,131.0,131.0,NUMBER,6,"The story states Gordon Hayward had 6 field goal attempts, which matches the JSON.",qwen_medium,p2_sent,16230.48
S016,11,4,0,245.0,245.0,NUMBER,0,"The story states Gordon Hayward had 0 three-point field goals, which matches the JSON.",qwen_medium,p2_sent,16230.48
S016,11,5,3,138.0,138.0,NUMBER,3,"The story states Gordon Hayward had 3 three-point field goal attempts, which matches the JSON.",qwen_medium,p2_sent,16230.48
S016,11,6,2,111.0,111.0,NUMBER,2,"The story states Gordon Hayward had 2 free throws, which matches the JSON.",qwen_medium,p2_sent,16230.48
S016,11,7,2,111.0,111.0,NUMBER,2,"The story states Gordon Hayward had 2 free throw makes, which matches the JSON.",qwen_medium,p2_sent,16230.48
S016,11,8,five,256.0,256.0,NUMBER,5,"The story states Gordon Hayward had 5 assists, which matches the JSON.",qwen_medium,p2_sent,16230.48
S016,11,9,two,192.0,192.0,NUMBER,2,"The story states Gordon Hayward had 2 rebounds, which matches the JSON.",qwen_medium,p2_sent,16230.48
S016,11,10,seven,152.0,152.0,NUMBER,7,"The story states Derrick Favors had 7 points, which matches the JSON.",qwen_medium,p2_sent,16230.48
S016,11,11,3,138.0,138.0,NUMBER,8,"The story states Derrick Favors had 3 field goal attempts, but the JSON shows 8.",qwen_medium,p2_sent,16230.48
S016,11,12,1,136.0,136.0,NUMBER,1,"The story states Derrick Favors had 1 free throw, which matches the JSON.",qwen_medium,p2_sent,16230.48
S016,11,13,2,111.0,111.0,NUMBER,2,"The story states Derrick Favors had 2 rebounds, which matches the JSON.",qwen_medium,p2_sent,16230.48
S016,11,14,two,192.0,192.0,NUMBER,2,"The story states Derrick Favors had 2 steals, which matches the JSON.",qwen_medium,p2_sent,16230.48
S016,13,1,Grizzlies,446.0,446.0,NAME,Minnesota Timberwolves,"The next game for Utah is against the Minnesota Timberwolves, not the Grizzlies.",qwen_medium,p2_sent,16230.48
S017,1,1,Saturday,18.0,18.0,NAME,Tuesday,"The game was played on Tuesday, not Saturday according to the JSON data.",qwen_medium,p2_sent,16230.48
S017,2,1,Monday,31.0,31.0,WORD,Tuesday,"The game was played on Tuesday, not Monday.",qwen_medium,p2_sent,16230.48
S017,2,2,Barclays Center,45.0,46.0,NAME,Quicken Loans Arena,"The game was played at Quicken Loans Arena, not Barclays Center.",qwen_medium,p2_sent,16230.48
S017,2,3,Cavaliers ( 33 - 34 ),50.0,55.0,NUMBER,Cavaliers (44-22),"The Cavaliers' record is 44-22, not 33-34.",qwen_medium,p2_sent,16230.48
S017,2,4,Pistons ( 33 - 34 ),68.0,73.0,NUMBER,Pistons (33-34),"The Pistons' record is 33-34, which is correct.",qwen_medium,p2_sent,16230.48
S017,3,1,33 - 34,52.0,54.0,NUMBER,44 - 22,"The Cavaliers' record is 44-22, not 33-34.",qwen_medium,p2_sent,16230.48
S017,3,2,33 - 34,52.0,54.0,NUMBER,33 - 34,"The Pistons' record is 33-34, but this is already correct in the sentence.",qwen_medium,p2_sent,16230.48
S017,4,1,63,140.0,140.0,NUMBER,21,"The story incorrectly states 63 percent, but the JSON shows 21 percent.",qwen_medium,p2_sent,16230.48
S017,5,1,Andre Drummond,164.0,165.0,NAME,LeBron James,"The story incorrectly attributes the leading stats to Andre Drummond, who is actually from the Pistons, while LeBron James led the Cavs.",qwen_medium,p2_sent,16230.48
S017,5,2,eight,178.0,178.0,NUMBER,16,"The story states Andre Drummond scored 8 points, but according to the JSON, LeBron James scored 16 points.",qwen_medium,p2_sent,16230.48
S017,5,3,one,184.0,184.0,NUMBER,12,"The story states Andre Drummond had 1 assist, but according to the JSON, LeBron James had 12 assists.",qwen_medium,p2_sent,16230.48
S017,6,1,five,196.0,196.0,NUMBER,6,"The story states Reggie Jackson had 5 assists, but the JSON shows 6 assists.",qwen_medium,p2_sent,16230.48
S017,7,1,11,211.0,211.0,NUMBER,11,The story correctly states that Kentavious Caldwell-Pope scored 11 points.,qwen_medium,p2_sent,16230.48
S017,7,2,two,214.0,214.0,NUMBER,2,The story correctly states that Kentavious Caldwell-Pope had 2 rebounds.,qwen_medium,p2_sent,16230.48
S017,7,3,three,143.0,143.0,NUMBER,3,The story correctly states that Kentavious Caldwell-Pope had 3 assists.,qwen_medium,p2_sent,16230.48
S017,7,4,one,184.0,184.0,NUMBER,1,The story correctly states that Kentavious Caldwell-Pope had 1 steal.,qwen_medium,p2_sent,16230.48
S017,8,1,Marcus,223.0,223.0,NAME,Maurice,"The player's name is Maurice Morris, not Marcus Morris.",qwen_medium,p2_sent,16230.48
S017,10,1,Richard Jefferson,264.0,265.0,NUMBER,16,"Richard Jefferson scored 16 points, not a pair of 16-point efforts.",qwen_medium,p2_sent,16230.48
S017,10,2,Richard Jefferson,264.0,265.0,NUMBER,2,"Richard Jefferson had 2 rebounds, not 8.",qwen_medium,p2_sent,16230.48
S017,10,3,Richard Jefferson,264.0,265.0,NUMBER,2,"Richard Jefferson had 2 steals, not 2.",qwen_medium,p2_sent,16230.48
S017,11,1,13,311.0,311.0,NUMBER,16,"Deron Williams scored 16 points, not 13.",qwen_medium,p2_sent,16230.48
S017,11,2,three,143.0,143.0,NUMBER,3,"Deron Williams had 3 assists, not three.",qwen_medium,p2_sent,16230.48
S017,11,3,two,214.0,214.0,NUMBER,2,"Deron Williams had 2 rebounds, not two.",qwen_medium,p2_sent,16230.48
S017,11,4,a,131.0,131.0,NUMBER,0,"Deron Williams had 0 steals, not a steal.",qwen_medium,p2_sent,16230.48
S017,12,1,12 points,252.0,253.0,NUMBER,6 points,"The JSON shows Kyle Korver scored 6 points, not 12.",qwen_medium,p2_sent,16230.48
S017,12,2,five boards,329.0,330.0,NUMBER,2 rebounds,"The JSON shows Kyle Korver had 2 rebounds, not 5.",qwen_medium,p2_sent,16230.48
S017,12,3,one steal,202.0,203.0,NUMBER,0 steals,"The JSON shows Kyle Korver had 0 steals, not 1.",qwen_medium,p2_sent,16230.48
S017,13,1,16,275.0,275.0,NUMBER,16,The story correctly states Richard Jefferson scored 16 points.,qwen_medium,p2_sent,16230.48
S017,13,2,one,184.0,184.0,NUMBER,1,The story correctly states Richard Jefferson had 1 assist.,qwen_medium,p2_sent,16230.48
S017,13,3,two,214.0,214.0,NUMBER,2,The story correctly states Richard Jefferson had 2 rebounds.,qwen_medium,p2_sent,16230.48
S017,13,4,two,214.0,214.0,NUMBER,2,The story correctly states Richard Jefferson had 2 steals.,qwen_medium,p2_sent,16230.48
S017,14,1,Hawks,366.0,366.0,NAME,Jazz,"The Pistons are scheduled to play the Jazz, not the Hawks.",qwen_medium,p2_sent,16230.48
S017,14,2,Friday,368.0,368.0,NUMBER,Wednesday,"The Pistons are scheduled to play on Wednesday, not Friday.",qwen_medium,p2_sent,16230.48
S017,14,3,Philadelphia 76ers,379.0,380.0,NAME,Jazz,"The Cavaliers are scheduled to play the Jazz, not the Philadelphia 76ers.",qwen_medium,p2_sent,16230.48
S017,14,4,Friday,368.0,368.0,NUMBER,Thursday,"The Cavaliers are scheduled to play on Thursday, not Friday.",qwen_medium,p2_sent,16230.48
S018,2,1,42 percent,42.0,43.0,NUMBER,45,"The Warriors' field goal percentage was 45%, not 42%.",qwen_medium,p2_sent,16230.48
S018,2,2,29 percent,48.0,49.0,NUMBER,44,"The Warriors' three-point percentage was 44%, not 29%.",qwen_medium,p2_sent,16230.48
S018,2,3,meager 29 percent,69.0,71.0,NUMBER,29,"The Clippers' three-point percentage was 29%, which matches the story.",qwen_medium,p2_sent,16230.48
S018,5,1,39,137.0,137.0,NUMBER,45,"The story claims 39 points combined in two games, but the JSON shows 33 points in this game alone.",qwen_medium,p2_sent,16230.48
S018,5,2,13,140.0,140.0,NUMBER,5,"The story claims 13 assists combined in two games, but the JSON shows 5 assists in this game alone.",qwen_medium,p2_sent,16230.48
S018,6,1,4 - 8,164.0,166.0,NUMBER,4 - 8,The field goal attempts for Draymond Green are correct.,qwen_medium,p2_sent,16230.48
S018,6,2,0 - 2,169.0,171.0,NUMBER,0 - 2,The three-point field goal attempts for Draymond Green are correct.,qwen_medium,p2_sent,16230.48
S018,6,3,4 - 6,174.0,176.0,NUMBER,4 - 6,The free throw attempts for Draymond Green are correct.,qwen_medium,p2_sent,16230.48
S018,8,1,3 - 11,211.0,213.0,NUMBER,11 - 11,"Harrison Barnes' field goal attempts were 11, not 11.",qwen_medium,p2_sent,16230.48
S018,8,2,2 - 4,216.0,218.0,NUMBER,2 - 4,"Harrison Barnes' three-point attempts were 4, not 4.",qwen_medium,p2_sent,16230.48
S018,8,3,3 - 4,221.0,223.0,NUMBER,3 - 4,"Harrison Barnes' free throw attempts were 4, not 4.",qwen_medium,p2_sent,16230.48
S018,9,1,Josh Smith,245.0,246.0,NAME,Austin Rivers,"The JSON shows Austin Rivers as a key bench contributor, not Josh Smith.",qwen_medium,p2_sent,16230.48
S018,9,2,shooting all,250.0,251.0,WORD,"amassing 12 points, six assists, a rebound, two steals and a block","The JSON indicates that Jamal Crawford had a productive outing with specific stats, not just 'shooting all'.",qwen_medium,p2_sent,16230.48
S018,10,1,7 - 10,259.0,261.0,NUMBER,19 - 10,"The JSON shows DeAndre Jordan made 19 of 10 field goals, not 7 of 10.",qwen_medium,p2_sent,16230.48
S018,10,2,5 - 10,264.0,266.0,NUMBER,5 - 6,"The JSON shows DeAndre Jordan made 5 of 6 free throws, not 5 of 10.",qwen_medium,p2_sent,16230.48
S018,11,1,17,329.0,329.0,NUMBER,12,"The JSON shows Draymond Green averaged 12 points, not 17, in the last two games.",qwen_medium,p2_sent,16230.48
S018,11,2,12,100.0,100.0,NUMBER,12,"The JSON confirms Draymond Green averaged 12 rebounds in the last two games, so this part is correct.",qwen_medium,p2_sent,16230.48
S018,12,1,4 - 11,,,NUMBER,4-for-16,"The JSON shows Chris Paul shot 4-for-16 from the field, not Jamal Crawford.",qwen_medium,p2_sent,16230.48
S018,12,2,2 - 4,216.0,218.0,NUMBER,2-for-6,"The JSON shows Chris Paul shot 2-for-6 from the three-point line, not Jamal Crawford.",qwen_medium,p2_sent,16230.48
S018,13,1,Friday,398.0,398.0,WORD,Thursday,"The JSON indicates the Clippers' next game is on Thursday, not Friday.",qwen_medium,p2_sent,16230.48
S018,13,2,Minnesota Timberwolves,409.0,410.0,NAME,Portland Trail Blazers,"The JSON specifies the Clippers' next game is against the Portland Trail Blazers, not the Minnesota Timberwolves.",qwen_medium,p2_sent,16230.48
S019,4,1,16,67.0,67.0,NUMBER,21,"The story states 16 assists for Indiana, but the JSON shows 21 assists.",qwen_medium,p2_sent,16230.48
S019,4,2,15,98.0,98.0,NUMBER,16,"The story states 15 turnovers for Indiana, but the JSON shows 16 turnovers.",qwen_medium,p2_sent,16230.48
S019,5,1,have now won,112.0,114.0,CONTEXT,,"The story claims the Pacers have won five of their last six games, but the JSON shows they lost this game.",qwen_medium,p2_sent,16230.48
S019,5,2,five,115.0,115.0,NUMBER,0,"The story claims the Pacers have won five of their last six games, but the JSON shows they lost this game, contradicting the claim.",qwen_medium,p2_sent,16230.48
S019,5,3,continue to falter,124.0,126.0,CONTEXT,,"The story suggests the Pacers are continuing to falter, which contradicts the claim of winning five of their last six games.",qwen_medium,p2_sent,16230.48
S019,6,1,five,115.0,115.0,NUMBER,1,"Paul George had 1 rebound, not 5.",qwen_medium,p2_sent,16230.48
S019,8,1,13,181.0,181.0,NUMBER,2,"Thaddeus Young scored 2 points, not 13.",qwen_medium,p2_sent,16230.48
S019,8,2,five,115.0,115.0,NUMBER,5,"Thaddeus Young had 5 rebounds, which is correct.",qwen_medium,p2_sent,16230.48
S019,8,3,four,187.0,187.0,NUMBER,4,"Thaddeus Young had 4 assists, which is correct.",qwen_medium,p2_sent,16230.48
S019,9,1,Friday,203.0,203.0,NOT_CHECKABLE,,The box score does not provide information about future games.,qwen_medium,p2_sent,16230.48
S019,10,1,four,187.0,187.0,NUMBER,14,"The story says the Heat won four of their last six games, but the JSON indicates they won 14 of their last 16 games.",qwen_medium,p2_sent,16230.48
S019,10,2,falter,126.0,126.0,WORD,improve,"The story says the Heat are faltering, but the JSON shows they have been improving, winning 14 of their last 16 games.",qwen_medium,p2_sent,16230.48
S019,11,1,player of the game,232.0,235.0,CONTEXT,,The JSON does not indicate Goran Dragic was the player of the game.,qwen_medium,p2_sent,16230.48
S019,11,2,8 - of - 12,249.0,253.0,NUMBER,12 of 15,"Goran Dragic made 12 of 15 shots, not 8 of 12.",qwen_medium,p2_sent,16230.48
S019,13,1,only other,171.0,172.0,WORD,,"The story incorrectly states Dion Waiters was the only other starter in double figures, but Goran Dragic also scored 21 points.",qwen_medium,p2_sent,16230.48
S019,14,1,Thursday,299.0,299.0,NOT_CHECKABLE,,The box score does not provide information about future games.,qwen_medium,p2_sent,16230.48
S019,14,2,Toronto Raptors,306.0,307.0,NOT_CHECKABLE,,The box score does not provide information about future games.,qwen_medium,p2_sent,16230.48
S020,1,1,host Phoenix,6.0,7.0,NAME,host New Orleans,"The host team is New Orleans, not Phoenix.",qwen_medium,p2_sent,16230.48
S020,1,2,111 - 106,10.0,12.0,NUMBER,106 - 111,"The final score is 106 - 111, with Phoenix scoring 106 and New Orleans scoring 111.",qwen_medium,p2_sent,16230.48
S020,2,1,16 - 32,24.0,26.0,NUMBER,20-32,The JSON shows the Pelicans record as 20 wins and 32 losses.,qwen_medium,p2_sent,16230.48
S020,2,2,disappointing loss,36.0,37.0,CONTEXT,,The JSON does not provide information about a previous game or its outcome.,qwen_medium,p2_sent,16230.48
S020,3,1,34 - 18,78.0,80.0,NUMBER,34 - 32,"The story states the Pelicans outscored the Suns 34-18 in the final 12 minutes, but the JSON shows the fourth quarter scores as 34 for the Pelicans and 32 for the Suns.",qwen_medium,p2_sent,16230.48
S020,4,1,outscoring the Pelicans,98.0,100.0,WORD,outscoring the Suns,"The sentence incorrectly states the Pelicans outscored the Pelicans, which is illogical. The correct team to be outscored is the Suns.",qwen_medium,p2_sent,16230.48
S020,4,2,34 - 18,78.0,80.0,NUMBER,34 - 30,"The sentence states the Pelicans outscored by 34-18, but the correct fourth quarter score is 34-30 according to the box score.",qwen_medium,p2_sent,16230.48
S020,5,1,Eric Bledsoe,118.0,119.0,NAME,Eric Bledsoe,The player's name is correctly spelled as Eric Bledsoe in the JSON.,qwen_medium,p2_sent,16230.48
S020,5,2,14,121.0,121.0,NUMBER,14,Eric Bledsoe scored 14 points according to the JSON.,qwen_medium,p2_sent,16230.48
S020,5,3,seven,128.0,128.0,NUMBER,7,Eric Bledsoe had 7 rebounds according to the JSON.,qwen_medium,p2_sent,16230.48
S020,5,4,five,131.0,131.0,NUMBER,5,Eric Bledsoe had 5 assists according to the JSON.,qwen_medium,p2_sent,16230.48
S020,5,5,a pair of,134.0,136.0,NUMBER,2,Eric Bledsoe had 2 blocks according to the JSON.,qwen_medium,p2_sent,16230.48
S020,6,1,two,152.0,152.0,NUMBER,4,"The JSON shows Devin Booker had 4 rebounds, not 2.",qwen_medium,p2_sent,16230.48
S020,6,2,a,35.0,35.0,NUMBER,1,"The JSON shows Devin Booker had 1 steal, not a (which implies 1).",qwen_medium,p2_sent,16230.48
S020,7,1,12,85.0,85.0,NUMBER,6,"The JSON shows Marquese Chriss scored 6 points, not 12.",qwen_medium,p2_sent,16230.48
S020,7,2,three,165.0,165.0,NUMBER,3,"The JSON shows Marquese Chriss had 3 rebounds, not four.",qwen_medium,p2_sent,16230.48
S020,7,3,two,152.0,152.0,NUMBER,2,"The JSON shows Marquese Chriss had 2 assists, not two.",qwen_medium,p2_sent,16230.48
S020,7,4,a,35.0,35.0,NUMBER,1,"The JSON shows Marquese Chriss had 1 steal, not a.",qwen_medium,p2_sent,16230.48
S020,7,5,a,35.0,35.0,NUMBER,1,"The JSON shows Marquese Chriss had 1 block, not a.",qwen_medium,p2_sent,16230.48
S020,8,1,12,85.0,85.0,NUMBER,6,"PJ Tucker scored 6 points, not 12.",qwen_medium,p2_sent,16230.48
S020,8,2,five,131.0,131.0,NUMBER,5,"PJ Tucker had 5 rebounds, which matches the story.",qwen_medium,p2_sent,16230.48
S020,8,3,an,189.0,189.0,NUMBER,1,"PJ Tucker had 1 assist, not an (implied 1).",qwen_medium,p2_sent,16230.48
S020,8,4,a,35.0,35.0,NUMBER,2,"PJ Tucker had 2 steals, not a (implied 1).",qwen_medium,p2_sent,16230.48
S020,9,1,seven,128.0,128.0,NUMBER,7,"The story states Eric Bledsoe had seven rebounds, but the JSON shows he had 7 rebounds.",qwen_medium,p2_sent,16230.48
S020,10,1,12,85.0,85.0,NUMBER,6,"The JSON shows Marquese Chriss scored 6 points, not 12.",qwen_medium,p2_sent,16230.48
S020,10,2,three,165.0,165.0,NUMBER,3,"The JSON shows Marquese Chriss had 3 rebounds, which matches the story.",qwen_medium,p2_sent,16230.48
S020,10,3,two,152.0,152.0,NUMBER,2,"The JSON shows Marquese Chriss had 2 assists, which matches the story.",qwen_medium,p2_sent,16230.48
S020,10,4,a,35.0,35.0,NUMBER,1,"The JSON shows Marquese Chriss had 1 block, not a block.",qwen_medium,p2_sent,16230.48
S020,11,1,14,121.0,121.0,NUMBER,6,"The JSON shows Marquese Chriss scored 6 points, not 14.",qwen_medium,p2_sent,16230.48
S020,11,2,three,165.0,165.0,NUMBER,3,"The JSON shows Marquese Chriss had 3 rebounds, not 4.",qwen_medium,p2_sent,16230.48
S020,11,3,two,152.0,152.0,NUMBER,2,"The JSON shows Marquese Chriss had 2 assists, which matches the story.",qwen_medium,p2_sent,16230.48
S020,11,4,a,35.0,35.0,NUMBER,1,"The JSON shows Marquese Chriss had 1 block, not 1.",qwen_medium,p2_sent,16230.48
S020,12,1,Brandon Knight,264.0,265.0,NAME,TJ Warren,"The leading scorer for Phoenix was TJ Warren, not Brandon Knight.",qwen_medium,p2_sent,16230.48
S020,12,2,12,85.0,85.0,NUMBER,20,"TJ Warren scored 20 points, not 12.",qwen_medium,p2_sent,16230.48
S020,12,3,six,270.0,270.0,NUMBER,5,"TJ Warren had 5 assists, not 6.",qwen_medium,p2_sent,16230.48
S020,12,4,two,152.0,152.0,NUMBER,3,"TJ Warren had 3 blocks, not 2.",qwen_medium,p2_sent,16230.48
S020,13,1,seven,128.0,128.0,NUMBER,5,"The JSON shows Eric Bledsoe had 5 assists, not 7.",qwen_medium,p2_sent,16230.48
S020,13,2,seven,128.0,128.0,NUMBER,7,"The JSON shows Eric Bledsoe had 7 rebounds, which is correct.",qwen_medium,p2_sent,16230.48
S020,13,3,a pair of,134.0,136.0,NUMBER,2,"The JSON shows Eric Bledsoe had 2 blocks, not a pair (which implies 2).",qwen_medium,p2_sent,16230.48
S020,14,1,six,270.0,270.0,NUMBER,0,"The JSON shows Terrence Jones had 0 assists, not six.",qwen_medium,p2_sent,16230.48
S020,14,2,a,35.0,35.0,NUMBER,2,"The JSON shows Terrence Jones had 2 steals, not one.",qwen_medium,p2_sent,16230.48
S020,15,1,five,131.0,131.0,NUMBER,3,"The JSON shows Buddy Hield had 3 rebounds, not 5.",qwen_medium,p2_sent,16230.48
S020,15,2,four,341.0,341.0,NUMBER,4,"The JSON shows Buddy Hield had 4 assists, which matches the story.",qwen_medium,p2_sent,16230.48
S020,18,1,an assist,189.0,190.0,NUMBER,1,"The JSON shows Anthony Davis had 1 assist, not 'an assist'.",qwen_medium,p2_sent,16230.48
S020,19,1,20,397.0,397.0,NUMBER,30,"Jrue Holiday actually scored 30 points, not 20.",qwen_medium,p2_sent,16230.48
S020,20,1,a rebound,419.0,420.0,NUMBER,3,"The JSON shows Buddy Hield had 3 rebounds, not 1.",qwen_medium,p2_sent,16230.48
S020,21,1,a rebound,419.0,420.0,NUMBER,3,"The JSON shows Buddy Hield had 3 rebounds, not 1.",qwen_medium,p2_sent,16230.48
S021,1,1,Saturday,18.0,18.0,NAME,Friday,"The game was played on Friday, not Saturday.",qwen_medium,p2_sent,16230.48
S021,2,1,Saturday,18.0,18.0,NAME,Friday,"The game was played on Friday, not Saturday.",qwen_medium,p2_sent,16230.48
S021,2,2,38,57.0,57.0,NUMBER,68,"The Rockets scored 68 points in the first half, not 38 points in the first quarter.",qwen_medium,p2_sent,16230.48
S021,2,3,pull away,74.0,75.0,WORD,battled back,"The Kings battled back in the second half, but did not pull away.",qwen_medium,p2_sent,16230.48
S021,3,1,battled back,90.0,91.0,CONTEXT,,"The story incorrectly states that both teams battled back to make it a one-point game, but the JSON shows the Rockets were leading by 18 points at halftime.",qwen_medium,p2_sent,16230.48
S021,3,2,one - point,96.0,98.0,NUMBER,18,"The story incorrectly states the game was a one-point game at the end of the third quarter, but the JSON shows the Rockets led by 18 points at halftime.",qwen_medium,p2_sent,16230.48
S021,4,1,38 - 19,153.0,155.0,NUMBER,30 - 27,"The JSON shows the Kings scored 30 points in the 4th quarter, while the Rockets scored 27.",qwen_medium,p2_sent,16230.48
S021,5,1,an assist,177.0,178.0,NUMBER,10 assists,"The JSON shows James Harden had 10 assists, not 1.",qwen_medium,p2_sent,16230.48
S021,5,2,five blocks,180.0,181.0,NUMBER,0 blocks,"The JSON shows James Harden had 0 blocks, not 5.",qwen_medium,p2_sent,16230.48
S021,7,1,three,207.0,207.0,NUMBER,10,"The JSON shows Clint Capela had 10 rebounds, not three.",qwen_medium,p2_sent,16230.48
S021,7,2,three,207.0,207.0,NUMBER,0,"The JSON shows Clint Capela had 0 assists, not three.",qwen_medium,p2_sent,16230.48
S021,7,3,two,191.0,191.0,NUMBER,2,"The JSON shows Clint Capela had 2 steals, which is correct.",qwen_medium,p2_sent,16230.48
S021,7,4,two,191.0,191.0,NUMBER,2,"The JSON shows Clint Capela had 2 blocks, which is correct.",qwen_medium,p2_sent,16230.48
S021,8,1,10,23.0,23.0,NUMBER,9,"Trevor Ariza had 9 rebounds, not 10.",qwen_medium,p2_sent,16230.48
S021,8,2,two,191.0,191.0,NUMBER,0,"Trevor Ariza had 0 blocks, not two.",qwen_medium,p2_sent,16230.48
S021,9,1,10,23.0,23.0,NUMBER,9,"Trevor Ariza had 9 rebounds, not 10.",qwen_medium,p2_sent,16230.48
S021,10,1,17,204.0,204.0,NUMBER,3,"The JSON shows Sam Dekker scored 3 points, not 17.",qwen_medium,p2_sent,16230.48
S021,10,2,three,207.0,207.0,NUMBER,2,"The JSON shows Sam Dekker had 2 rebounds, not three.",qwen_medium,p2_sent,16230.48
S021,10,3,three,207.0,207.0,NUMBER,3,"The JSON shows Sam Dekker had 3 assists, which matches the story.",qwen_medium,p2_sent,16230.48
S021,10,4,two,191.0,191.0,NUMBER,2,"The JSON shows Sam Dekker had 2 steals, which matches the story.",qwen_medium,p2_sent,16230.48
S021,10,5,two,191.0,191.0,NUMBER,0,"The JSON shows Sam Dekker had 0 blocks, not two.",qwen_medium,p2_sent,16230.48
S021,11,1,an assist,177.0,178.0,NUMBER,10 assists,"The story states James Harden had 'an assist', but the JSON shows he had 10 assists.",qwen_medium,p2_sent,16230.48
S021,11,2,five blocks,180.0,181.0,NUMBER,0 blocks,"The story claims James Harden had 'five blocks', but the JSON indicates he had 0 blocks.",qwen_medium,p2_sent,16230.48
S021,12,1,10,23.0,23.0,NUMBER,10,The JSON confirms Rudy Gay scored 10 points.,qwen_medium,p2_sent,16230.48
S021,12,2,four,320.0,320.0,NUMBER,4,The JSON confirms Rudy Gay had 4 rebounds.,qwen_medium,p2_sent,16230.48
S021,12,3,three,207.0,207.0,NUMBER,3,The JSON confirms Rudy Gay had 3 assists.,qwen_medium,p2_sent,16230.48
S021,12,4,three,207.0,207.0,NUMBER,3,The JSON confirms Rudy Gay had 3 steals.,qwen_medium,p2_sent,16230.48
S021,13,1,18,229.0,229.0,NUMBER,8,"The JSON shows Darren Collison scored 8 points, not 18.",qwen_medium,p2_sent,16230.48
S021,13,2,10,23.0,23.0,NUMBER,3,"The JSON shows Darren Collison had 3 rebounds, not 10.",qwen_medium,p2_sent,16230.48
S021,14,1,18,229.0,229.0,NUMBER,8,"The JSON shows Darren Collison scored 8 points, not 18.",qwen_medium,p2_sent,16230.48
S021,14,2,four,320.0,320.0,NUMBER,3,"The JSON shows Darren Collison had 3 assists, not 4.",qwen_medium,p2_sent,16230.48
S021,14,3,three,207.0,207.0,NUMBER,3,"The JSON shows Darren Collison had 3 rebounds, which is correct.",qwen_medium,p2_sent,16230.48
S021,14,4,two,191.0,191.0,NUMBER,2,"The JSON shows Darren Collison had 2 steals, which is correct.",qwen_medium,p2_sent,16230.48
S021,15,1,12,160.0,160.0,NUMBER,4,"Rudy Gay had 4 rebounds, not 12.",qwen_medium,p2_sent,16230.48
S021,15,2,three,207.0,207.0,NUMBER,3,"Rudy Gay had 3 assists, which is correct.",qwen_medium,p2_sent,16230.48
S021,15,3,three,207.0,207.0,NUMBER,3,"Rudy Gay had 3 steals, which is correct.",qwen_medium,p2_sent,16230.48
S021,15,4,three,207.0,207.0,NUMBER,0,"Rudy Gay had 0 blocks, not three.",qwen_medium,p2_sent,16230.48
S021,16,1,18,229.0,229.0,NUMBER,8,"The JSON shows Darren Collison scored 8 points, not 18.",qwen_medium,p2_sent,16230.48
S021,17,1,San Antonio Spurs,430.0,432.0,NOT_CHECKABLE,,The next game for the Rockets is not specified in the box score data.,qwen_medium,p2_sent,16230.48
S021,17,2,Saturday,18.0,18.0,NOT_CHECKABLE,,The date of the next game for the Rockets is not specified in the box score data.,qwen_medium,p2_sent,16230.48
S021,17,3,Golden State Warriors,445.0,447.0,NOT_CHECKABLE,,The next game for the Kings is not specified in the box score data.,qwen_medium,p2_sent,16230.48
S021,17,4,Saturday,18.0,18.0,NOT_CHECKABLE,,The date of the next game for the Kings is not specified in the box score data.,qwen_medium,p2_sent,16230.48
S022,3,1,8 ties and 10 lead,41.0,45.0,NUMBER,Not provided in the box score,The box score does not provide information about ties and lead changes.,qwen_medium,p2_sent,16230.48
S022,6,1,Anthony Davis,106.0,107.0,NAME,Karl-Anthony Towns,The story incorrectly attributes the leading scorer to Anthony Davis instead of Karl-Anthony Towns.,qwen_medium,p2_sent,16230.48
S022,6,2,42,114.0,114.0,NUMBER,36,"The story incorrectly states that Anthony Davis scored 42 points, when Karl-Anthony Towns actually scored 36 points.",qwen_medium,p2_sent,16230.48
S022,6,3,16 - of - 22,117.0,121.0,NUMBER,13-of-22,"The story incorrectly states that Anthony Davis made 16-of-22 field goals, when Karl-Anthony Towns actually made 13-of-22.",qwen_medium,p2_sent,16230.48
S022,6,4,8 - of - 11,126.0,130.0,NUMBER,9-of-9,"The story incorrectly states that Anthony Davis made 8-of-11 free throws, when Karl-Anthony Towns actually made 9-of-9.",qwen_medium,p2_sent,16230.48
S022,7,1,six,152.0,152.0,NUMBER,4,"The JSON shows Jrue Holiday had 4 rebounds, not six.",qwen_medium,p2_sent,16230.48
S022,9,1,eight,183.0,183.0,NUMBER,8,"The story states Gorgui Dieng finished with eight points, but the JSON shows he scored 8 points.",qwen_medium,p2_sent,16230.48
S022,9,2,three,82.0,82.0,NUMBER,3,"The story states Gorgui Dieng had three steals, but the JSON shows he had 3 steals.",qwen_medium,p2_sent,16230.48
S022,10,1,Buddy Hield,158.0,159.0,NAME,Karl-Anthony Towns,Buddy Hield did not lead Minnesota in scoring; Karl-Anthony Towns did.,qwen_medium,p2_sent,16230.48
S022,10,2,17,169.0,169.0,NUMBER,36,"Buddy Hield scored 17 points, but the leading scorer for Minnesota was Karl-Anthony Towns with 36 points.",qwen_medium,p2_sent,16230.48
S022,10,3,four,205.0,205.0,NUMBER,4,"Buddy Hield had 4 rebounds, which is correct, but the statement is misleading as it refers to the wrong player.",qwen_medium,p2_sent,16230.48
S022,11,1,three,82.0,82.0,NUMBER,1,"Gorgui Dieng had 1 steal, not 3.",qwen_medium,p2_sent,16230.48
S022,12,1,Friday,18.0,18.0,DATE,Sunday,"The JSON indicates the next game for the Timberwolves is on Sunday, not Friday.",qwen_medium,p2_sent,16230.48
S022,12,2,Oklahoma City Thunder,242.0,244.0,NAME,Bulls,"The JSON indicates the Timberwolves' next game is against the Bulls, not the Oklahoma City Thunder.",qwen_medium,p2_sent,16230.48
S022,13,1,17th,272.0,272.0,NUMBER,21,"The JSON shows the Pelicans have 21 wins, not 17.",qwen_medium,p2_sent,16230.48
S022,13,2,Verizon Center,275.0,276.0,NAME,Target Center,"The game was played at Target Center, not Verizon Center.",qwen_medium,p2_sent,16230.48
S022,14,1,Minnesota,7.0,7.0,NAME,New Orleans,"The JSON indicates Anthony Davis played for New Orleans, not Minnesota.",qwen_medium,p2_sent,16230.48
S023,1,1,Wednesday,19.0,19.0,NAME,Sunday,The game was played on Sunday according to the JSON data.,qwen_medium,p2_sent,16230.48
S023,3,1,11,56.0,56.0,NUMBER,30,"The JSON indicates the Mavericks led by 30 points in the second half, not 11.",qwen_medium,p2_sent,16230.48
S023,6,1,5 - 11,,,NUMBER,6-of-11,"Justin Anderson's shooting was 6-of-11, not 5-of-11.",qwen_medium,p2_sent,16230.48
S023,9,1,double - double,177.0,179.0,WORD,,"Julius Randle did not record a double-double; he had 9 points, 6 rebounds, and 4 assists.",qwen_medium,p2_sent,16230.48
S023,10,1,Lakers,8.0,8.0,NAME,Mavericks,The sentence incorrectly attributes Justin Anderson's performance to the Lakers instead of the Mavericks.,qwen_medium,p2_sent,16230.48
S023,11,1,collecting nine,222.0,223.0,NUMBER,9,"The story states Julius Randle collected nine points, which matches the JSON.",qwen_medium,p2_sent,16230.48
S023,11,2,other,136.0,136.0,WORD,,"The story incorrectly states Julius Randle was the 'only other' Laker in double figures, but the JSON shows he was the only Laker starter in double figures.",qwen_medium,p2_sent,16230.48
S023,12,1,home,239.0,239.0,WORD,road,The JSON indicates the Lakers will play the Portland Trail Blazers on the road.,qwen_medium,p2_sent,16230.48
S023,14,1,player of the game,276.0,279.0,CONTEXT,,The JSON does not indicate that Justin Anderson was the player of the game.,qwen_medium,p2_sent,16230.48
S023,14,2,5 - of - 11,124.0,128.0,NUMBER,5-of-11,"Justin Anderson's shooting was actually 5-of-11, not 5-of-11.",qwen_medium,p2_sent,16230.48
S023,15,1,second,49.0,49.0,WORD,leading,"Justin Anderson was the leading scorer off the bench, not second.",qwen_medium,p2_sent,16230.48
S024,1,1,Saturday,18.0,18.0,NAME,Friday,"The game was played on Friday, not Saturday.",qwen_medium,p2_sent,16230.48
S024,2,1,Wednesday,29.0,29.0,NAME,Friday,"The game was played on Friday, not Wednesday.",qwen_medium,p2_sent,16230.48
S024,2,2,pierce,55.0,55.0,WORD,demolish,"The Warriors won the game, so the Kings did not pierce their armor.",qwen_medium,p2_sent,16230.48
S024,2,3,Gregg Popovich,64.0,65.0,NAME,Steve Kerr,"The coach of the Warriors is Steve Kerr, not Gregg Popovich.",qwen_medium,p2_sent,16230.48
S024,2,4,114,10.0,10.0,NUMBER,100,"The Kings scored 100 points, not 114.",qwen_medium,p2_sent,16230.48
S024,3,1,seven,91.0,91.0,NUMBER,6,"The JSON shows Stephen Curry had 6 rebounds, not 7.",qwen_medium,p2_sent,16230.48
S024,4,1,four,103.0,103.0,NUMBER,4,"The story states Draymond Green had four rebounds, but the JSON shows he had 4 rebounds.",qwen_medium,p2_sent,16230.48
S024,5,1,a rebound,125.0,126.0,NUMBER,10,"The JSON shows Skal Labissiere had 10 rebounds, not 1.",qwen_medium,p2_sent,16230.48
S024,6,1,Buddy Hield,142.0,143.0,NAME,Steph Curry,"The story incorrectly attributes the leading scorer to Buddy Hield, but according to the JSON, Steph Curry led the Warriors with 27 points.",qwen_medium,p2_sent,16230.48
S024,6,2,22,145.0,145.0,NUMBER,27,"The story states that Buddy Hield scored 22 points, but the JSON shows that Steph Curry scored 27 points, which is the highest for the Warriors.",qwen_medium,p2_sent,16230.48
S024,7,1,4,169.0,169.0,NUMBER,8,"Draymond Green actually had 8 assists, not 4.",qwen_medium,p2_sent,16230.48
S024,7,2,four,103.0,103.0,NUMBER,4,"Draymond Green actually had 4 rebounds, which is correct, but the number of assists is incorrect.",qwen_medium,p2_sent,16230.48
S024,8,1,10,119.0,119.0,NUMBER,9,"The JSON shows Skal Labissiere scored 9 points, not 10.",qwen_medium,p2_sent,16230.48
S024,9,1,11,213.0,213.0,NUMBER,11,The points scored by Ben McLemore are correctly stated as 11.,qwen_medium,p2_sent,16230.48
S024,9,2,one,184.0,184.0,NUMBER,1,The rebounds by Ben McLemore are correctly stated as 1.,qwen_medium,p2_sent,16230.48
S024,9,3,two,158.0,158.0,NUMBER,2,The assists by Ben McLemore are correctly stated as 2.,qwen_medium,p2_sent,16230.48
S024,9,4,one,184.0,184.0,NUMBER,1,The steals by Ben McLemore are correctly stated as 1.,qwen_medium,p2_sent,16230.48
S024,10,1,Kings,8.0,8.0,NAME,Warriors,"The sentence incorrectly states that Stephen Curry played for the Kings, when he actually played for the Warriors.",qwen_medium,p2_sent,16230.48
S024,10,2,12 assist,,,NUMBER,12 assists,"The sentence correctly states that Stephen Curry had 12 assists, which matches the JSON data.",qwen_medium,p2_sent,16230.48
S024,10,3,seven rebounds,91.0,92.0,NUMBER,7 rebounds,"The sentence correctly states that Stephen Curry had 7 rebounds, which matches the JSON data.",qwen_medium,p2_sent,16230.48
S024,11,1,eight,106.0,106.0,NUMBER,7,"The JSON shows Buddy Hield had 7 assists, not 8.",qwen_medium,p2_sent,16230.48
S024,11,2,eight,106.0,106.0,NUMBER,8,"The JSON shows Buddy Hield had 8 rebounds, which is correct.",qwen_medium,p2_sent,16230.48
S024,12,1,four,103.0,103.0,NUMBER,3,"The JSON shows Draymond Green had 3 rebounds, not 4.",qwen_medium,p2_sent,16230.48
S024,12,2,one,184.0,184.0,NUMBER,1,"The JSON shows Draymond Green had 1 block, which is correct, but this is already mentioned correctly in the sentence.",qwen_medium,p2_sent,16230.48
S024,13,1,four,103.0,103.0,NUMBER,3,"The JSON shows Willie Cauley-Stein had 4 rebounds, not 3.",qwen_medium,p2_sent,16230.48
S025,2,1,13 - 3,23.0,25.0,NUMBER,13-3,"The story states the Spurs record as 13-3, but the JSON shows 13 wins and 3 losses.",qwen_medium,p2_sent,16230.48
S025,2,2,9 - 7,42.0,44.0,NUMBER,9-7,"The story states the Celtics record as 9-7, which matches the JSON.",qwen_medium,p2_sent,16230.48
S025,2,3,n't enough,52.0,53.0,CONTEXT,,The statement that the nine points were not enough to keep the Celtics to their eighth home victory is misleading. The JSON does not provide information on the sequence of victories or the specific game outcomes beyond the final score.,qwen_medium,p2_sent,16230.48
S025,5,1,8 - of - 15,145.0,149.0,NUMBER,6 of 15,"Avery Bradley actually shot 6 of 15, not 8 of 15.",qwen_medium,p2_sent,16230.48
S025,6,1,a rebound,179.0,180.0,NUMBER,1,"The JSON shows Isaiah Thomas had 1 rebound, not a single unspecified rebound.",qwen_medium,p2_sent,16230.48
S025,7,1,eight,182.0,182.0,NUMBER,7,"The JSON shows Avery Bradley had 7 rebounds, not 8.",qwen_medium,p2_sent,16230.48
S025,8,1,10,108.0,108.0,NUMBER,10,The JSON confirms LaMarcus Aldridge scored 10 points.,qwen_medium,p2_sent,16230.48
S025,8,2,four,111.0,111.0,NUMBER,4,The JSON confirms LaMarcus Aldridge had 4 rebounds.,qwen_medium,p2_sent,16230.48
S025,8,3,four,111.0,111.0,NUMBER,4,The JSON confirms LaMarcus Aldridge had 4 assists.,qwen_medium,p2_sent,16230.48
S025,9,1,46,254.0,254.0,NUMBER,35,"The story states the Celtics shot 46% from the field, but the JSON shows 46% for FG3_PCT, not FG_PCT.",qwen_medium,p2_sent,16230.48
S026,1,1,David West,11.0,12.0,NAME,Indiana Pacers,The sentence incorrectly mentions David West instead of the Indiana Pacers.,qwen_medium,p2_sent,16230.48
S026,1,2,116 - 0,18.0,20.0,NUMBER,116 - 99,The sentence incorrectly states the score as 116-0 instead of 116-99.,qwen_medium,p2_sent,16230.48
S026,1,3,Wednesday,22.0,22.0,WORD,Tuesday,The sentence incorrectly states the day as Wednesday instead of Tuesday.,qwen_medium,p2_sent,16230.48
S026,2,1,26 - 27,48.0,50.0,NUMBER,26 - 28,"The first quarter score was 26 for the Suns and 28 for the Pacers, not 27.",qwen_medium,p2_sent,16230.48
S026,3,1,12 - for - 12,85.0,89.0,NUMBER,7 - for - 7,"The story incorrectly states the Suns were 12-for-12 from the free throw line, but the JSON shows Goran Dragic was 7-for-7.",qwen_medium,p2_sent,16230.48
S026,3,2,0 - for - 3,96.0,100.0,NUMBER,5 - for - 6,"The story incorrectly states the Suns were 0-for-3 from the three-point line, but the JSON shows Goran Dragic was 5-for-6 from the three-point line.",qwen_medium,p2_sent,16230.48
S026,4,1,Eric,114.0,114.0,NAME,Goran,"The story mentions Eric Dragic, but the JSON shows Goran Dragic as the player with 34 points.",qwen_medium,p2_sent,16230.48
S026,4,2,Goran,117.0,117.0,NAME,Eric,"The story mentions Goran Dragic, but the JSON shows Eric Bledsoe as the player with 27 points.",qwen_medium,p2_sent,16230.48
S026,5,1,five,155.0,155.0,NUMBER,3,"The JSON shows Dragic had 3 rebounds, not 5.",qwen_medium,p2_sent,16230.48
S026,5,2,three,78.0,78.0,NUMBER,4,"The JSON shows Dragic had 4 steals, not 3.",qwen_medium,p2_sent,16230.48
S026,6,1,double - double,176.0,178.0,WORD,,The JSON does not indicate that Dragic recorded a double-double in this game.,qwen_medium,p2_sent,16230.48
S026,6,2,second,175.0,175.0,NUMBER,,The JSON does not provide information about Dragic's performance in the last five games.,qwen_medium,p2_sent,16230.48
S026,7,1,11 - 15,190.0,192.0,NUMBER,11 - 15,The field goal attempts for Goran Dragic are correctly stated as 11-15.,qwen_medium,p2_sent,16230.48
S026,7,2,5 - 6,195.0,197.0,NUMBER,5 - 6,The three-point field goals made and attempted for Goran Dragic are correctly stated as 5-6.,qwen_medium,p2_sent,16230.48
S026,7,3,7 - 7,200.0,202.0,NUMBER,7 - 7,The free throws made and attempted for Goran Dragic are correctly stated as 7-7.,qwen_medium,p2_sent,16230.48
S026,7,4,five,155.0,155.0,NUMBER,3,"Goran Dragic actually had 3 rebounds, not five.",qwen_medium,p2_sent,16230.48
S026,7,5,three,78.0,78.0,NUMBER,3,"Goran Dragic actually had 3 assists, which is correctly stated.",qwen_medium,p2_sent,16230.48
S026,7,6,four,237.0,237.0,NUMBER,4,"Goran Dragic actually had 4 steals, which is correctly stated.",qwen_medium,p2_sent,16230.48
S026,7,7,11 - 20,218.0,220.0,NUMBER,11 - 20,The field goal attempts for Eric Bledsoe are correctly stated as 11-20.,qwen_medium,p2_sent,16230.48
S026,7,8,5 - 6,195.0,197.0,NUMBER,1 - 4,The three-point field goals made and attempted for Eric Bledsoe are incorrectly stated as 5-6; it should be 1-4.,qwen_medium,p2_sent,16230.48
S026,7,9,4 - 7,228.0,230.0,NUMBER,4 - 5,The free throws made and attempted for Eric Bledsoe are incorrectly stated as 4-7; it should be 4-5.,qwen_medium,p2_sent,16230.48
S026,7,10,three,78.0,78.0,NUMBER,7,"Eric Bledsoe actually had 7 assists, not three.",qwen_medium,p2_sent,16230.48
S026,7,11,four,237.0,237.0,NUMBER,4,"Eric Bledsoe actually had 4 steals, which is correctly stated.",qwen_medium,p2_sent,16230.48
S026,8,1,second double - double,175.0,178.0,NUMBER,fifth,"The JSON indicates Roy Hibbert posted his fifth double-double, not his second.",qwen_medium,p2_sent,16230.48
S026,8,2,42 points,256.0,257.0,NUMBER,15 points,"The JSON shows Roy Hibbert scored 15 points in this game, not 42 points over his last two games.",qwen_medium,p2_sent,16230.48
S026,8,3,11 rebounds,259.0,260.0,NUMBER,10 rebounds,"The JSON shows Roy Hibbert had 10 rebounds in this game, not 11 rebounds over his last two games.",qwen_medium,p2_sent,16230.48
S026,9,1,6 - 14,279.0,281.0,NUMBER,5 - 14,"The JSON shows Roy Hibbert made 5 of 14 field goals, not 6 of 14.",qwen_medium,p2_sent,16230.48
S026,9,2,0 - 0,284.0,286.0,NUMBER,0 - 2,"The JSON shows Roy Hibbert attempted 2 three-point shots, not 0.",qwen_medium,p2_sent,16230.48
S026,10,1,10 points,316.0,317.0,NUMBER,15 points,"The JSON shows Roy Hibbert scored 15 points, not 10.",qwen_medium,p2_sent,16230.48
S026,10,2,16 rebounds,319.0,320.0,NUMBER,10 rebounds,"The JSON shows Roy Hibbert had 10 rebounds, not 16.",qwen_medium,p2_sent,16230.48
S026,11,1,4 - 4,348.0,350.0,NUMBER,4 - 0,"CJ Miles made 4 free throws out of 4 attempts, not 4 out of 4.",qwen_medium,p2_sent,16230.48
S026,12,1,second double - double,175.0,178.0,NUMBER,fifth,"The JSON indicates Roy Hibbert posted his fifth double-double, not his second.",qwen_medium,p2_sent,16230.48
S026,12,2,42 points,256.0,257.0,NUMBER,15 points,"The JSON shows Roy Hibbert scored 15 points in this game, not 42 points over his last two games.",qwen_medium,p2_sent,16230.48
S026,12,3,12 rebounds,378.0,379.0,NUMBER,10 rebounds,"The JSON shows Roy Hibbert had 10 rebounds in this game, not 12 rebounds over his last two games.",qwen_medium,p2_sent,16230.48
S026,13,1,6 - 14,279.0,281.0,NUMBER,15 - 14,"The JSON shows Roy Hibbert made 6 of 14 shots, not 6 of 14.",qwen_medium,p2_sent,16230.48
S026,13,2,0 - 0,284.0,286.0,NUMBER,0 - 0,"The JSON shows Roy Hibbert attempted 0 three-pointers, which matches the story.",qwen_medium,p2_sent,16230.48
S026,13,3,3 - 3,289.0,291.0,NUMBER,3 - 3,"The JSON shows Roy Hibbert made 3 of 3 free throws, which matches the story.",qwen_medium,p2_sent,16230.48
S026,14,1,10 points,316.0,317.0,NUMBER,15 points,"The JSON shows David West scored 10 points, but the story incorrectly states he is averaging 10 points.",qwen_medium,p2_sent,16230.48
S026,14,2,6 rebounds,427.0,428.0,NUMBER,6 rebounds,"The JSON shows David West had 6 rebounds, but the story incorrectly states he is averaging 6 rebounds.",qwen_medium,p2_sent,16230.48
S026,15,1,4 - 4,348.0,350.0,NUMBER,4 - 0,"CJ Miles made 4 free throws out of 4 attempts, not 4 out of 4.",qwen_medium,p2_sent,16230.48
S026,16,1,6,135.0,135.0,NUMBER,4,"The JSON shows David West had 6 rebounds, not 4.",qwen_medium,p2_sent,16230.48
S026,17,1,CJ Miles,324.0,325.0,WORD,Goran Dragic,CJ Miles was not a starter; Goran Dragic was the only other starter to reach double figures in points.,qwen_medium,p2_sent,16230.48
S026,18,1,17,335.0,335.0,NUMBER,14,"The story states 17 points, but the JSON shows 14 points for CJ Miles.",qwen_medium,p2_sent,16230.48
S026,18,2,seven,530.0,530.0,NUMBER,2,"The story states seven rebounds, but the JSON shows 2 rebounds for CJ Miles.",qwen_medium,p2_sent,16230.48
S026,18,3,steal,534.0,534.0,NUMBER,1,"The story states one steal, which is correct according to the JSON.",qwen_medium,p2_sent,16230.48
S026,19,1,at home,543.0,544.0,WORD,on the road,The JSON states the Suns' next game is on the road against the Dallas Mavericks.,qwen_medium,p2_sent,16230.48
S026,19,2,Toronto Raptors,547.0,548.0,NAME,Dallas Mavericks,"The JSON states the Suns' next game is against the Dallas Mavericks, not the Toronto Raptors.",qwen_medium,p2_sent,16230.48
S026,19,3,Pacers will be at home,554.0,558.0,WORD,will travel to Portland,"The JSON states the Pacers' next game is in Portland against the Trail Blazers, not at home.",qwen_medium,p2_sent,16230.48
S026,19,4,Brooklyn Nets,561.0,562.0,NAME,Trail Blazers,"The JSON states the Pacers' next game is against the Trail Blazers, not the Brooklyn Nets.",qwen_medium,p2_sent,16230.48
S027,1,1,defeated,10.0,10.0,WORD,lost to,"The Knicks lost to the Rockets, not defeated them.",qwen_medium,p2_sent,16230.48
S027,1,2,111 - 111,19.0,21.0,NUMBER,111 - 116,"The final score was 111-116, not 111-111.",qwen_medium,p2_sent,16230.48
S027,1,3,Wednesday,23.0,23.0,NAME,Sunday,"The game was played on Sunday, not Wednesday.",qwen_medium,p2_sent,16230.48
S027,2,1,out - scoring the Knicks,44.0,48.0,CONTEXT,,"The sentence incorrectly states the Knicks out-scored the Knicks, which is logically incorrect.",qwen_medium,p2_sent,16230.48
S027,2,2,25 - 21,49.0,51.0,NUMBER,"25, 21","The first quarter scores are correct, but the sentence is logically flawed as it states the Knicks out-scored themselves.",qwen_medium,p2_sent,16230.48
S027,3,1,Rockets,13.0,13.0,NUMBER,Knicks,The story incorrectly states the Rockets shot 58% from the field; the JSON shows the Knicks shot 58%.,qwen_medium,p2_sent,16230.48
S027,3,2,Rockets,13.0,13.0,NUMBER,Knicks,The story incorrectly states the Rockets shot 33% from the three-point line; the JSON shows the Knicks shot 33% from the three-point line.,qwen_medium,p2_sent,16230.48
S027,4,1,seven,144.0,144.0,NUMBER,5,"The JSON shows Arron Afflalo had 5 rebounds, not 7.",qwen_medium,p2_sent,16230.48
S027,4,2,three,79.0,79.0,NUMBER,5,"The JSON shows Arron Afflalo had 5 assists, not 3.",qwen_medium,p2_sent,16230.48
S027,5,1,career - high,158.0,160.0,WORD,season-high,"The JSON indicates this was a season-high, not a career-high.",qwen_medium,p2_sent,16230.48
S027,5,2,seven,144.0,144.0,NUMBER,5,"The JSON shows Afflalo had 5 rebounds, not 7.",qwen_medium,p2_sent,16230.48
S027,6,1,45,206.0,206.0,NUMBER,27,"The JSON shows Kevin Seraphin scored 14 points in this game, not 45 combined over two games.",qwen_medium,p2_sent,16230.48
S027,6,2,10,8.0,8.0,NUMBER,7,"The JSON shows Kevin Seraphin had 7 rebounds in this game, not 10 combined over two games.",qwen_medium,p2_sent,16230.48
S027,8,1,Wednesday,23.0,23.0,DAY,Monday,"The JSON indicates the Rockets' next game is on Monday, not Wednesday.",qwen_medium,p2_sent,16230.48
S028,1,1,Saturday,17.0,17.0,NAME,Wednesday,"The game was played on Wednesday, not Saturday according to the JSON.",qwen_medium,p2_sent,16230.48
S028,2,1,Wizards,3.0,3.0,NAME,76ers,"The 'Trust the Process' slogan is associated with the Philadelphia 76ers, not the Wizards.",qwen_medium,p2_sent,16230.48
S028,2,2,31 - 21,23.0,25.0,NUMBER,31-21,"The record 31-21 is correct for the Wizards, but the context is incorrect as the 'Trust the Process' slogan is not associated with the Wizards.",qwen_medium,p2_sent,16230.48
S028,3,1,9 - 21,70.0,72.0,NUMBER,9 - 44,"The Nets' record is 9-44, not 9-21.",qwen_medium,p2_sent,16230.48
S028,4,1,31 - 44,102.0,104.0,NUMBER,31 - 21,"The Wizards' record is 31-21, not 31-44.",qwen_medium,p2_sent,16230.48
S028,4,2,59 - 48,123.0,125.0,NUMBER,59 - 49,"The halftime deficit was 59-49, not 59-48.",qwen_medium,p2_sent,16230.48
S028,5,1,23,140.0,140.0,NUMBER,23,"John Wall scored 23 points, which matches the story.",qwen_medium,p2_sent,16230.48
S028,5,2,2,155.0,155.0,NUMBER,12,"John Wall had 12 assists, not 2 as stated in the story.",qwen_medium,p2_sent,16230.48
S028,5,3,2,155.0,155.0,NUMBER,2,"John Wall had 2 steals, which matches the story.",qwen_medium,p2_sent,16230.48
S028,5,4,23,140.0,140.0,NUMBER,31,"Bradley Beal scored 31 points, not 23 as stated in the story.",qwen_medium,p2_sent,16230.48
S028,5,5,6,,,NUMBER,6,"Bradley Beal had 6 rebounds, which matches the story.",qwen_medium,p2_sent,16230.48
S028,5,6,2,155.0,155.0,NUMBER,2,"Bradley Beal had 2 assists, which matches the story.",qwen_medium,p2_sent,16230.48
S028,5,7,2,155.0,155.0,NUMBER,2,"Bradley Beal had 2 steals, which matches the story.",qwen_medium,p2_sent,16230.48
S028,7,1,led the second unit,204.0,207.0,WORD,,"Jason Smith led the second unit, not Sean Kilpatrick.",qwen_medium,p2_sent,16230.48
S028,8,1,Brooklyn,6.0,6.0,NAME,Washington,"The JSON indicates that Bradley Beal played for Washington, not Brooklyn.",qwen_medium,p2_sent,16230.48
S028,12,1,led the second unit,204.0,207.0,WORD,,"Jason Smith led the second unit, not Sean Kilpatrick.",qwen_medium,p2_sent,16230.48
S028,13,1,Nets,7.0,7.0,NAME,Wizards,"The sentence incorrectly states that Bradley Beal led the Nets, when he actually led the Wizards.",qwen_medium,p2_sent,16230.48
S028,13,2,31,23.0,23.0,NUMBER,21,"The sentence incorrectly states that Bradley Beal scored 31 points, when the correct number is 21 points for Bogdanovic, who led the Nets.",qwen_medium,p2_sent,16230.48
S028,16,1,led the second unit,204.0,207.0,WORD,,"Jason Smith led the second unit, not Sean Kilpatrick.",qwen_medium,p2_sent,16230.48
S028,17,1,Detroit Pistons,405.0,406.0,NAME,Indiana Pacers,"The story incorrectly states the Nets will play the Detroit Pistons, but the JSON indicates they will play the Indiana Pacers.",qwen_medium,p2_sent,16230.48
S028,17,2,Phoenix Suns,419.0,420.0,NAME,Miami Heat,"The story incorrectly states the Nets will play the Phoenix Suns, but the JSON indicates they will play the Miami Heat.",qwen_medium,p2_sent,16230.48
S029,2,1,hot start,34.0,35.0,CONTEXT,,"The JSON does not provide information about the Timberwolves' season start, only their current record.",qwen_medium,p2_sent,16230.48
S029,2,2,33 - 19,46.0,48.0,NUMBER,33 - 19,The JSON confirms the Timberwolves led 33-19 after the first quarter.,qwen_medium,p2_sent,16230.48
S029,6,1,11,77.0,77.0,NUMBER,11,The JSON confirms Deron Williams scored 11 points.,qwen_medium,p2_sent,16230.48
S029,6,2,seven,155.0,155.0,NUMBER,7,The JSON confirms Deron Williams had 7 assists.,qwen_medium,p2_sent,16230.48
S029,6,3,two,139.0,139.0,NUMBER,2,The JSON confirms Deron Williams had 2 rebounds.,qwen_medium,p2_sent,16230.48
S029,6,4,one,51.0,51.0,NUMBER,1,The JSON confirms Deron Williams had 1 steal.,qwen_medium,p2_sent,16230.48
S029,7,1,37,173.0,173.0,NUMBER,37,The story correctly states Wesley Matthews scored 37 points.,qwen_medium,p2_sent,16230.48
S029,7,2,bench,170.0,170.0,WORD,start,"Wesley Matthews is listed as a starter (G) in the box score, not coming off the bench.",qwen_medium,p2_sent,16230.48
S029,7,3,five,180.0,180.0,NUMBER,4,"Wesley Matthews had 4 rebounds, not five, according to the box score.",qwen_medium,p2_sent,16230.48
S029,8,1,11,77.0,77.0,NUMBER,11,The points are correct according to the JSON.,qwen_medium,p2_sent,16230.48
S029,8,2,seven,155.0,155.0,NUMBER,7,The assists are correct according to the JSON.,qwen_medium,p2_sent,16230.48
S029,8,3,two,139.0,139.0,NUMBER,1,The rebounds are incorrect; Deron Williams had 1 rebound according to the JSON.,qwen_medium,p2_sent,16230.48
S029,8,4,one,51.0,51.0,NUMBER,1,The steals are correct according to the JSON.,qwen_medium,p2_sent,16230.48
S029,9,1,14,210.0,210.0,NUMBER,0,The JSON shows J.J. Barea scored 0 points.,qwen_medium,p2_sent,16230.48
S029,9,2,four,183.0,183.0,NUMBER,4,"The JSON shows J.J. Barea had 4 assists, which matches the story.",qwen_medium,p2_sent,16230.48
S029,9,3,two,139.0,139.0,NUMBER,2,"The JSON shows J.J. Barea had 2 rebounds, which matches the story.",qwen_medium,p2_sent,16230.48
S029,9,4,two,139.0,139.0,NUMBER,0,The JSON shows J.J. Barea had 0 steals.,qwen_medium,p2_sent,16230.48
S029,10,1,14,210.0,210.0,NUMBER,0,The JSON shows JJ Barea scored 0 points.,qwen_medium,p2_sent,16230.48
S029,10,2,four,183.0,183.0,NUMBER,4,"The JSON shows JJ Barea had 4 assists, which matches the story.",qwen_medium,p2_sent,16230.48
S029,10,3,two,139.0,139.0,NUMBER,2,"The JSON shows JJ Barea had 2 rebounds, which matches the story.",qwen_medium,p2_sent,16230.48
S029,10,4,one,51.0,51.0,NUMBER,0,The JSON shows JJ Barea had 0 steals.,qwen_medium,p2_sent,16230.48
S029,11,1,12,22.0,22.0,NUMBER,4,"The JSON shows J.J. Barea scored 4 points, not 12.",qwen_medium,p2_sent,16230.48
S029,11,2,four,183.0,183.0,NUMBER,4,"The JSON shows J.J. Barea had 4 assists, which matches the story.",qwen_medium,p2_sent,16230.48
S029,11,3,two,139.0,139.0,NUMBER,2,"The JSON shows J.J. Barea had 2 rebounds, which matches the story.",qwen_medium,p2_sent,16230.48
S029,11,4,one,51.0,51.0,NUMBER,1,"The JSON shows J.J. Barea had 1 steal, which matches the story.",qwen_medium,p2_sent,16230.48
S029,14,1,three blocks,310.0,311.0,NUMBER,3,"The JSON shows Karl-Anthony Towns had 3 blocks, not three blocks.",qwen_medium,p2_sent,16230.48
S029,14,2,three blocks,310.0,311.0,WORD,3,"The JSON shows Karl-Anthony Towns had 3 blocks, not three blocks.",qwen_medium,p2_sent,16230.48
S029,15,1,one,51.0,51.0,NUMBER,3,"The story says Andrew Wiggins had one block, but the JSON shows he had 3 blocks.",qwen_medium,p2_sent,16230.48
S029,16,1,11,77.0,77.0,NUMBER,11,The JSON confirms Shabazz Muhammad scored 11 points.,qwen_medium,p2_sent,16230.48
S029,16,2,two,139.0,139.0,NUMBER,2,The JSON confirms Shabazz Muhammad had 2 rebounds.,qwen_medium,p2_sent,16230.48
S029,16,3,two,139.0,139.0,NUMBER,0,"The JSON shows Shabazz Muhammad had 0 assists, not 2.",qwen_medium,p2_sent,16230.48
S029,16,4,two,139.0,139.0,NUMBER,0,"The JSON shows Shabazz Muhammad had 0 steals, not 2.",qwen_medium,p2_sent,16230.48
S029,17,1,11,77.0,77.0,NUMBER,11,The story correctly states Shabazz Muhammad scored 11 points.,qwen_medium,p2_sent,16230.48
S029,17,2,two,139.0,139.0,NUMBER,2,The story correctly states Shabazz Muhammad had 2 rebounds.,qwen_medium,p2_sent,16230.48
S029,17,3,two,139.0,139.0,NUMBER,0,The story incorrectly states Shabazz Muhammad had 2 assists; the JSON shows 0 assists.,qwen_medium,p2_sent,16230.48
S029,17,4,two,139.0,139.0,NUMBER,0,The story incorrectly states Shabazz Muhammad had 2 steals; the JSON shows 0 steals.,qwen_medium,p2_sent,16230.48
S030,1,1,Wednesday,18.0,18.0,NAME,Monday,"The game was played on Monday, not Wednesday according to the JSON.",qwen_medium,p2_sent,16230.48
S030,2,1,overtime,35.0,35.0,WORD,,The game was not in overtime; the final score was 110-94.,qwen_medium,p2_sent,16230.48
S030,3,1,34 - 21,58.0,60.0,NUMBER,"34, 21","The story states the Pacers outscored the Hornets 34-21 in the fourth quarter, but the JSON shows the scores as 34 for the Pacers and 21 for the Hornets in the fourth quarter.",qwen_medium,p2_sent,16230.48
S030,4,1,42 - 34,83.0,85.0,NUMBER,42 - 46,"The story states the Pacers won the rebound battle 42-34, but the JSON shows the Hornets had 46 rebounds.",qwen_medium,p2_sent,16230.48
S030,5,1,14 - 11,90.0,92.0,NUMBER,14-11,"The JSON shows the Hornets' record as 14-11, which matches the story.",qwen_medium,p2_sent,16230.48
S030,6,1,12,126.0,126.0,NUMBER,12,"The story correctly states Kemba Walker scored 12 points, which matches the JSON.",qwen_medium,p2_sent,16230.48
S030,7,1,second,49.0,49.0,WORD,tied for second,"Batum's 13 points tie him with Marvin Williams, not make him second.",qwen_medium,p2_sent,16230.48
S030,8,1,seven,101.0,101.0,NUMBER,6,"Cody Zeller had 6 rebounds, not 7.",qwen_medium,p2_sent,16230.48
S030,8,2,two,129.0,129.0,NUMBER,2,"Cody Zeller had 2 blocks, which is correct.",qwen_medium,p2_sent,16230.48
S030,9,1,Los Angeles Clippers,188.0,190.0,NAME,Washington Wizards,"The next game for the Hornets is against the Washington Wizards, not the Los Angeles Clippers.",qwen_medium,p2_sent,16230.48
S030,9,2,Monday,192.0,192.0,NUMBER,Wednesday,"The next game for the Hornets is on Wednesday, not Monday.",qwen_medium,p2_sent,16230.48
S030,12,1,second,49.0,49.0,WORD,co-led,"The JSON shows Myles Turner co-led the team with 22 points, not was second.",qwen_medium,p2_sent,16230.48
