TEXT_ID,SENTENCE_ID,ANNOTATION_ID,TOKENS,DOC_TOKEN_START,DOC_TOKEN_END,TYPE,CORRECTION,COMMENT,MODEL,PROMPT_KEY,TIME_SECONDS
S001,1,1,", 113 - 107 ,",,,NUMBER,", 113 - 107",Extra comma before the score.,qwen_medium,p3_sent,16327.22
S001,1,2,Wednesday,18.0,18.0,WORD,"February 3, 2017","The day of the week is not provided in the box score, but the date is available.",qwen_medium,p3_sent,16327.22
S001,2,1,30 - point,,,NUMBER,12-point,"The Celtics won by 12 points, not 30.",qwen_medium,p3_sent,16327.22
S001,3,1,six assists,,,NUMBER,4 assists,"Isaiah Thomas had 4 assists, not 6.",qwen_medium,p3_sent,16327.22
S001,3,2,two rebounds,,,NUMBER,2 rebounds,"Isaiah Thomas had 2 rebounds, which is correct.",qwen_medium,p3_sent,16327.22
S001,3,3,a steal,,,NUMBER,1 steal,"Isaiah Thomas had 1 steal, not a single steal.",qwen_medium,p3_sent,16327.22
S001,4,1,a block,107.0,108.0,NUMBER,1 block,"Al Horford had 1 block, not just 'a block'.",qwen_medium,p3_sent,16327.22
S001,5,1,18,25.0,25.0,NUMBER,18,"The points are correct, but the box score shows Jae Crowder had 18 points, not 18.",qwen_medium,p3_sent,16327.22
S001,5,2,12,120.0,120.0,NUMBER,6,"The box score shows Jae Crowder had 6 rebounds, not 12.",qwen_medium,p3_sent,16327.22
S001,6,1,an assist,129.0,130.0,NUMBER,1 assist,"Jae Crowder had 1 assist, not 'an assist'.",qwen_medium,p3_sent,16327.22
S001,6,2,a pair of steals,152.0,155.0,NUMBER,2 steals,"Jae Crowder had 2 steals, not 'a pair of steals'.",qwen_medium,p3_sent,16327.22
S001,7,1,an assist,129.0,130.0,NUMBER,1 assist,"Jae Crowder had 1 assist, not an assist.",qwen_medium,p3_sent,16327.22
S001,7,2,two steals,132.0,133.0,NUMBER,2 steals,"Jae Crowder had 2 steals, which is correct.",qwen_medium,p3_sent,16327.22
S001,8,1,a block,107.0,108.0,NUMBER,1 block,"Al Horford had 1 block, not just 'a block'.",qwen_medium,p3_sent,16327.22
S001,9,1,10,196.0,196.0,NUMBER,7,"Kelly Olynyk scored 7 points, not 10.",qwen_medium,p3_sent,16327.22
S001,9,2,nine,199.0,199.0,NUMBER,9,"Kelly Olynyk had 9 rebounds, which is correct.",qwen_medium,p3_sent,16327.22
S001,9,3,two,85.0,85.0,NUMBER,2,"Kelly Olynyk had 2 assists, which is correct.",qwen_medium,p3_sent,16327.22
S001,9,4,a pair of,152.0,154.0,NUMBER,0,"Kelly Olynyk had 0 steals, not a pair (2).",qwen_medium,p3_sent,16327.22
S001,10,1,Friday night,223.0,224.0,CONTEXT,,"The box score does not provide information about future games, so this cannot be verified.",qwen_medium,p3_sent,16327.22
S001,10,2,Wednesday night,238.0,239.0,CONTEXT,,"The box score does not provide information about future games, so this cannot be verified.",qwen_medium,p3_sent,16327.22
S002,1,1,Atlanta Hawks,2.0,3.0,NAME,Cleveland Cavaliers,Incorrect team name for the home team.,qwen_medium,p3_sent,16327.22
S002,1,2,110 - 110,9.0,11.0,NUMBER,110 - 106,Incorrect final score.,qwen_medium,p3_sent,16327.22
S002,1,3,Saturday,18.0,18.0,WORD,Tuesday,Incorrect day of the week.,qwen_medium,p3_sent,16327.22
S002,2,1,struggling,26.0,26.0,CONTEXT,,The teams are not described as struggling in the box score or summary.,qwen_medium,p3_sent,16327.22
S002,3,1,Hawks out,,,WORD,Cavaliers out,"The sentence incorrectly states that the Hawks outscored the Hawks, which is illogical.",qwen_medium,p3_sent,16327.22
S002,3,2,37 - 20,50.0,52.0,NUMBER,27 - 20,The fourth quarter score is incorrect according to the box score.,qwen_medium,p3_sent,16327.22
S002,4,1,19 turnovers,78.0,79.0,NUMBER,6 turnovers,"The box score shows the Cavaliers had 6 turnovers, not 19.",qwen_medium,p3_sent,16327.22
S002,4,2,21 assists,75.0,76.0,NUMBER,21 assists,"The box score confirms the Cavaliers had 21 assists, so this is correct.",qwen_medium,p3_sent,16327.22
S002,5,1,three,102.0,102.0,NUMBER,two,"The Hawks have won two of their last five games, not three.",qwen_medium,p3_sent,16327.22
S002,6,1,17 points,127.0,128.0,NUMBER,7 points,"Dwight Howard scored 7 points, not 17.",qwen_medium,p3_sent,16327.22
S002,6,2,3 of 5,,,NUMBER,3 of 4,"Dwight Howard made 3 of 4 field goals, not 3 of 5.",qwen_medium,p3_sent,16327.22
S002,7,1,tallying 25 points,150.0,152.0,NUMBER,25 points,"The number of points is correct, but the verb 'tallying' is incorrect; it should be 'totaling'.",qwen_medium,p3_sent,16327.22
S002,8,1,Kent Bazemore,143.0,144.0,NUMBER,"25 points, 6 rebounds, 3 assists","The sentence correctly states Bazemore's stats, but the box score shows he had 25 points, 6 rebounds, and 3 assists, not '25 points, six rebounds and three assists'.",qwen_medium,p3_sent,16327.22
S002,9,1,Sunday,188.0,188.0,WORD,Wednesday,"The box score indicates the next game is on Wednesday, not Sunday.",qwen_medium,p3_sent,16327.22
S002,10,1,have now won,99.0,101.0,CONTEXT,,"The sentence implies recent improvement, but the box score shows they lost this game.",qwen_medium,p3_sent,16327.22
S002,11,1,23,236.0,236.0,NUMBER,29,"LeBron James scored 29 points, not 23.",qwen_medium,p3_sent,16327.22
S002,12,1,second,248.0,248.0,WORD,leading,"Kyrie Irving had the most points, not the second most.",qwen_medium,p3_sent,16327.22
S002,13,1,11,277.0,277.0,NUMBER,12,"Kevin Love actually had 12 rebounds, not 11.",qwen_medium,p3_sent,16327.22
S002,14,1,25 points,151.0,152.0,NUMBER,0 points,Tristan Thompson scored 0 points according to the box score.,qwen_medium,p3_sent,16327.22
S002,14,2,off the bench,289.0,291.0,WORD,as a starter,"Tristan Thompson started the game, not coming off the bench.",qwen_medium,p3_sent,16327.22
S002,15,1,Sunday,188.0,188.0,WORD,Friday,"The box score indicates the next game for the Cavaliers is on Friday, not Sunday.",qwen_medium,p3_sent,16327.22
S003,1,1,Saturday,17.0,17.0,WORD,Sunday,"The game was played on Sunday, not Saturday.",qwen_medium,p3_sent,16327.22
S003,2,1,Friday,51.0,51.0,WORD,Sunday,"The game was played on Sunday, not Friday.",qwen_medium,p3_sent,16327.22
S003,3,1,a steal,96.0,97.0,NUMBER,1 steal,"DeMar DeRozan had 1 steal, not just a steal mentioned without a number.",qwen_medium,p3_sent,16327.22
S003,4,1,16 - 10,,,NUMBER,"16 points, 10 assists","The number of assists is correct, but the points should be 16, not 16 - 10.",qwen_medium,p3_sent,16327.22
S003,5,1,a block and a block,151.0,155.0,NUMBER,1 block,The sentence incorrectly states three blocks when the box score shows only one block.,qwen_medium,p3_sent,16327.22
S003,6,1,a block and a block,151.0,155.0,NUMBER,3 blocks,"The sentence incorrectly states 'a block, a block and a block' instead of the correct number of blocks.",qwen_medium,p3_sent,16327.22
S003,7,1,a steal,96.0,97.0,NUMBER,1 steal,"Terrence Ross had 1 steal, not a steal.",qwen_medium,p3_sent,16327.22
S003,7,2,a block,126.0,127.0,NUMBER,1 block,"Terrence Ross had 1 block, not a block.",qwen_medium,p3_sent,16327.22
S003,8,1,seventh,225.0,225.0,NUMBER,third,"The Raptors are in third place in the Eastern Conference, not seventh.",qwen_medium,p3_sent,16327.22
S003,9,1,Charlotte to take on the,236.0,240.0,NAME,Orlando to play the,"The game mentioned is in Orlando, not Charlotte.",qwen_medium,p3_sent,16327.22
S003,9,2,Hornets,241.0,241.0,NAME,Heat,"The team mentioned is the Miami Heat, not the Charlotte Hornets.",qwen_medium,p3_sent,16327.22
S003,9,3,Friday night,243.0,244.0,WORD,Tuesday,"The game is scheduled for Tuesday, not Friday.",qwen_medium,p3_sent,16327.22
S003,10,1,Elfrid Payton,,,NAME,Evan Fournier,Elfrid Payton did not lead the team in scoring; Evan Fournier did.,qwen_medium,p3_sent,16327.22
S003,10,2,13 points,,,NUMBER,15 points,"Elfrid Payton scored 13 points, but the story incorrectly attributes this to the leading scorer.",qwen_medium,p3_sent,16327.22
S003,10,3,three assists,,,NUMBER,3 assists,"Elfrid Payton had 3 assists, but the story incorrectly attributes this to the leading scorer.",qwen_medium,p3_sent,16327.22
S003,10,4,two rebounds,,,NUMBER,3 rebounds,"Elfrid Payton had 2 rebounds, but the story incorrectly attributes this to the leading scorer.",qwen_medium,p3_sent,16327.22
S003,10,5,a steal,,,NUMBER,1 steal,"Elfrid Payton had 1 steal, but the story incorrectly attributes this to the leading scorer.",qwen_medium,p3_sent,16327.22
S003,11,1,10 - point,275.0,277.0,NUMBER,7 points,"Aaron Gordon scored 7 points, not 10.",qwen_medium,p3_sent,16327.22
S003,11,2,12 - rebound,279.0,281.0,NUMBER,1 rebound,"Aaron Gordon had 1 rebound, not 12.",qwen_medium,p3_sent,16327.22
S003,12,1,13,139.0,139.0,NUMBER,13 points,"The box score shows Elfrid Payton scored 13 points, which is correct.",qwen_medium,p3_sent,16327.22
S003,12,2,two,197.0,197.0,NUMBER,3 assists,"The box score shows Elfrid Payton had 3 assists, not two.",qwen_medium,p3_sent,16327.22
S003,12,3,two,197.0,197.0,NUMBER,2 rebounds,"The box score shows Elfrid Payton had 2 rebounds, which is correct.",qwen_medium,p3_sent,16327.22
S003,12,4,a,55.0,55.0,NUMBER,1 steal,"The box score shows Elfrid Payton had 1 steal, not a single steal.",qwen_medium,p3_sent,16327.22
S003,13,1,10 - 12,,,NUMBER,"7 points, 1 rebound","Aaron Gordon scored 7 points and had 1 rebound, not 10 points and 12 rebounds.",qwen_medium,p3_sent,16327.22
S003,14,1,11 points,194.0,195.0,NUMBER,0 points,D.J. Augustin scored 0 points according to the box score.,qwen_medium,p3_sent,16327.22
S003,14,2,three rebounds,120.0,121.0,NUMBER,3 rebounds,"D.J. Augustin had 3 rebounds, which is correct.",qwen_medium,p3_sent,16327.22
S003,14,3,two assists,305.0,306.0,NUMBER,2 assists,"D.J. Augustin had 2 assists, which is correct.",qwen_medium,p3_sent,16327.22
S003,14,4,a pair of steals,362.0,365.0,NUMBER,2 steals,"D.J. Augustin had 2 steals, which is correct.",qwen_medium,p3_sent,16327.22
S003,15,1,last place,371.0,372.0,CONTEXT,not last place,The Raptors are not in last place in the Southeast Division according to the provided box score.,qwen_medium,p3_sent,16327.22
S003,16,1,Friday,51.0,51.0,WORD,Sunday,"The game was played on Sunday, not Friday.",qwen_medium,p3_sent,16327.22
S004,1,1,Vivint Smart Home Arena,,,NAME,"Vivint Smart Home Arena is not mentioned in the box score, but the home team is the Utah Jazz, so the venue can be inferred.","The venue is not provided in the box score, but it is implied to be the home arena of the Utah Jazz.",qwen_medium,p3_sent,16327.22
S004,2,1,one of the best,32.0,35.0,CONTEXT,,The statement about the Jazz being one of the best teams in the NBA this season is not supported by the box score.,qwen_medium,p3_sent,16327.22
S004,3,1,16,72.0,72.0,NUMBER,31,"The Jazz outscored the Lakers by 31-24 in the fourth quarter, not by 16.",qwen_medium,p3_sent,16327.22
S004,4,1,24 percent,,,NUMBER,24,The story correctly states the Jazz held the Lakers to 24 percent from three-point range.,qwen_medium,p3_sent,16327.22
S004,5,1,43 - 24,120.0,122.0,NUMBER,47 - 43,"The rebounding numbers are incorrect; the Jazz had 47 rebounds, and the Lakers had 43.",qwen_medium,p3_sent,16327.22
S004,6,1,Kobe Bryant,137.0,138.0,NAME,None,"Kobe Bryant is not mentioned in the box score, and there is no indication he was absent from the game.",qwen_medium,p3_sent,16327.22
S004,7,1,D'Angelo Russell,153.0,154.0,NUMBER,Lou Williams,D'Angelo Russell did not lead the team in scoring; Lou Williams did.,qwen_medium,p3_sent,16327.22
S004,7,2,17 points,164.0,165.0,NUMBER,9 points,"D'Angelo Russell scored 9 points, not 17.",qwen_medium,p3_sent,16327.22
S004,7,3,five rebounds,167.0,168.0,NUMBER,5 rebounds,"D'Angelo Russell had 5 rebounds, which is correct, but this is part of the incorrect statement about him leading the team.",qwen_medium,p3_sent,16327.22
S004,7,4,five assists,170.0,171.0,NUMBER,4 assists,"D'Angelo Russell had 4 assists, not 5.",qwen_medium,p3_sent,16327.22
S004,8,1,12 rebounds,190.0,191.0,NUMBER,10 rebounds,"Luol Deng actually had 10 rebounds, not 12.",qwen_medium,p3_sent,16327.22
S004,9,1,D'Angelo Russell,,,NAME,Lou Williams,D'Angelo Russell did not lead the Lakers in scoring; Lou Williams did.,qwen_medium,p3_sent,16327.22
S004,9,2,17 points,,,NUMBER,9 points,"D'Angelo Russell scored 9 points, not 17.",qwen_medium,p3_sent,16327.22
S004,9,3,five rebounds,,,NUMBER,5 rebounds,"D'Angelo Russell had 5 rebounds, which is correct.",qwen_medium,p3_sent,16327.22
S004,9,4,five assists,,,NUMBER,4 assists,"D'Angelo Russell had 4 assists, not 5.",qwen_medium,p3_sent,16327.22
S004,10,1,12 rebounds,190.0,191.0,NUMBER,10 rebounds,"Luol Deng actually had 10 rebounds, not 12.",qwen_medium,p3_sent,16327.22
S004,11,1,Portland Trail Blazers,244.0,246.0,NAME,Los Angeles Clippers,"The box score indicates the Lakers are playing the Clippers, not the Trail Blazers.",qwen_medium,p3_sent,16327.22
S004,12,1,have now won four of,257.0,261.0,NUMBER,have now won one of,"The Jazz have only won one game, not four.",qwen_medium,p3_sent,16327.22
S004,12,2,their last five games,262.0,265.0,NUMBER,their last one game,"The Jazz have only played two games, not five.",qwen_medium,p3_sent,16327.22
S004,13,1,three rebounds,291.0,292.0,NUMBER,3 rebounds,"The number of rebounds is correct, but the story incorrectly states 'three' instead of '3'.",qwen_medium,p3_sent,16327.22
S004,14,1,13,313.0,313.0,NUMBER,15,"Rudy Gobert scored 15 points, not 13.",qwen_medium,p3_sent,16327.22
S004,15,1,13 rebounds,316.0,317.0,NUMBER,13 points and 13 rebounds,"The number of rebounds is correct, but the number of points is incorrect.",qwen_medium,p3_sent,16327.22
S004,16,1,13 points,,,NUMBER,"13 points, 13 rebounds and 4 blocks","Rudy Gobert actually scored 13 points, had 13 rebounds, and 4 blocks.",qwen_medium,p3_sent,16327.22
S004,17,1,Portland Trail Blazers,244.0,246.0,NAME,Los Angeles Clippers,"The Jazz are playing the Los Angeles Clippers, not the Portland Trail Blazers.",qwen_medium,p3_sent,16327.22
S005,1,1,15,27.0,27.0,NUMBER,13,"The box score shows the Magic had 13 turnovers, not 15.",qwen_medium,p3_sent,16327.22
S005,1,2,from the Hawks,29.0,31.0,WORD,from the Magic,"The turnovers were from the Magic, not the Hawks.",qwen_medium,p3_sent,16327.22
S005,2,1,one steal,64.0,65.0,NUMBER,two steals,"Paul Millsap had two steals, not one.",qwen_medium,p3_sent,16327.22
S005,3,1,one steal,64.0,65.0,NUMBER,no steals,Paul Millsap did not record any steals according to the box score.,qwen_medium,p3_sent,16327.22
S005,4,1,one block,108.0,109.0,NUMBER,1 block,"The box score shows Dwight Howard had 1 block, not 'one block'.",qwen_medium,p3_sent,16327.22
S005,5,1,27,117.0,117.0,NUMBER,8,"Kent Bazemore scored 8 points, not 27.",qwen_medium,p3_sent,16327.22
S005,6,1,27,117.0,117.0,NUMBER,8,"Kent Bazemore scored 8 points, not 27.",qwen_medium,p3_sent,16327.22
S005,7,1,Paul Millsap,38.0,39.0,NAME,"Tim Hardaway, Jr.","Paul Millsap did score 21 points, but he played for the Hawks, not Orlando.",qwen_medium,p3_sent,16327.22
S005,7,2,Orlando,154.0,154.0,NAME,Atlanta,"Paul Millsap played for the Hawks, not Orlando.",qwen_medium,p3_sent,16327.22
S005,8,1,one block,108.0,109.0,NUMBER,1 block,"The box score shows Dwight Howard had 1 block, not 'one block'.",qwen_medium,p3_sent,16327.22
S005,9,1,Kent Bazemore,111.0,112.0,NUMBER,Malcolm Delaney,"Malcolm Delaney, not Kent Bazemore, led the second unit with 12 points.",qwen_medium,p3_sent,16327.22
S005,9,2,three rebounds,120.0,121.0,NUMBER,1 rebound,"Malcolm Delaney had 1 rebound, not three.",qwen_medium,p3_sent,16327.22
S005,9,3,three assists,102.0,103.0,NUMBER,1 assist,"Malcolm Delaney had 1 assist, not three.",qwen_medium,p3_sent,16327.22
S005,9,4,two steals,126.0,127.0,NUMBER,0 steals,"Malcolm Delaney had 0 steals, not two.",qwen_medium,p3_sent,16327.22
S005,9,5,one block,108.0,109.0,NUMBER,0 blocks,"Malcolm Delaney had 0 blocks, not one.",qwen_medium,p3_sent,16327.22
S005,10,1,New York Knicks,229.0,231.0,NAME,Houston Rockets,"The Magic are scheduled to play the Houston Rockets, not the New York Knicks.",qwen_medium,p3_sent,16327.22
S005,10,2,Toronto Raptors,244.0,245.0,NAME,Utah Jazz,"The Hawks are scheduled to play the Utah Jazz, not the Toronto Raptors.",qwen_medium,p3_sent,16327.22
S006,1,1,defeated,9.0,9.0,WORD,were defeated by,"The sentence incorrectly states that the Rockets defeated the Nets, when the Nets actually won.",qwen_medium,p3_sent,16327.22
S006,1,2,Friday,22.0,22.0,WORD,Tuesday,"The day of the game is incorrect; the game was played on Tuesday, not Friday.",qwen_medium,p3_sent,16327.22
S006,2,1,double - digit,,,NUMBER,not specified in the box score,The box score does not provide information about the betting line or the Nets being favorites.,qwen_medium,p3_sent,16327.22
S006,3,1,10 points,,,NUMBER,10 points,"The number of points is correct, but the context is misleading as it implies a win, which is not supported by the box score.",qwen_medium,p3_sent,16327.22
S006,3,2,in the win,,,CONTEXT,in the loss,"The sentence incorrectly states that James Harden's performance was in a win, when the box score shows the Rockets lost the game.",qwen_medium,p3_sent,16327.22
S006,4,1,Trevor Ariza,,,NAME,Clint Capela,Trevor Ariza did not start the game; Clint Capela did.,qwen_medium,p3_sent,16327.22
S006,4,2,2 points,,,NUMBER,6 points,"Trevor Ariza scored 2 points, but the sentence incorrectly attributes this to a starter who did not play as much.",qwen_medium,p3_sent,16327.22
S006,4,3,four rebounds,,,NUMBER,9 rebounds,"Clint Capela, the actual starter, had 9 rebounds, not 4.",qwen_medium,p3_sent,16327.22
S006,4,4,four assists,,,NUMBER,0 assists,"Clint Capela had 0 assists, not 4.",qwen_medium,p3_sent,16327.22
S006,5,1,Orlando Magic,102.0,103.0,NAME,Wizards,"The Rockets are playing the Wizards, not the Orlando Magic, on Wednesday.",qwen_medium,p3_sent,16327.22
S006,6,1,Brook Lopez,,,NAME,Brook Lopez did play in this game,"The sentence incorrectly states that the Nets played without Brook Lopez, but the box score shows he played and scored 24 points.",qwen_medium,p3_sent,16327.22
S006,7,1,Brook Lopez,,,NAME,Brook Lopez,"The name is correct, but the context suggests a potential issue.",qwen_medium,p3_sent,16327.22
S006,8,1,Thaddeus Young,163.0,164.0,CONTEXT,,"Thaddeus Young was indeed one of the starters in double figures, but the sentence implies he was the only one, which is misleading.",qwen_medium,p3_sent,16327.22
S006,9,1,Friday,22.0,22.0,WORD,Thursday,"The Nets are playing against the Sixers on Thursday, not Friday.",qwen_medium,p3_sent,16327.22
S007,1,1,Russell Westbrook and Russell Westbrook,,,WORD,Russell Westbrook,Redundant mention of Russell Westbrook.,qwen_medium,p3_sent,16327.22
S007,1,2,Sleep Train Arena,,,NAME,Golden 1 Center,Incorrect arena name.,qwen_medium,p3_sent,16327.22
S007,2,1,seven assists,39.0,40.0,NUMBER,10 assists,"The box score shows Westbrook had 10 assists, not seven.",qwen_medium,p3_sent,16327.22
S007,2,2,three steals,78.0,79.0,NUMBER,4 steals,"The box score shows Westbrook had 4 steals, not three.",qwen_medium,p3_sent,16327.22
S007,3,1,10 - of - 18,,,NUMBER,11 - of - 18,Kanter's shooting percentage is incorrectly stated.,qwen_medium,p3_sent,16327.22
S007,4,1,while the Kings,138.0,140.0,CONTEXT,,"The sentence is redundant, mentioning the Kings' shooting percentages twice.",qwen_medium,p3_sent,16327.22
S007,5,1,four,42.0,42.0,NUMBER,3,"Cousins had 3 steals, not 4.",qwen_medium,p3_sent,16327.22
S007,6,1,21 points,213.0,214.0,NUMBER,6 points,"Steven Adams scored 6 points, not 21.",qwen_medium,p3_sent,16327.22
S007,6,2,four rebounds,216.0,217.0,NUMBER,4 rebounds,"Steven Adams had 4 rebounds, which is correct, but the points are incorrect.",qwen_medium,p3_sent,16327.22
S007,6,3,one steal,219.0,220.0,NUMBER,1 steal,"Steven Adams had 1 steal, which is correct, but the points are incorrect.",qwen_medium,p3_sent,16327.22
S008,1,1,Saturday,19.0,19.0,WORD,Monday,"The game was played on Monday, not Saturday.",qwen_medium,p3_sent,16327.22
S008,2,1,only six road wins,,,NUMBER,no road wins,The box score does not show any road wins for the Grizzlies.,qwen_medium,p3_sent,16327.22
S008,3,1,Marc Gasol,,,NAME,Joe Ingles,Marc Gasol did not play for the Jazz; Joe Ingles scored 20 points.,qwen_medium,p3_sent,16327.22
S008,3,2,22 points,,,NUMBER,20 points,"Joe Ingles scored 20 points, not 22.",qwen_medium,p3_sent,16327.22
S008,3,3,five assists,,,NUMBER,2 assists,"Joe Ingles had 2 assists, not five.",qwen_medium,p3_sent,16327.22
S008,4,1,seven,160.0,160.0,NUMBER,2,"Mike Conley had 2 assists, not seven.",qwen_medium,p3_sent,16327.22
S008,5,1,off the bench,200.0,202.0,WORD,as a starter,Zach Randolph started the game according to the box score.,qwen_medium,p3_sent,16327.22
S008,6,1,while the Jazz shot,219.0,222.0,CONTEXT,,The sentence is redundant and confusing as it repeats the same information about the Jazz's shooting percentages.,qwen_medium,p3_sent,16327.22
S008,7,1,top seed,259.0,260.0,CONTEXT,,The Grizzlies are not battling for the top seed in the West based on their 5-5 record.,qwen_medium,p3_sent,16327.22
S008,8,1,Gordon Hayward led the way for the Grizzlies,,,NAME,Gordon Hayward led the way for the Jazz,"Gordon Hayward played for the Jazz, not the Grizzlies.",qwen_medium,p3_sent,16327.22
S008,8,2,13 points,,,NUMBER,20 points,"Gordon Hayward scored 20 points, not 13.",qwen_medium,p3_sent,16327.22
S008,8,3,4 - of - 14 shooting,,,NUMBER,4 - of - 14 shooting,"Gordon Hayward shot 4-of-14, which is correct.",qwen_medium,p3_sent,16327.22
S008,8,4,four rebounds,,,NUMBER,4 rebounds,"Gordon Hayward had 4 rebounds, which is correct.",qwen_medium,p3_sent,16327.22
S008,8,5,three assists,,,NUMBER,3 assists,"Gordon Hayward had 3 assists, which is correct.",qwen_medium,p3_sent,16327.22
S008,8,6,one steal,,,NUMBER,0 steals,"Gordon Hayward had 0 steals, not 1.",qwen_medium,p3_sent,16327.22
S008,8,7,36 minutes,,,NUMBER,36 minutes,"Gordon Hayward played 36 minutes, which is correct.",qwen_medium,p3_sent,16327.22
S008,9,1,22 points,,,NUMBER,6 points,"Rudy Gobert scored 6 points, not 22.",qwen_medium,p3_sent,16327.22
S008,9,2,9 - of - 17,,,NUMBER,2 - of - 3,"Rudy Gobert made 2 of 3 field goals, not 9 of 17.",qwen_medium,p3_sent,16327.22
S008,9,3,in 22 minutes,,,NUMBER,in 22 minutes,"Rudy Gobert played 22 minutes, which is correct.",qwen_medium,p3_sent,16327.22
S008,9,4,off the bench,,,WORD,as a starter,"Rudy Gobert started the game, not coming off the bench.",qwen_medium,p3_sent,16327.22
S008,10,1,while the Jazz shot,219.0,222.0,CONTEXT,,The sentence is redundant and confusing as it repeats the same information about the Jazz's shooting percentages.,qwen_medium,p3_sent,16327.22
S008,11,1,Trail Blazers,376.0,377.0,NAME,Grizzlies,The opponent mentioned is incorrect according to the box score.,qwen_medium,p3_sent,16327.22
S009,1,1,defeated,4.0,4.0,WORD,lost to,"The Bucks lost to the Lakers, not defeated them.",qwen_medium,p3_sent,16327.22
S009,1,2,122 - 122,10.0,12.0,NUMBER,114 - 122,"The final score was 114 - 122, not 122 - 122.",qwen_medium,p3_sent,16327.22
S009,1,3,Tuesday,20.0,20.0,WORD,Friday,"The game was played on Friday, not Tuesday.",qwen_medium,p3_sent,16327.22
S009,2,1,prevail with a huge,35.0,38.0,CONTEXT,,"The sentence suggests the Bucks won, but the box score shows the Lakers won.",qwen_medium,p3_sent,16327.22
S009,2,2,road,39.0,39.0,WORD,home,"The game was played at BMO Harris Bradley Center, which is the Bucks' home court.",qwen_medium,p3_sent,16327.22
S009,3,1,led for the majority,47.0,50.0,CONTEXT,fell behind early and struggled to catch up,The Bucks did not lead for the majority of the game according to the box score.,qwen_medium,p3_sent,16327.22
S009,3,2,led by double - digits,57.0,61.0,CONTEXT,were down by double digits,The Bucks did not lead by double digits in the second half; they were trailing.,qwen_medium,p3_sent,16327.22
S009,4,1,held the Lakers,79.0,81.0,CONTEXT,held the Bucks,The sentence incorrectly states that the Lakers held the Lakers to 29 percent shooting.,qwen_medium,p3_sent,16327.22
S009,4,2,29 percent,83.0,84.0,NUMBER,53 percent,"The box score shows the Bucks shot 53 percent from the field, not 29 percent.",qwen_medium,p3_sent,16327.22
S009,5,1,have now won,101.0,103.0,CONTEXT,,The statement about winning four of their last five games is not supported by the box score.,qwen_medium,p3_sent,16327.22
S009,6,1,D'Angelo Russell,117.0,118.0,NAME,Giannis Antetokounmpo,D'Angelo Russell did not score 41 points; Giannis Antetokounmpo did.,qwen_medium,p3_sent,16327.22
S009,6,2,41 points,129.0,130.0,NUMBER,14 points,"D'Angelo Russell scored 14 points, not 41.",qwen_medium,p3_sent,16327.22
S009,6,3,11 - of - 20,138.0,142.0,NUMBER,6 of 9,"D'Angelo Russell shot 6 of 9, not 11 of 20.",qwen_medium,p3_sent,16327.22
S009,7,1,Luol Deng,145.0,146.0,NAME,Nick Young,Luol Deng did not play in this game; Nick Young scored 26 points.,qwen_medium,p3_sent,16327.22
S009,7,2,26 points,156.0,157.0,NUMBER,0 points,Luol Deng did not score any points in this game.,qwen_medium,p3_sent,16327.22
S009,7,3,three rebounds,132.0,133.0,NUMBER,3 rebounds,"This is correct, but since Luol Deng did not play, this is misleading.",qwen_medium,p3_sent,16327.22
S009,7,4,two assists,162.0,163.0,NUMBER,0 assists,Luol Deng did not record any assists in this game.,qwen_medium,p3_sent,16327.22
S009,8,1,D'Angelo Russell,117.0,118.0,NAME,Giannis Antetokounmpo,"Giannis Antetokounmpo was the only starter in double figures, not D'Angelo Russell.",qwen_medium,p3_sent,16327.22
S009,8,2,14 points,179.0,180.0,NUMBER,41 points,"Giannis Antetokounmpo scored 41 points, not 14 points.",qwen_medium,p3_sent,16327.22
S009,8,3,three rebounds,132.0,133.0,NUMBER,8 rebounds,"Giannis Antetokounmpo had 8 rebounds, not 3 rebounds.",qwen_medium,p3_sent,16327.22
S009,8,4,five assists,135.0,136.0,NUMBER,6 assists,"Giannis Antetokounmpo had 6 assists, not 5 assists.",qwen_medium,p3_sent,16327.22
S009,9,1,New Orleans Pelicans,199.0,201.0,NAME,Sacramento Kings,"The next game for the Lakers is against the Sacramento Kings, not the New Orleans Pelicans.",qwen_medium,p3_sent,16327.22
S009,9,2,Sunday,203.0,203.0,WORD,Tuesday,"The next game for the Lakers is on Tuesday, not Sunday.",qwen_medium,p3_sent,16327.22
S009,10,1,has now lost,211.0,213.0,CONTEXT,,"The sentence implies a recent losing streak, but the box score does not provide information about the team's recent performance.",qwen_medium,p3_sent,16327.22
S009,11,1,six assists,,,NUMBER,"six assists, three blocks and two steals",The sentence omits the blocks and steals.,qwen_medium,p3_sent,16327.22
S009,12,1,18,259.0,259.0,NUMBER,6,"Khris Middleton scored 6 points, not 18.",qwen_medium,p3_sent,16327.22
S009,12,2,six rebounds,262.0,263.0,NUMBER,1 rebound,"Khris Middleton had 1 rebound, not six.",qwen_medium,p3_sent,16327.22
S009,12,3,six assists,245.0,246.0,NUMBER,6 assists,"Khris Middleton had 6 assists, which is correct, but the points and rebounds were incorrect.",qwen_medium,p3_sent,16327.22
S009,13,1,Greg Monroe,268.0,269.0,NAME,Malcolm Brogdon,Greg Monroe did not start and did not score 18 points; Malcolm Brogdon was the only other starter in double figures.,qwen_medium,p3_sent,16327.22
S009,13,2,18,259.0,259.0,NUMBER,18,"Malcolm Brogdon scored 18 points, not Greg Monroe.",qwen_medium,p3_sent,16327.22
S009,14,1,Milwaukee will look to build,291.0,295.0,CONTEXT,,"The sentence suggests Milwaukee won, but the box score shows they lost.",qwen_medium,p3_sent,16327.22
S009,14,2,Orlando Magic,307.0,308.0,NAME,Indiana Pacers,"The box score indicates the Bucks are playing the Pacers next, not the Orlando Magic.",qwen_medium,p3_sent,16327.22
S010,1,1,Friday,18.0,18.0,WORD,"January 4, 2017","The day of the week is not provided in the box score, but the date is.",qwen_medium,p3_sent,16327.22
S010,2,1,huge,36.0,36.0,WORD,significant,The term 'huge' is subjective and could be misleading; 'significant' is more appropriate based on the box score.,qwen_medium,p3_sent,16327.22
S010,3,1,11 ties and 11 lead,45.0,49.0,NUMBER,The box score does not provide information about ties and lead changes.,The box score does not contain data on the number of ties and lead changes.,qwen_medium,p3_sent,16327.22
S010,4,1,53 percent,81.0,82.0,NUMBER,32 percent,"The box score shows Orlando's three-point percentage was 32%, not 53%.",qwen_medium,p3_sent,16327.22
S010,5,1,27 assists,101.0,102.0,NUMBER,27 assists (should be 19 assists),"The box score shows the Hawks had 27 assists, not 27 assists.",qwen_medium,p3_sent,16327.22
S010,5,2,12 turnovers,104.0,105.0,NUMBER,12 turnovers (should be 12 assists),"The box score shows the Hawks had 12 turnovers, not 12 assists.",qwen_medium,p3_sent,16327.22
S010,6,1,19 - 16,121.0,123.0,NUMBER,"19-16 should be 19-16 (correct, but the box score shows 19 wins and 16 losses, so this is correct)",The record is correct according to the box score.,qwen_medium,p3_sent,16327.22
S010,7,1,tallied,152.0,152.0,WORD,accumulated,The word 'tallied' is not typically used in this context; 'accumulated' is more appropriate.,qwen_medium,p3_sent,16327.22
S010,8,1,"Dwight Howard recorded a double - double , totaling 13 points and 12 rebounds .",,,NUMBER,"Dwight Howard recorded a double-double, totaling 13 points and 12 rebounds.",The sentence is correct according to the box score.,qwen_medium,p3_sent,16327.22
S010,9,1,four,128.0,128.0,NUMBER,2,"Kent Bazemore had 2 assists, not four.",qwen_medium,p3_sent,16327.22
S010,10,1,New Orleans Pelicans,,,NAME,Not mentioned in the box score,The box score does not mention any future games or opponents.,qwen_medium,p3_sent,16327.22
S010,10,2,Saturday,218.0,218.0,WORD,Not mentioned in the box score,The box score does not specify the date of any future games.,qwen_medium,p3_sent,16327.22
S010,11,1,The Magic,220.0,221.0,CONTEXT,,"The sentence implies the Magic won, which contradicts the box score showing they lost.",qwen_medium,p3_sent,16327.22
S010,12,1,Nikola Vucevic,,,NAME,Dennis Schroeder,"Dennis Schroeder, not Nikola Vucevic, was the player of the game according to the box score.",qwen_medium,p3_sent,16327.22
S010,12,2,10 points,,,NUMBER,"10 points, 6 rebounds, 6 assists","Nikola Vucevic's actual stats were 10 points, 6 rebounds, and 6 assists, not 10 points, 12 rebounds, and 6 assists.",qwen_medium,p3_sent,16327.22
S010,13,1,one rebound,275.0,276.0,NUMBER,1 rebound,"Evan Fournier actually had 1 rebound, which is correctly stated.",qwen_medium,p3_sent,16327.22
S010,13,2,one assist,278.0,279.0,NUMBER,1 assist,"Evan Fournier actually had 1 assist, which is correctly stated.",qwen_medium,p3_sent,16327.22
S010,14,1,10 points,252.0,253.0,NUMBER,10 points,"The number of points is correct, but the box score shows Vucevic scored 10 points, which is accurate.",qwen_medium,p3_sent,16327.22
S010,14,2,10 rebounds,293.0,294.0,NUMBER,6 rebounds,"The number of rebounds is incorrect; Vucevic had 6 rebounds, not 10.",qwen_medium,p3_sent,16327.22
S010,15,1,one,275.0,275.0,NUMBER,2,"Evan Fournier actually had 2 rebounds, not 1.",qwen_medium,p3_sent,16327.22
S010,16,1,Toronto Raptors,331.0,332.0,NAME,Atlanta Hawks,The opponent mentioned is incorrect; it should be the Atlanta Hawks based on the box score.,qwen_medium,p3_sent,16327.22
S011,1,1,Tuesday,22.0,22.0,WORD,Wednesday,"The game was played on Wednesday, not Tuesday.",qwen_medium,p3_sent,16327.22
S011,2,1,18,48.0,48.0,NUMBER,18,The score for the Wizards in the first quarter is correct.,qwen_medium,p3_sent,16327.22
S011,3,1,28 - 18,65.0,67.0,NUMBER,18 - 28,"The Hawks outscored the Wizards 18-28 in the third quarter, not 28-18.",qwen_medium,p3_sent,16327.22
S011,3,2,coast to a victory,79.0,82.0,CONTEXT,lose the game,The Wizards did not coast to a victory; they lost the game.,qwen_medium,p3_sent,16327.22
S011,3,3,in front of their home crowd,83.0,88.0,CONTEXT,in front of the opposing team's home crowd,"The game was played in Atlanta, not Washington, so the Wizards were not playing in front of their home crowd.",qwen_medium,p3_sent,16327.22
S011,4,1,44 percent,99.0,100.0,NUMBER,44 percent,"The percentage is correct, but the story incorrectly states the Wizards' three-point shooting percentage.",qwen_medium,p3_sent,16327.22
S011,5,1,14,135.0,135.0,NUMBER,12,"The box score shows the Wizards committed 12 turnovers, not 14.",qwen_medium,p3_sent,16327.22
S011,5,2,12,141.0,141.0,NUMBER,14,"The box score shows the Hawks committed 14 turnovers, not 12.",qwen_medium,p3_sent,16327.22
S011,6,1,John Wall,,,NAME,Jeff Teague,"John Wall is a Wizard, not a Hawk. Jeff Teague was the top scorer for the Hawks.",qwen_medium,p3_sent,16327.22
S011,6,2,Bradley Beal,,,NAME,Kyle Korver,"Bradley Beal is a Wizard, not a Hawk. Kyle Korver played for the Hawks and had a low-scoring game.",qwen_medium,p3_sent,16327.22
S011,7,1,9 - for - 15,,,NUMBER,9 - for - 13,"John Wall's field goal attempts were 9 for 13, not 9 for 15.",qwen_medium,p3_sent,16327.22
S011,7,2,3 - for - 5,,,NUMBER,3 - for - 4,"John Wall's three-point attempts were 3 for 4, not 3 for 5.",qwen_medium,p3_sent,16327.22
S011,8,1,54,218.0,218.0,NUMBER,34,"The total points over the last two games is 34, not 54.",qwen_medium,p3_sent,16327.22
S011,8,2,14,135.0,135.0,NUMBER,13,"The total rebounds over the last two games is 13, not 14.",qwen_medium,p3_sent,16327.22
S011,9,1,11 points,242.0,243.0,NUMBER,"11 points (actually 11 points, but the shooting stats are incorrect)","The points are correct, but the shooting stats do not match the box score.",qwen_medium,p3_sent,16327.22
S011,9,2,4 - 7 FG,245.0,248.0,NUMBER,"4-7 FG (actually 4-7 FG, but the 3PT and FT stats are incorrect)","The FG stats are correct, but the 3PT and FT stats do not match the box score.",qwen_medium,p3_sent,16327.22
S011,9,3,2 - 3 3Pt,250.0,253.0,NUMBER,"2-3 3PT (actually 2-3 3PT, but the FT stats are incorrect)","The 3PT stats are correct, but the FT stats do not match the box score.",qwen_medium,p3_sent,16327.22
S011,9,4,1 - 2 FT,255.0,258.0,NUMBER,"1-2 FT (actually 1-2 FT, but the points and other stats are correct)","The FT stats are correct, but the points and other stats do not match the box score.",qwen_medium,p3_sent,16327.22
S011,10,1,21 points,281.0,282.0,NUMBER,20 points,"Al Horford scored 20 points, not 21.",qwen_medium,p3_sent,16327.22
S011,10,2,12 rebounds,284.0,285.0,NUMBER,13 rebounds,"Al Horford had 13 rebounds, not 12.",qwen_medium,p3_sent,16327.22
S011,11,1,8 rebounds,319.0,320.0,NUMBER,7 rebounds,"Beal had 7 rebounds, not 8.",qwen_medium,p3_sent,16327.22
S011,12,1,16 points,326.0,327.0,NUMBER,26 points,"Jeff Teague scored 26 points, not 16.",qwen_medium,p3_sent,16327.22
S011,12,2,6 rebounds,329.0,330.0,NUMBER,5 rebounds,"Jeff Teague had 5 rebounds, not 6.",qwen_medium,p3_sent,16327.22
S011,13,1,10 - 24,355.0,357.0,NUMBER,10-24,"The field goal percentage is correct, but the total attempts should be 24.",qwen_medium,p3_sent,16327.22
S011,13,2,0 - 1,360.0,362.0,NUMBER,0-1,The three-point field goal attempts and makes are correct.,qwen_medium,p3_sent,16327.22
S011,13,3,1 - 1,365.0,367.0,NUMBER,1-1,The free throw makes and attempts are correct.,qwen_medium,p3_sent,16327.22
S011,14,1,New Orleans Pelicans,390.0,392.0,NAME,Golden State Warriors,"The Hawks' next game is against the Golden State Warriors, not the New Orleans Pelicans.",qwen_medium,p3_sent,16327.22
S011,14,2,Wizards will be at home,398.0,402.0,CONTEXT,Wizards will travel to Charlotte,"The Wizards' next game is away against the Charlotte Hornets, not at home.",qwen_medium,p3_sent,16327.22
S011,14,3,Cleveland Cavaliers,405.0,406.0,NAME,Charlotte Hornets,"The Wizards' next game is against the Charlotte Hornets, not the Cleveland Cavaliers.",qwen_medium,p3_sent,16327.22
S012,1,1,Friday,19.0,19.0,WORD,Saturday,"The game was played on Saturday, not Friday.",qwen_medium,p3_sent,16327.22
S012,2,1,21 - 25,25.0,27.0,NUMBER,15 - 32,The Suns' record is incorrectly stated.,qwen_medium,p3_sent,16327.22
S012,2,2,( 21 - 25 ),,,NUMBER,( 21 - 25 ),The Nuggets' record is correctly stated but the Suns' record is incorrect.,qwen_medium,p3_sent,16327.22
S012,3,1,eight,78.0,78.0,NUMBER,7,"Gallinari had 7 rebounds, not 8.",qwen_medium,p3_sent,16327.22
S012,4,1,15,89.0,89.0,NUMBER,"15 points, 7 rebounds, 4 assists, 2 steals","Gary Harris actually scored 15 points, not 15 points.",qwen_medium,p3_sent,16327.22
S012,4,2,seven,92.0,92.0,NUMBER,7 rebounds,"Gary Harris had 7 rebounds, not seven.",qwen_medium,p3_sent,16327.22
S012,4,3,four,95.0,95.0,NUMBER,4 assists,"Gary Harris had 4 assists, not four.",qwen_medium,p3_sent,16327.22
S012,4,4,two,98.0,98.0,NUMBER,2 steals,"Gary Harris had 2 steals, not two.",qwen_medium,p3_sent,16327.22
S012,4,5,six,106.0,106.0,NUMBER,6 points,"Wilson Chandler scored 6 points, not six.",qwen_medium,p3_sent,16327.22
S012,4,6,three,109.0,109.0,NUMBER,3 rebounds,"Wilson Chandler had 3 rebounds, not three.",qwen_medium,p3_sent,16327.22
S012,4,7,one,81.0,81.0,NUMBER,1 steal,"Wilson Chandler had 1 steal, not one.",qwen_medium,p3_sent,16327.22
S012,5,1,three rebounds,109.0,110.0,NUMBER,3 rebounds,"The number of rebounds is correct, but the word 'three' should be '3'.",qwen_medium,p3_sent,16327.22
S012,6,1,Jameer Nelson,115.0,116.0,NAME,Jameer Nelson,"The name is correct, but the player did not play in this game according to the box score.",qwen_medium,p3_sent,16327.22
S012,6,2,17 points,119.0,120.0,NUMBER,33 points,"Jameer Nelson did not score 17 points; he played 33 minutes, which might be a typo.",qwen_medium,p3_sent,16327.22
S012,6,3,three rebounds,109.0,110.0,NUMBER,3 rebounds,Jameer Nelson did not have 3 rebounds; he had 3 assists according to the box score.,qwen_medium,p3_sent,16327.22
S012,6,4,six assists,138.0,139.0,NUMBER,6 assists,"Jameer Nelson had 6 assists, but the points and rebounds are incorrect.",qwen_medium,p3_sent,16327.22
S012,6,5,Wilson Chandler,102.0,103.0,NAME,Wilson Chandler,"The name is correct, but the player did not play in this game according to the box score.",qwen_medium,p3_sent,16327.22
S012,6,6,six points,106.0,107.0,NUMBER,6 points,"Wilson Chandler did score 6 points, but he did not play in this game according to the box score.",qwen_medium,p3_sent,16327.22
S012,6,7,three rebounds,109.0,110.0,NUMBER,3 rebounds,"Wilson Chandler did have 3 rebounds, but he did not play in this game according to the box score.",qwen_medium,p3_sent,16327.22
S012,6,8,one steal,112.0,113.0,NUMBER,1 steal,"Wilson Chandler did have 1 steal, but he did not play in this game according to the box score.",qwen_medium,p3_sent,16327.22
S012,7,1,The Nuggets,22.0,23.0,NAME,The Suns,The team name is incorrect; it should be the Suns.,qwen_medium,p3_sent,16327.22
S012,7,2,( 15 - 32 ),,,NUMBER,(15-32),"The record is correct, but the spaces within the parentheses are unnecessary.",qwen_medium,p3_sent,16327.22
S012,8,1,Tyson Chandler finished with 15,188.0,192.0,NUMBER,12,"Tyson Chandler had 12 rebounds, not 15.",qwen_medium,p3_sent,16327.22
S012,8,2,two steals,98.0,99.0,NUMBER,2,"Tyson Chandler had 2 steals, which is correct, but the repetition is redundant.",qwen_medium,p3_sent,16327.22
S012,9,1,two,98.0,98.0,NUMBER,2,The number of steals is incorrect.,qwen_medium,p3_sent,16327.22
S012,10,1,the Phoenix Suns,5.0,7.0,NAME,the Los Angeles Lakers,The Suns are not playing against themselves; the correct opponent is the Lakers.,qwen_medium,p3_sent,16327.22
S012,10,2,Friday,19.0,19.0,WORD,Tuesday,"The next game is on Tuesday, not Friday.",qwen_medium,p3_sent,16327.22
S013,1,1,Wednesday,22.0,22.0,WORD,Saturday,"The game was played on Saturday, not Wednesday.",qwen_medium,p3_sent,16327.22
S013,2,1,31 - 19,45.0,47.0,NUMBER,29 - 13,The first half score is incorrect based on the box score.,qwen_medium,p3_sent,16327.22
S013,3,1,Kyrie Irving,58.0,59.0,NAME,Aaron Gordon,"The sentence incorrectly attributes Kyrie Irving's performance to the Magic, when it was actually Aaron Gordon.",qwen_medium,p3_sent,16327.22
S013,3,2,"13 points ( 4 - 12 FG , 0 - 4 3Pt , 5 - 7 FT ) five assists and two rebounds",,,NUMBER,"11 points (5-10 FG, 1-2 3Pt, 0-0 FT), 7 rebounds, 2 assists",The statistics provided for Kyrie Irving are incorrect and do not match Aaron Gordon's actual performance.,qwen_medium,p3_sent,16327.22
S013,4,1,11 - 18 FG,,,NUMBER,11 - 18 FG (11/18),"The field goal percentage is correct, but the actual field goals made and attempted should be 11/18.",qwen_medium,p3_sent,16327.22
S013,4,2,4 - 7 3Pt,,,NUMBER,4 - 7 3PT (4/7),"The three-point field goal percentage is correct, but the actual three-point field goals made and attempted should be 4/7.",qwen_medium,p3_sent,16327.22
S013,5,1,"10 points ( 2 - 5 FG , 1 - 2 3Pt , 5 - 8 FT )",133.0,150.0,NUMBER,"10 points (2-5 FG, 1-2 3Pt, 5-8 FT)","The points and shooting statistics are correct, but the free throw attempts and makes are incorrect.",qwen_medium,p3_sent,16327.22
S013,6,1,five assists,83.0,84.0,NUMBER,1 assist,"Nikola Vucevic had 1 assist, not 5.",qwen_medium,p3_sent,16327.22
S013,7,1,5 - 10 FG,,,NUMBER,5 - 10 FG (50%),"The field goal percentage is correct, but the actual field goals made and attempted are 5-10.",qwen_medium,p3_sent,16327.22
S013,7,2,1 - 2 3Pt,,,NUMBER,1 - 2 3PT (50%),"The three-point field goal percentage is correct, but the actual three-point field goals made and attempted are 1-2.",qwen_medium,p3_sent,16327.22
S013,7,3,2 - 2 FT,,,NUMBER,2 - 2 FT (100%),"The free throw percentage is correct, but the actual free throws made and attempted are 2-2.",qwen_medium,p3_sent,16327.22
S013,7,4,29 minutes,126.0,127.0,NUMBER,26 minutes,"Aaron Gordon played 26 minutes, not 29.",qwen_medium,p3_sent,16327.22
S013,8,1,0 - 4 3Pt,,,NUMBER,0 - 2 3Pt,"Nikola Vucevic attempted 2 three-pointers, not 4.",qwen_medium,p3_sent,16327.22
S013,8,2,five assists,,,NUMBER,one assist,"Nikola Vucevic had 1 assist, not 5.",qwen_medium,p3_sent,16327.22
S013,9,1,the Magic,43.0,44.0,WORD,the Pistons,"The sentence incorrectly states that the Magic will play host to the Magic, which is illogical.",qwen_medium,p3_sent,16327.22
S014,1,1,Friday,24.0,24.0,WORD,Saturday,"The game was played on Saturday, not Friday.",qwen_medium,p3_sent,16327.22
S014,2,1,out - scoring,,,WORD,outscoring,The term 'out - scoring' should be a single word 'outscoring'.,qwen_medium,p3_sent,16327.22
S014,3,1,40 percent,78.0,79.0,NUMBER,40 percent,The story correctly states the Blazers' three-point percentage.,qwen_medium,p3_sent,16327.22
S014,4,1,CJ McCollum and Damian Lillard,112.0,116.0,CONTEXT,,"The sentence is factually correct but could be misleading as it implies they were the only leading scorers, which is not entirely clear from the box score.",qwen_medium,p3_sent,16327.22
S014,5,1,9 - for - 19,,,NUMBER,9 - for - 19,The field goal attempts are correct.,qwen_medium,p3_sent,16327.22
S014,5,2,5 - for - 11,,,NUMBER,5 - for - 11,The three-point attempts are correct.,qwen_medium,p3_sent,16327.22
S014,6,1,37,160.0,160.0,NUMBER,35,"The total points scored by the player in the last two games is 35, not 37.",qwen_medium,p3_sent,16327.22
S014,7,1,12 - for - 20,185.0,189.0,NUMBER,9 - 19,Lillard's field goal percentage is incorrect.,qwen_medium,p3_sent,16327.22
S014,7,2,4 - for - 7,194.0,198.0,NUMBER,4 - 7,"Lillard's three-point shooting is correct, but the field goal percentage is incorrect.",qwen_medium,p3_sent,16327.22
S014,8,1,56,225.0,225.0,NUMBER,45,"The total points combined over the last two games is 45, not 56.",qwen_medium,p3_sent,16327.22
S014,8,2,22,228.0,228.0,NUMBER,12,"The total rebounds combined over the last two games is 12, not 22.",qwen_medium,p3_sent,16327.22
S014,9,1,who came off the bench,250.0,254.0,WORD,who started,"Kobe Bryant started the game, not came off the bench.",qwen_medium,p3_sent,16327.22
S014,9,2,21 points,256.0,257.0,NUMBER,21 points,"The number of points is correct, but the context is wrong since he started the game.",qwen_medium,p3_sent,16327.22
S014,10,1,far - and - away,,,WORD,by far,The phrase 'far - and - away' is not commonly used; 'by far' is the correct form.,qwen_medium,p3_sent,16327.22
S014,11,1,( 8 - 15 FG,,,NUMBER,(8 - 13 FG,Incorrect field goal attempts for Jordan Clarkson.,qwen_medium,p3_sent,16327.22
S014,11,2,2 - 5 3Pt,,,NUMBER,2 - 3 3Pt,Incorrect three-point field goal attempts for Jordan Clarkson.,qwen_medium,p3_sent,16327.22
S014,12,1,20,189.0,189.0,NUMBER,21,"Kobe Bryant scored 21 points, not 20.",qwen_medium,p3_sent,16327.22
S014,13,1,some strong contributions,385.0,387.0,CONTEXT,,"The sentence implies significant bench contributions, but the box score does not provide specific details about bench performance.",qwen_medium,p3_sent,16327.22
S014,14,1,19 points ( 8 - 15,,,NUMBER,"19 points (8-15 FG, 2-5 3Pt, 1-2 FT)","The field goal attempts are correct, but the total points should be 19, not 19.",qwen_medium,p3_sent,16327.22
S014,14,2,Clarkson had 19 points,424.0,427.0,CONTEXT,Clarkson had 19 points,"Redundant mention of Clarkson's points, already stated at the beginning of the sentence.",qwen_medium,p3_sent,16327.22
S014,15,1,at home,466.0,467.0,WORD,away,"The Trail Blazers are traveling to LA, not playing at home.",qwen_medium,p3_sent,16327.22
S014,15,2,against the Portland Trail Blazers,468.0,472.0,NAME,against the Los Angeles Clippers,"The Trail Blazers are playing against the Clippers, not themselves.",qwen_medium,p3_sent,16327.22
S014,15,3,Friday,24.0,24.0,NUMBER,Monday,"The game is on Monday, not Friday.",qwen_medium,p3_sent,16327.22
S014,15,4,travel to Sacramento to play,480.0,484.0,WORD,host,"The Lakers are hosting Indiana, not traveling to Sacramento.",qwen_medium,p3_sent,16327.22
S014,15,5,Kings,486.0,486.0,NAME,Indiana,"The Lakers are playing against Indiana, not the Kings.",qwen_medium,p3_sent,16327.22
S014,15,6,Friday,24.0,24.0,NUMBER,Sunday,"The game is on Sunday, not Friday.",qwen_medium,p3_sent,16327.22
S015,1,1,Wednesday,22.0,22.0,WORD,Friday,"The game was played on a Friday, not Wednesday.",qwen_medium,p3_sent,16327.22
S015,2,1,64 - 52,47.0,49.0,NUMBER,25 - 23,"The actual first half score was 25-23, not 64-52.",qwen_medium,p3_sent,16327.22
S015,3,1,50 - 38,66.0,68.0,NUMBER,58 - 39,The second-half scoring difference is incorrect.,qwen_medium,p3_sent,16327.22
S015,4,1,8 - 18,103.0,105.0,NUMBER,8 - 16,Incorrect field goal attempts for Kyle Lowry.,qwen_medium,p3_sent,16327.22
S015,4,2,1 - 4,108.0,110.0,NUMBER,1 - 2,Incorrect three-point field goal attempts for Kyle Lowry.,qwen_medium,p3_sent,16327.22
S015,5,1,0 - 1 3Pt,,,NUMBER,5 - 8 3Pt,Incorrect 3-point field goal statistics for DeMar DeRozan.,qwen_medium,p3_sent,16327.22
S015,6,1,DeMarre Carroll,160.0,161.0,NAME,Luis Scola,DeMarre Carroll did not play in this game; Luis Scola scored 20 points.,qwen_medium,p3_sent,16327.22
S015,6,2,13 points,165.0,166.0,NUMBER,20 points,"Luis Scola scored 20 points, not 13.",qwen_medium,p3_sent,16327.22
S015,6,3,5 - 9 FG,168.0,171.0,NUMBER,9 - 16 FG,"Luis Scola's field goal statistics are 9 - 16, not 5 - 9.",qwen_medium,p3_sent,16327.22
S015,6,4,1 - 2 3Pt,173.0,176.0,NUMBER,2 - 10 3Pt,"Luis Scola's three-point field goal statistics are 2 - 10, not 1 - 2.",qwen_medium,p3_sent,16327.22
S015,6,5,2 - 2 FT,178.0,181.0,NUMBER,1 - 2 FT,"Luis Scola's free throw statistics are 1 - 2, not 2 - 2.",qwen_medium,p3_sent,16327.22
S015,8,1,Gerald Green,188.0,189.0,NAME,Dwyane Wade,"Dwyane Wade, not Gerald Green, led the Heat in scoring.",qwen_medium,p3_sent,16327.22
S015,8,2,20 points,196.0,197.0,NUMBER,21 points,"Dwyane Wade scored 21 points, not 20.",qwen_medium,p3_sent,16327.22
S015,8,3,7 - 15 FG,199.0,202.0,NUMBER,8 - 16 FG,"Dwyane Wade's field goal shooting was 8-16, not 7-15.",qwen_medium,p3_sent,16327.22
S015,8,4,5 - 10 3Pt,204.0,207.0,NUMBER,0 - 0 3Pt,Dwyane Wade did not attempt any 3-point shots.,qwen_medium,p3_sent,16327.22
S015,8,5,1 - 1 FT,209.0,212.0,NUMBER,5 - 5 FT,Dwyane Wade made all 5 of his free throws.,qwen_medium,p3_sent,16327.22
S015,9,1,Cleveland,287.0,287.0,NAME,Portland,"The Heat are scheduled to play the Trail Blazers, not the Cavaliers.",qwen_medium,p3_sent,16327.22
S015,9,2,Cavaliers,292.0,292.0,NAME,Trail Blazers,"The Heat are scheduled to play the Trail Blazers, not the Cavaliers.",qwen_medium,p3_sent,16327.22
S015,10,1,three,301.0,301.0,NUMBER,one,"The box score indicates the Raptors snapped the Heat's one-game winning streak, not three.",qwen_medium,p3_sent,16327.22
S015,11,1,20 points,196.0,197.0,NUMBER,8 points,"Hassan Whiteside scored 8 points, not 20.",qwen_medium,p3_sent,16327.22
S015,11,2,7 - 15 FG,199.0,202.0,NUMBER,4-6 FG,"Hassan Whiteside's field goal statistics are 4-6, not 7-15.",qwen_medium,p3_sent,16327.22
S015,11,3,5 - 10 3Pt,204.0,207.0,NUMBER,0-0 3Pt,Hassan Whiteside did not attempt or make any 3-point shots.,qwen_medium,p3_sent,16327.22
S015,11,4,1 - 1 FT,209.0,212.0,NUMBER,0-0 FT,Hassan Whiteside did not attempt or make any free throws.,qwen_medium,p3_sent,16327.22
S015,12,1,37,345.0,345.0,NUMBER,41,"The total points scored by the player in the last two games is 41, not 37.",qwen_medium,p3_sent,16327.22
S015,13,1,Timberwolves,380.0,380.0,NAME,Trail Blazers,The team name is incorrect.,qwen_medium,p3_sent,16327.22
S016,1,1,Friday,25.0,25.0,WORD,Thursday,"The game was played on Thursday, not Friday.",qwen_medium,p3_sent,16327.22
S016,2,1,29 - 8,,,NUMBER,31 - 21,"The actual score difference in the third quarter was 31-21, not 29-8.",qwen_medium,p3_sent,16327.22
S016,3,1,out - scoring the Jazz,,,CONTEXT,out-scoring the Thunder,"The sentence incorrectly states that the Jazz out-scored the Jazz, which is illogical.",qwen_medium,p3_sent,16327.22
S016,3,2,29 - 8,,,NUMBER,21-16,"The box score shows the Jazz scored 21 points in the third quarter, while the Thunder scored 31, not 29-8.",qwen_medium,p3_sent,16327.22
S016,3,3,59 - 42,,,NUMBER,55-37,"The box score shows the Thunder scored 55 points combined in the second and third quarters, while the Jazz scored 37.",qwen_medium,p3_sent,16327.22
S016,3,4,24 - 2,,,NUMBER,21-0,The box score does not show a 24-2 run; the closest is the 21-point lead mentioned earlier.,qwen_medium,p3_sent,16327.22
S016,4,1,15,128.0,128.0,NUMBER,"15 points, 6-15 FG, 1-3 3Pt, 2-3 FT","Russell Westbrook actually scored 15 points, not a game-high.",qwen_medium,p3_sent,16327.22
S016,5,1,20 points,167.0,168.0,NUMBER,20 points,"Correct, no change needed.",qwen_medium,p3_sent,16327.22
S016,5,2,7 - 11 FG,170.0,173.0,NUMBER,7-11 FG,"Correct, no change needed.",qwen_medium,p3_sent,16327.22
S016,5,3,2 - 4 3Pt,175.0,178.0,NUMBER,2-4 3Pt,"Correct, no change needed.",qwen_medium,p3_sent,16327.22
S016,5,4,4 - 5 FT,180.0,183.0,NUMBER,4-5 FT,"Correct, no change needed.",qwen_medium,p3_sent,16327.22
S016,5,5,eight rebounds,186.0,187.0,NUMBER,8 rebounds,"Correct, no change needed.",qwen_medium,p3_sent,16327.22
S016,5,6,nine assists,149.0,150.0,NUMBER,9 assists,"Correct, no change needed.",qwen_medium,p3_sent,16327.22
S016,5,7,two steals,192.0,193.0,NUMBER,2 steals,"Correct, no change needed.",qwen_medium,p3_sent,16327.22
S016,5,8,one block,195.0,196.0,NUMBER,1 block,"Correct, no change needed.",qwen_medium,p3_sent,16327.22
S016,5,9,30 minutes,199.0,200.0,NUMBER,30 minutes,"Correct, no change needed.",qwen_medium,p3_sent,16327.22
S016,5,10,17 points,207.0,208.0,NUMBER,17 points,"Correct, no change needed.",qwen_medium,p3_sent,16327.22
S016,5,11,8 - 16 FG,210.0,213.0,NUMBER,8-16 FG,"Correct, no change needed.",qwen_medium,p3_sent,16327.22
S016,5,12,1 - 4 3Pt,215.0,218.0,NUMBER,1-4 3Pt,"Correct, no change needed.",qwen_medium,p3_sent,16327.22
S016,5,13,two rebounds,221.0,222.0,NUMBER,2 rebounds,"Correct, no change needed.",qwen_medium,p3_sent,16327.22
S016,5,14,three assists,224.0,225.0,NUMBER,3 assists,"Correct, no change needed.",qwen_medium,p3_sent,16327.22
S016,5,15,three steals,155.0,156.0,NUMBER,3 steals,"Correct, no change needed.",qwen_medium,p3_sent,16327.22
S016,5,16,29 minutes,231.0,232.0,NUMBER,29 minutes,"Correct, no change needed.",qwen_medium,p3_sent,16327.22
S016,6,1,2 - 6 FG,,,NUMBER,2 - 6 FG,The field goal percentage is correct.,qwen_medium,p3_sent,16327.22
S016,6,2,0 - 3 3Pt,,,NUMBER,0 - 3 3Pt,The three-point field goal percentage is correct.,qwen_medium,p3_sent,16327.22
S016,6,3,2 - 2 FT,,,NUMBER,2 - 2 FT,The free throw percentage is correct.,qwen_medium,p3_sent,16327.22
S016,6,4,five assists,,,NUMBER,5 assists,The number of assists is correct.,qwen_medium,p3_sent,16327.22
S016,6,5,two rebounds,,,NUMBER,2 rebounds,The number of rebounds is correct.,qwen_medium,p3_sent,16327.22
S016,6,6,3 - 8 FG,,,NUMBER,3 - 8 FG,The field goal percentage is correct.,qwen_medium,p3_sent,16327.22
S016,6,7,1 - 4 3Pt,,,NUMBER,1 - 4 3Pt,The three-point field goal percentage is correct.,qwen_medium,p3_sent,16327.22
S016,6,8,two rebounds,,,NUMBER,2 rebounds,The number of rebounds is correct.,qwen_medium,p3_sent,16327.22
S016,6,9,three assists,,,NUMBER,3 assists,The number of assists is correct.,qwen_medium,p3_sent,16327.22
S016,6,10,three steals,,,NUMBER,3 steals,The number of steals is correct.,qwen_medium,p3_sent,16327.22
S016,7,1,six,237.0,237.0,NUMBER,five,The box score shows only five Jazz players scored in double figures.,qwen_medium,p3_sent,16327.22
S016,8,1,37,18.0,18.0,NUMBER,23,Incorrect minutes played for Gordon Hayward.,qwen_medium,p3_sent,16327.22
S016,8,2,six,237.0,237.0,NUMBER,6,Incorrect points scored by Gordon Hayward.,qwen_medium,p3_sent,16327.22
S016,9,1,30,199.0,199.0,NUMBER,22,"Derrick Favors played 22 minutes, not 30.",qwen_medium,p3_sent,16327.22
S016,10,1,six,237.0,237.0,NUMBER,five,The box score shows only five players reached double figures in points for the Jazz.,qwen_medium,p3_sent,16327.22
S016,11,1,2 - 6 FG,,,NUMBER,2 - 6 FG,The field goal percentage is correct.,qwen_medium,p3_sent,16327.22
S016,11,2,0 - 3 3Pt,,,NUMBER,0 - 3 3Pt,The three-point field goal percentage is correct.,qwen_medium,p3_sent,16327.22
S016,11,3,2 - 2 FT,,,NUMBER,2 - 2 FT,The free throw percentage is correct.,qwen_medium,p3_sent,16327.22
S016,11,4,five assists,,,NUMBER,5 assists,The number of assists is correct.,qwen_medium,p3_sent,16327.22
S016,11,5,two rebounds,,,NUMBER,2 rebounds,The number of rebounds is correct.,qwen_medium,p3_sent,16327.22
S016,11,6,seven points,,,NUMBER,7 points,The number of points is correct.,qwen_medium,p3_sent,16327.22
S016,11,7,3 - 8 FG,,,NUMBER,3 - 8 FG,The field goal percentage is correct.,qwen_medium,p3_sent,16327.22
S016,11,8,1 - 1 FT,,,NUMBER,1 - 1 FT,The free throw percentage is correct.,qwen_medium,p3_sent,16327.22
S016,11,9,two rebounds,,,NUMBER,2 rebounds,The number of rebounds is correct.,qwen_medium,p3_sent,16327.22
S016,11,10,two steals,,,NUMBER,2 steals,The number of steals is correct.,qwen_medium,p3_sent,16327.22
S016,12,1,two,192.0,192.0,NUMBER,one,The Jazz lost only one game in a row according to the box score.,qwen_medium,p3_sent,16327.22
S016,13,1,the Grizzlies,445.0,446.0,NAME,the Minnesota Timberwolves,"The next game for the Jazz is against the Minnesota Timberwolves, not the Grizzlies.",qwen_medium,p3_sent,16327.22
S016,14,1,Tuesday,464.0,464.0,WORD,Saturday,"The game is scheduled for Saturday, not Tuesday.",qwen_medium,p3_sent,16327.22
S017,1,1,Saturday,18.0,18.0,WORD,Tuesday,"The game was played on a Tuesday, not a Saturday.",qwen_medium,p3_sent,16327.22
S017,2,1,Cavaliers ( 33 - 34 ),50.0,55.0,NUMBER,Cavaliers (44-22),Incorrect record for the Cavaliers.,qwen_medium,p3_sent,16327.22
S017,2,2,Pistons ( 33 - 34 ),68.0,73.0,NUMBER,Pistons (33-34),Incorrect record for the Pistons.,qwen_medium,p3_sent,16327.22
S017,3,1,( 33 - 34 ),,,NUMBER,( 44 - 22 ),Incorrect win-loss record for the Cavaliers.,qwen_medium,p3_sent,16327.22
S017,3,2,Barclays Center,45.0,46.0,NAME,Quicken Loans Arena,Incorrect venue name for the Cavaliers' home games.,qwen_medium,p3_sent,16327.22
S017,3,3,( 33 - 34 ),,,NUMBER,( 33 - 34 ),"Incorrect win-loss record for the Pistons, but matches the story's error.",qwen_medium,p3_sent,16327.22
S017,4,1,63 percent,140.0,141.0,NUMBER,21 percent,The story incorrectly states the percentage from three-point range for the Pistons.,qwen_medium,p3_sent,16327.22
S017,5,1,Andre Drummond,164.0,165.0,NAME,LeBron James,Andre Drummond did not lead the way for the Cavs; LeBron James did.,qwen_medium,p3_sent,16327.22
S017,5,2,modest,174.0,174.0,WORD,impressive,"LeBron James' stat line of 16 points, 12 assists, and 11 rebounds is not modest, but impressive.",qwen_medium,p3_sent,16327.22
S017,6,1,five,196.0,196.0,NUMBER,0,"Reggie Jackson had 0 rebounds, not five.",qwen_medium,p3_sent,16327.22
S017,7,1,Kentavious Caldwell-Pope,205.0,206.0,NAME,Derrick Williams,"Derrick Williams, not Kentavious Caldwell-Pope, led the bench with 11 points.",qwen_medium,p3_sent,16327.22
S017,7,2,11 points,211.0,212.0,NUMBER,13 points,"Derrick Williams scored 13 points, not 11.",qwen_medium,p3_sent,16327.22
S017,7,3,two rebounds,214.0,215.0,NUMBER,5 rebounds,"Derrick Williams had 5 rebounds, not 2.",qwen_medium,p3_sent,16327.22
S017,7,4,three assists,217.0,218.0,NUMBER,4 assists,"Derrick Williams had 4 assists, not 3.",qwen_medium,p3_sent,16327.22
S017,8,1,Marcus Morris,223.0,224.0,NAME,Maurice Morris,Incorrect player name.,qwen_medium,p3_sent,16327.22
S017,8,2,matched Morris 's,225.0,227.0,WORD,matched his,Incorrect reference to the player's own point total.,qwen_medium,p3_sent,16327.22
S017,9,1,12 points,252.0,253.0,NUMBER,12 points,The box score confirms Ish Smith scored 12 points.,qwen_medium,p3_sent,16327.22
S017,10,1,Richard Jefferson and Richard Jefferson,264.0,268.0,NAME,Reggie Jefferson and Richard Jefferson,"The player's name is Reggie Jefferson, not Richard Jefferson.",qwen_medium,p3_sent,16327.22
S017,10,2,16 - point,275.0,277.0,NUMBER,16 points,"The number of points is correct, but the format should match the rest of the document.",qwen_medium,p3_sent,16327.22
S017,10,3,eight boards,297.0,298.0,NUMBER,2 rebounds,The number of rebounds for Richard Jefferson is incorrect.,qwen_medium,p3_sent,16327.22
S017,11,1,13,311.0,311.0,NUMBER,16,"Deron Williams scored 16 points, not 13.",qwen_medium,p3_sent,16327.22
S017,12,1,Kyle Korver,323.0,324.0,NAME,Tobias Harris,Kyle Korver did not play in this game; Tobias Harris did.,qwen_medium,p3_sent,16327.22
S017,12,2,12 points,252.0,253.0,NUMBER,17 points,"Tobias Harris scored 17 points, not 12.",qwen_medium,p3_sent,16327.22
S017,12,3,five boards,329.0,330.0,NUMBER,2 rebounds,"Tobias Harris had 2 rebounds, not 5.",qwen_medium,p3_sent,16327.22
S017,13,1,16,275.0,275.0,NUMBER,14,"Richard Jefferson scored 14 points, not 16.",qwen_medium,p3_sent,16327.22
S017,14,1,Atlanta Hawks,365.0,366.0,NAME,Utah Jazz,"The Pistons are scheduled to play the Utah Jazz, not the Atlanta Hawks.",qwen_medium,p3_sent,16327.22
S017,14,2,Friday night,368.0,369.0,WORD,Wednesday night,"The Pistons are scheduled to play on Wednesday night, not Friday night.",qwen_medium,p3_sent,16327.22
S017,14,3,Philadelphia 76ers,379.0,380.0,NAME,Utah Jazz,"The Cavaliers are scheduled to play the Utah Jazz, not the Philadelphia 76ers.",qwen_medium,p3_sent,16327.22
S017,14,4,Friday evening,382.0,383.0,WORD,Thursday evening,"The Cavaliers are scheduled to play on Thursday evening, not Friday evening.",qwen_medium,p3_sent,16327.22
S018,1,1,Oracle Arena,26.0,27.0,NAME,Oracle Arena,"The arena name is correct, but the location 'in Oakland' is not part of the box score.",qwen_medium,p3_sent,16327.22
S018,2,1,42 percent from the field,42.0,46.0,NUMBER,45 percent from the field,The Warriors' field goal percentage is incorrectly stated.,qwen_medium,p3_sent,16327.22
S018,2,2,29 percent from the three,48.0,52.0,NUMBER,44 percent from the three-point line,The Warriors' three-point percentage is incorrectly stated.,qwen_medium,p3_sent,16327.22
S018,3,1,duo of Stephen Curry and,81.0,85.0,CONTEXT,,"The sentence implies that only Curry and Thompson led the Warriors, but the box score shows other significant contributors.",qwen_medium,p3_sent,16327.22
S018,4,1,( 12 - 23,,,NUMBER,(12-23,Incorrect formatting of the field goal percentage.,qwen_medium,p3_sent,16327.22
S018,4,2,4 - 10 3Pt,,,NUMBER,4-10 3Pt,Incorrect formatting of the three-point field goal percentage.,qwen_medium,p3_sent,16327.22
S018,5,1,39,137.0,137.0,NUMBER,65,"The total points Curry scored in the last two games is 65, not 39.",qwen_medium,p3_sent,16327.22
S018,5,2,13,140.0,140.0,NUMBER,9,"The total assists Curry had in the last two games is 9, not 13.",qwen_medium,p3_sent,16327.22
S018,6,1,nearly had a triple -,148.0,152.0,CONTEXT,,The phrase 'nearly had a triple-double' is misleading as Draymond Green did achieve a double-double but not a triple-double.,qwen_medium,p3_sent,16327.22
S018,6,2,4 - 8 FG,164.0,167.0,NUMBER,4-8 FG,"The field goal attempts are correct, but the field goals made (4) and attempted (8) are accurate according to the box score.",qwen_medium,p3_sent,16327.22
S018,6,3,0 - 2 3Pt,169.0,172.0,NUMBER,0-2 3Pt,"The three-point field goal attempts are correct, but the three-point field goals made (0) and attempted (2) are accurate according to the box score.",qwen_medium,p3_sent,16327.22
S018,6,4,4 - 6 FT,174.0,177.0,NUMBER,4-6 FT,"The free throw attempts are correct, but the free throws made (4) and attempted (6) are accurate according to the box score.",qwen_medium,p3_sent,16327.22
S018,7,1,29,48.0,48.0,NUMBER,33,"The total points Curry scored in the last two games is 33, not 29.",qwen_medium,p3_sent,16327.22
S018,7,2,12,100.0,100.0,NUMBER,4,"The total rebounds Curry had in the last two games is 4, not 12.",qwen_medium,p3_sent,16327.22
S018,8,1,3 - 11,,,NUMBER,3 - 11,The field goal attempts are correct.,qwen_medium,p3_sent,16327.22
S018,8,2,2 - 4,,,NUMBER,2 - 4,The three-point attempts are correct.,qwen_medium,p3_sent,16327.22
S018,8,3,3 - 4,,,NUMBER,3 - 4,The free throw attempts are correct.,qwen_medium,p3_sent,16327.22
S018,9,1,Josh Smith,245.0,246.0,NAME,Austin Rivers,Josh Smith is not mentioned in the box score; Austin Rivers is the correct name.,qwen_medium,p3_sent,16327.22
S018,9,2,shooting all,250.0,251.0,WORD,shooting well,The phrase 'shooting all' is incomplete and does not accurately describe the performance.,qwen_medium,p3_sent,16327.22
S018,10,1,7 - 10 FG,,,NUMBER,19 - 10 FG,Incorrect field goal percentage for DeAndre Jordan.,qwen_medium,p3_sent,16327.22
S018,10,2,5 - 10 FT,,,NUMBER,5 - 6 FT,Incorrect free throw percentage for DeAndre Jordan.,qwen_medium,p3_sent,16327.22
S018,11,1,17,329.0,329.0,NUMBER,12,"The average points in the last two games is 12, not 17.",qwen_medium,p3_sent,16327.22
S018,12,1,4 - 11,,,NUMBER,4-for-16,Incorrect field goal attempts for Jamal Crawford.,qwen_medium,p3_sent,16327.22
S018,12,2,2 - 4,216.0,218.0,NUMBER,2-for-6,Incorrect three-point field goal attempts for Jamal Crawford.,qwen_medium,p3_sent,16327.22
S018,13,1,the Minnesota Timberwolves,408.0,410.0,NAME,the Portland Trail Blazers,"The Clippers' next home game is against the Portland Trail Blazers, not the Minnesota Timberwolves.",qwen_medium,p3_sent,16327.22
S019,1,1,Saturday evening,18.0,19.0,WORD,Saturday night,"The game was played on Saturday night, not Saturday evening.",qwen_medium,p3_sent,16327.22
S019,2,1,wire - to - wire,38.0,42.0,CONTEXT,,The game was not a wire-to-wire win as the Heat trailed in the first quarter.,qwen_medium,p3_sent,16327.22
S019,3,1,30 - 16,,,NUMBER,30 - 25,"The box score shows the Heat outscored the Pacers 30-25 in the third quarter, not 30-16.",qwen_medium,p3_sent,16327.22
S019,4,1,16,67.0,67.0,NUMBER,23,The number of assists for Miami is incorrect.,qwen_medium,p3_sent,16327.22
S019,4,2,15,98.0,98.0,NUMBER,16,The number of turnovers for Indiana is incorrect.,qwen_medium,p3_sent,16327.22
S019,5,1,have now won five of their last six games,,,CONTEXT,"stumbled yet again, posting a sub-par 40 percent success rate and committing 15 turnovers","The sentence incorrectly states that the Pacers have won five of their last six games, when the box score indicates they have been struggling recently.",qwen_medium,p3_sent,16327.22
S019,6,1,10 points,139.0,140.0,NUMBER,10 points,"The box score confirms Paul George scored 10 points, so this is correct.",qwen_medium,p3_sent,16327.22
S019,6,2,five rebounds,142.0,143.0,NUMBER,1 rebound,"The box score shows Paul George had 1 rebound, not 5.",qwen_medium,p3_sent,16327.22
S019,6,3,one assist,145.0,146.0,NUMBER,1 assist,"The box score confirms Paul George had 1 assist, so this is correct.",qwen_medium,p3_sent,16327.22
S019,7,1,three,161.0,161.0,NUMBER,six,"Jeff Teague actually had six rebounds, not three.",qwen_medium,p3_sent,16327.22
S019,8,1,13,181.0,181.0,NUMBER,2,"Thaddeus Young scored 2 points, not 13.",qwen_medium,p3_sent,16327.22
S019,8,2,five,115.0,115.0,NUMBER,5,"Thaddeus Young had 5 rebounds, which is correct.",qwen_medium,p3_sent,16327.22
S019,8,3,four,187.0,187.0,NUMBER,4,"Thaddeus Young had 4 assists, which is correct.",qwen_medium,p3_sent,16327.22
S019,9,1,a home matchup against the Atlanta Hawks on Friday,195.0,203.0,CONTEXT,a road matchup against the Houston Rockets on Monday,"The sentence incorrectly states a home game against the Atlanta Hawks on Friday, when the box score indicates a road game against the Houston Rockets on Monday.",qwen_medium,p3_sent,16327.22
S019,10,1,four,187.0,187.0,NUMBER,14,"The Heat won 14 of their last 16 games, not four.",qwen_medium,p3_sent,16327.22
S019,10,2,six,119.0,119.0,NUMBER,16,"The Heat won 14 of their last 16 games, not four of six.",qwen_medium,p3_sent,16327.22
S019,10,3,falter,126.0,126.0,WORD,improve,"The sentence suggests the Heat are faltering, but the box score indicates they have been improving.",qwen_medium,p3_sent,16327.22
S019,11,1,player of the game,232.0,235.0,CONTEXT,,The statement is misleading as the box score does not indicate Goran Dragic as the player of the game.,qwen_medium,p3_sent,16327.22
S019,12,1,22 points,265.0,266.0,NUMBER,22 points,The number of points is correct.,qwen_medium,p3_sent,16327.22
S019,12,2,17 rebounds,268.0,269.0,NUMBER,17 rebounds,The number of rebounds is correct.,qwen_medium,p3_sent,16327.22
S019,13,1,only other,171.0,172.0,WORD,another,Dion Waiters was not the only other starter in double figures; he was another starter in double figures.,qwen_medium,p3_sent,16327.22
S019,14,1,Thursday,299.0,299.0,WORD,Saturday,"The game was played on Saturday, not Thursday.",qwen_medium,p3_sent,16327.22
S020,1,1,Phoenix Suns,2.0,3.0,NAME,New Orleans Pelicans,"The home team is the New Orleans Pelicans, not the Phoenix Suns.",qwen_medium,p3_sent,16327.22
S020,1,2,111 - 106,10.0,12.0,NUMBER,111 - 106,"The score is correct, but the teams are reversed. The Pelicans won 111-106, not the Suns.",qwen_medium,p3_sent,16327.22
S020,2,1,disappointing loss to the Pelicans,36.0,40.0,CONTEXT,disappointing loss to the Suns,The Pelicans did not lose to themselves; the context suggests they lost to the Suns.,qwen_medium,p3_sent,16327.22
S020,3,1,34 - 18,78.0,80.0,NUMBER,34 - 32,The margin is incorrect; the actual fourth quarter scores were 34 for the Pelicans and 32 for the Suns.,qwen_medium,p3_sent,16327.22
S020,4,1,outscoring the Pelicans,98.0,100.0,CONTEXT,outscoring the Suns,"The sentence incorrectly states that the Pelicans outscored the Pelicans, which is illogical.",qwen_medium,p3_sent,16327.22
S020,5,1,Eric Bledsoe,,,NAME,Devin Booker,Eric Bledsoe did not lead the Pelicans in scoring; Devin Booker did.,qwen_medium,p3_sent,16327.22
S020,5,2,14 points,,,NUMBER,14 points,"Both Eric Bledsoe and Devin Booker scored 14 points, but the sentence incorrectly attributes the leading scorer to Bledsoe.",qwen_medium,p3_sent,16327.22
S020,5,3,seven rebounds,,,NUMBER,2 rebounds,"Eric Bledsoe had 2 rebounds, not 7.",qwen_medium,p3_sent,16327.22
S020,5,4,a pair of blocks,,,NUMBER,2 blocks,"Eric Bledsoe had 2 blocks, not a pair (which implies 2).",qwen_medium,p3_sent,16327.22
S020,6,1,two rebounds,152.0,153.0,NUMBER,0 rebounds,"Devin Booker had 0 rebounds, not two.",qwen_medium,p3_sent,16327.22
S020,6,2,a steal,155.0,156.0,NUMBER,1 steal,"Devin Booker had 1 steal, not a single steal.",qwen_medium,p3_sent,16327.22
S020,7,1,12 points,162.0,163.0,NUMBER,6 points,"Marquese Chriss scored 6 points, not 12.",qwen_medium,p3_sent,16327.22
S020,7,2,three rebounds,165.0,166.0,NUMBER,3 rebounds,"Marquese Chriss had 3 rebounds, which is correct.",qwen_medium,p3_sent,16327.22
S020,7,3,two assists,168.0,169.0,NUMBER,2 assists,"Marquese Chriss had 2 assists, which is correct.",qwen_medium,p3_sent,16327.22
S020,7,4,a steal,155.0,156.0,NUMBER,1 steal,"Marquese Chriss had 1 steal, not a steal (singular).",qwen_medium,p3_sent,16327.22
S020,7,5,a block,174.0,175.0,NUMBER,1 block,"Marquese Chriss had 1 block, not a block (singular).",qwen_medium,p3_sent,16327.22
S020,8,1,PJ Tucker,177.0,178.0,NAME,E'Twaun Moore,PJ Tucker did not lead the bench; E'Twaun Moore did.,qwen_medium,p3_sent,16327.22
S020,8,2,12 points,162.0,163.0,NUMBER,12 points,"E'Twaun Moore scored 12 points, which is correct, but the attribution to PJ Tucker is incorrect.",qwen_medium,p3_sent,16327.22
S020,8,3,five rebounds,186.0,187.0,NUMBER,4 rebounds,"E'Twaun Moore had 4 rebounds, not 5.",qwen_medium,p3_sent,16327.22
S020,8,4,an assist,189.0,190.0,NUMBER,2 assists,"E'Twaun Moore had 2 assists, not 1.",qwen_medium,p3_sent,16327.22
S020,8,5,a steal,155.0,156.0,NUMBER,4 steals,"E'Twaun Moore had 4 steals, not 1.",qwen_medium,p3_sent,16327.22
S020,9,1,seven rebounds,128.0,129.0,NUMBER,5 rebounds,"Eric Bledsoe had 5 rebounds, not 7.",qwen_medium,p3_sent,16327.22
S020,10,1,12 points,162.0,163.0,NUMBER,6 points,"Marquese Chriss scored 6 points, not 12.",qwen_medium,p3_sent,16327.22
S020,10,2,three rebounds,165.0,166.0,NUMBER,3 rebounds,"Marquese Chriss had 3 rebounds, which is correct.",qwen_medium,p3_sent,16327.22
S020,10,3,two assists,168.0,169.0,NUMBER,2 assists,"Marquese Chriss had 2 assists, which is correct.",qwen_medium,p3_sent,16327.22
S020,10,4,a block,174.0,175.0,NUMBER,1 block,"Marquese Chriss had 1 block, not 'a block'.",qwen_medium,p3_sent,16327.22
S020,11,1,14 points,121.0,122.0,NUMBER,6 points,"Marquese Chriss scored 6 points, not 14.",qwen_medium,p3_sent,16327.22
S020,11,2,three rebounds,165.0,166.0,NUMBER,3 rebounds,"Marquese Chriss had 3 rebounds, which is correct.",qwen_medium,p3_sent,16327.22
S020,11,3,two assists,168.0,169.0,NUMBER,2 assists,"Marquese Chriss had 2 assists, which is correct.",qwen_medium,p3_sent,16327.22
S020,11,4,a block,174.0,175.0,NUMBER,1 block,"Marquese Chriss had 1 block, not a block (which implies 1).",qwen_medium,p3_sent,16327.22
S020,12,1,Brandon Knight,,,NAME,TJ Warren,"The leading scorer for Phoenix was TJ Warren, not Brandon Knight.",qwen_medium,p3_sent,16327.22
S020,12,2,12 points,,,NUMBER,20 points,"TJ Warren scored 20 points, not 12.",qwen_medium,p3_sent,16327.22
S020,12,3,six assists,,,NUMBER,1 assist,"TJ Warren had 1 assist, not 6.",qwen_medium,p3_sent,16327.22
S020,12,4,two rebounds,,,NUMBER,4 rebounds,"TJ Warren had 4 rebounds, not 2.",qwen_medium,p3_sent,16327.22
S020,12,5,a pair of steals,,,NUMBER,2 steals,"TJ Warren had 2 steals, which is correctly stated as 'a pair of steals'.",qwen_medium,p3_sent,16327.22
S020,13,1,seven rebounds,128.0,129.0,NUMBER,7 rebounds,"The number of rebounds is correct, but the story states 'seven' which is the word form of the number.",qwen_medium,p3_sent,16327.22
S020,14,1,six,270.0,270.0,NUMBER,0,"Terrence Jones had 0 assists, not six.",qwen_medium,p3_sent,16327.22
S020,14,2,two,152.0,152.0,NUMBER,2,"Terrence Jones had 2 steals, which is correct, but this is a redundant mention since it matches the box score.",qwen_medium,p3_sent,16327.22
S020,14,3,a,35.0,35.0,NUMBER,1,"Terrence Jones had 1 block, not a single block.",qwen_medium,p3_sent,16327.22
S020,15,1,11,335.0,335.0,NUMBER,11,The points scored by Buddy Hield are correct.,qwen_medium,p3_sent,16327.22
S020,15,2,five,131.0,131.0,NUMBER,3,"Buddy Hield actually had 3 rebounds, not five.",qwen_medium,p3_sent,16327.22
S020,15,3,four,341.0,341.0,NUMBER,4,Buddy Hield's assists are correct.,qwen_medium,p3_sent,16327.22
S020,15,4,a,35.0,35.0,NUMBER,1,"Buddy Hield had 1 steal, not a single steal (which is implied by 'a').",qwen_medium,p3_sent,16327.22
S020,16,1,Suns,3.0,3.0,NAME,Pelicans,"The sentence incorrectly states the Suns are in last place in the Southwest Division, but the box score indicates the Pelicans are the home team.",qwen_medium,p3_sent,16327.22
S020,17,1,Minnesota,364.0,364.0,NAME,Phoenix,"The game was played against the Phoenix Suns, not the Minnesota Timberwolves.",qwen_medium,p3_sent,16327.22
S020,17,2,Timberwolves,369.0,369.0,NAME,Suns,"The game was played against the Phoenix Suns, not the Minnesota Timberwolves.",qwen_medium,p3_sent,16327.22
S020,18,1,an assist,189.0,190.0,NUMBER,1 assist,The sentence states 'an assist' which is incorrect; Anthony Davis had 1 assist according to the box score.,qwen_medium,p3_sent,16327.22
S020,19,1,20,397.0,397.0,NUMBER,30,"Jrue Holiday scored 30 points, not 20.",qwen_medium,p3_sent,16327.22
S020,20,1,a rebound,419.0,420.0,NUMBER,3 rebounds,"Buddy Hield had 3 rebounds, not 1.",qwen_medium,p3_sent,16327.22
S020,20,2,a steal,155.0,156.0,NUMBER,0 steals,"Buddy Hield had 0 steals, not 1.",qwen_medium,p3_sent,16327.22
S020,21,1,a rebound,419.0,420.0,NUMBER,3 rebounds,"Buddy Hield had 3 rebounds, not 1.",qwen_medium,p3_sent,16327.22
S020,21,2,a steal,155.0,156.0,NUMBER,4 steals,"Buddy Hield had 4 steals, not 1.",qwen_medium,p3_sent,16327.22
S020,22,1,remain in last place,349.0,352.0,CONTEXT,,The box score does not provide information about the team's standing in the division.,qwen_medium,p3_sent,16327.22
S021,1,1,Saturday,18.0,18.0,WORD,Friday,"The game was played on Friday, not Saturday.",qwen_medium,p3_sent,16327.22
S021,2,1,Saturday,18.0,18.0,WORD,Friday,"The game was played on Friday, not Saturday.",qwen_medium,p3_sent,16327.22
S021,2,2,38 - point,,,NUMBER,68-point,"The Rockets scored 68 points in the first half, not 38 points in the first quarter.",qwen_medium,p3_sent,16327.22
S021,2,3,pull away,,,CONTEXT,battle back,The Kings did not pull away; they battled back but ultimately lost.,qwen_medium,p3_sent,16327.22
S021,3,1,battled back to make,90.0,93.0,CONTEXT,,"The sentence incorrectly states that both teams made it a one-point game at the end of the third quarter, which is contradictory.",qwen_medium,p3_sent,16327.22
S021,4,1,pull away,74.0,75.0,CONTEXT,,The Kings did not pull away; they were outscored in the fourth quarter.,qwen_medium,p3_sent,16327.22
S021,4,2,38 - 19,153.0,155.0,NUMBER,27 - 30,"The Kings scored 30 points in the fourth quarter, while the Rockets scored 27.",qwen_medium,p3_sent,16327.22
S021,5,1,an assist,177.0,178.0,NUMBER,10 assists,"Harden had 10 assists, not just one.",qwen_medium,p3_sent,16327.22
S021,5,2,five blocks,180.0,181.0,NUMBER,0 blocks,Harden did not record any blocks in this game.,qwen_medium,p3_sent,16327.22
S021,6,1,an assist,177.0,178.0,NUMBER,1 assist,"Eric Gordon had 1 assist, not an assist.",qwen_medium,p3_sent,16327.22
S021,7,1,three rebounds,207.0,208.0,NUMBER,10 rebounds,Incorrect number of rebounds for Clint Capela.,qwen_medium,p3_sent,16327.22
S021,7,2,three assists,210.0,211.0,NUMBER,0 assists,Incorrect number of assists for Clint Capela.,qwen_medium,p3_sent,16327.22
S021,7,3,two steals,213.0,214.0,NUMBER,0 steals,Incorrect number of steals for Clint Capela.,qwen_medium,p3_sent,16327.22
S021,7,4,two blocks,216.0,217.0,NUMBER,2 blocks,"Correct number of blocks for Clint Capela, but included in the list of incorrect stats.",qwen_medium,p3_sent,16327.22
S021,8,1,10 rebounds,232.0,233.0,NUMBER,9 rebounds,"Trevor Ariza had 9 rebounds, not 10.",qwen_medium,p3_sent,16327.22
S021,8,2,two blocks,216.0,217.0,NUMBER,0 blocks,"Trevor Ariza had 0 blocks, not 2.",qwen_medium,p3_sent,16327.22
S021,9,1,10 rebounds,232.0,233.0,NUMBER,9 rebounds,"Trevor Ariza had 9 rebounds, not 10.",qwen_medium,p3_sent,16327.22
S021,10,1,17,204.0,204.0,NUMBER,3,"Sam Dekker scored 3 points, not 17.",qwen_medium,p3_sent,16327.22
S021,10,2,three rebounds,207.0,208.0,NUMBER,3 rebounds,"Sam Dekker had 3 rebounds, which is correct.",qwen_medium,p3_sent,16327.22
S021,10,3,three assists,210.0,211.0,NUMBER,3 assists,"Sam Dekker had 3 assists, which is correct.",qwen_medium,p3_sent,16327.22
S021,10,4,two steals,213.0,214.0,NUMBER,2 steals,"Sam Dekker had 2 steals, which is correct.",qwen_medium,p3_sent,16327.22
S021,10,5,two blocks,216.0,217.0,NUMBER,0 blocks,"Sam Dekker had 0 blocks, not 2.",qwen_medium,p3_sent,16327.22
S021,11,1,an assist,177.0,178.0,NUMBER,10 assists,"Harden had 10 assists, not just one.",qwen_medium,p3_sent,16327.22
S021,11,2,five blocks,180.0,181.0,NUMBER,0 blocks,Harden did not record any blocks in this game.,qwen_medium,p3_sent,16327.22
S021,12,1,three steals,326.0,327.0,NUMBER,1 steal,"Rudy Gay had only 1 steal, not 3.",qwen_medium,p3_sent,16327.22
S021,13,1,18 - point,335.0,337.0,NUMBER,8 points,"Darren Collison scored 8 points, not 18.",qwen_medium,p3_sent,16327.22
S021,13,2,10 - rebound,339.0,341.0,NUMBER,3 rebounds,"Darren Collison had 3 rebounds, not 10.",qwen_medium,p3_sent,16327.22
S021,14,1,18,229.0,229.0,NUMBER,8,"Darren Collison scored 8 points, not 18.",qwen_medium,p3_sent,16327.22
S021,15,1,12 - rebound,384.0,386.0,NUMBER,4,"Rudy Gay had 4 rebounds, not 12.",qwen_medium,p3_sent,16327.22
S021,16,1,18,229.0,229.0,NUMBER,8,"Darren Collison scored 8 points, not 18.",qwen_medium,p3_sent,16327.22
S021,17,1,Saturday,18.0,18.0,WORD,Sunday,"The Rockets' next game is on Sunday, not Saturday.",qwen_medium,p3_sent,16327.22
S021,17,2,Saturday,18.0,18.0,WORD,Sunday,"The Kings' next game is on Sunday, not Saturday.",qwen_medium,p3_sent,16327.22
S022,3,1,8 ties,41.0,42.0,NUMBER,0 ties,The box score does not indicate any ties in the game.,qwen_medium,p3_sent,16327.22
S022,3,2,10 lead changes,44.0,46.0,NUMBER,0 lead changes,The box score does not indicate any lead changes in the game.,qwen_medium,p3_sent,16327.22
S022,3,3,more than 8 points,55.0,58.0,CONTEXT,not applicable,The statement about neither team leading by more than 8 points is not verifiable from the provided box score data.,qwen_medium,p3_sent,16327.22
S022,4,1,22 percent,79.0,80.0,NUMBER,22 percent,The box score confirms the Timberwolves shot 22 percent from three-point range.,qwen_medium,p3_sent,16327.22
S022,5,1,43 - 34,102.0,104.0,NUMBER,43 - 34,The rebounding numbers are correct according to the box score.,qwen_medium,p3_sent,16327.22
S022,6,1,Anthony Davis,106.0,107.0,NAME,Karl-Anthony Towns,Anthony Davis did not lead the Timberwolves in scoring; Karl-Anthony Towns did.,qwen_medium,p3_sent,16327.22
S022,6,2,42,114.0,114.0,NUMBER,36,"Karl-Anthony Towns scored 36 points, not 42.",qwen_medium,p3_sent,16327.22
S022,7,1,12 assists,155.0,156.0,NUMBER,12 assists,"The number of assists is correct, but the order of the words is reversed.",qwen_medium,p3_sent,16327.22
S022,8,1,second on the team,141.0,144.0,CONTEXT,,"Buddy Hield was third on the team in scoring, not second.",qwen_medium,p3_sent,16327.22
S022,9,1,three,82.0,82.0,NUMBER,1,"Gorgui Dieng had 1 steal, not 3.",qwen_medium,p3_sent,16327.22
S022,10,1,Buddy Hield,158.0,159.0,NAME,Karl-Anthony Towns,Buddy Hield did not lead Minnesota in scoring; Karl-Anthony Towns did.,qwen_medium,p3_sent,16327.22
S022,10,2,17,169.0,169.0,NUMBER,36,"Karl-Anthony Towns scored 36 points, not 17.",qwen_medium,p3_sent,16327.22
S022,10,3,four,205.0,205.0,NUMBER,8,"Karl-Anthony Towns had 8 rebounds, not four.",qwen_medium,p3_sent,16327.22
S022,11,1,three,82.0,82.0,NUMBER,1,"Gorgui Dieng had 1 steal, not 3.",qwen_medium,p3_sent,16327.22
S022,12,1,Friday,18.0,18.0,NUMBER,Sunday,"The next game is on Sunday, not Friday.",qwen_medium,p3_sent,16327.22
S022,13,1,17th,272.0,272.0,NUMBER,21st,"The Pelicans have 21 wins, not 17.",qwen_medium,p3_sent,16327.22
S022,13,2,Verizon Center,275.0,276.0,NAME,Target Center,"The game was played at Target Center, not Verizon Center.",qwen_medium,p3_sent,16327.22
S022,14,1,Minnesota,7.0,7.0,NAME,New Orleans,"Anthony Davis played for the New Orleans Pelicans, not the Minnesota Timberwolves.",qwen_medium,p3_sent,16327.22
S022,15,1,12,155.0,155.0,NUMBER,12 assists,"The box score shows Jrue Holiday had 12 assists, not 12 points.",qwen_medium,p3_sent,16327.22
S023,1,1,Wednesday,19.0,19.0,WORD,Sunday,"The game was played on Sunday, not Wednesday.",qwen_medium,p3_sent,16327.22
S023,2,1,expected,23.0,23.0,CONTEXT,,The box score does not indicate that Dallas was expected to win easily.,qwen_medium,p3_sent,16327.22
S023,3,1,11,56.0,56.0,NUMBER,30,"The lead was 30 points, not 11 points, in the second half.",qwen_medium,p3_sent,16327.22
S023,4,1,17,85.0,85.0,NUMBER,10,"The box score shows the Lakers committed 10 turnovers, not 17.",qwen_medium,p3_sent,16327.22
S023,5,1,Justin Anderson,88.0,89.0,NAME,Justin Anderson,"The name is correct, but the player did not lead the team in scoring.",qwen_medium,p3_sent,16327.22
S023,5,2,led the way for Dallas,90.0,94.0,CONTEXT,led the team in scoring,"While Justin Anderson did score 19 points, he did not lead the team in scoring; he led the team in scoring off the bench.",qwen_medium,p3_sent,16327.22
S023,6,1,5 - 11,,,NUMBER,6-of-11,Justin Anderson's shooting percentage is incorrect.,qwen_medium,p3_sent,16327.22
S023,7,1,Deron Williams,131.0,132.0,NAME,Seth Curry,Deron Williams was not the only other starter in double figures; Seth Curry was.,qwen_medium,p3_sent,16327.22
S023,7,2,accumulated,144.0,144.0,WORD,tallied,The correct term used in the box score is 'tallied' rather than 'accumulated'.,qwen_medium,p3_sent,16327.22
S023,8,1,led the bench,156.0,158.0,WORD,led the team,"Justin Anderson led the team in scoring, not specifically the bench.",qwen_medium,p3_sent,16327.22
S023,9,1,double - double,177.0,179.0,WORD,"nine points, six rebounds and four assists","Randle did not record a double-double; he had 9 points, 6 rebounds, and 4 assists.",qwen_medium,p3_sent,16327.22
S023,10,1,Lakers,8.0,8.0,NAME,Mavericks,The sentence incorrectly attributes Justin Anderson's performance to the Lakers instead of the Mavericks.,qwen_medium,p3_sent,16327.22
S023,11,1,the only other,134.0,136.0,CONTEXT,,"The sentence implies there was another Laker in double figures besides Randle, which is incorrect.",qwen_medium,p3_sent,16327.22
S023,12,1,home,239.0,239.0,WORD,away,"The Lakers are playing the Portland Trail Blazers on the road, not at home.",qwen_medium,p3_sent,16327.22
S023,13,1,five - straight,,,NUMBER,one,The Mavericks have only won one game according to the box score.,qwen_medium,p3_sent,16327.22
S023,14,1,player of the game,276.0,279.0,CONTEXT,,The statement is misleading as Justin Anderson was not officially named the player of the game.,qwen_medium,p3_sent,16327.22
S023,14,2,5 - of - 11,124.0,128.0,NUMBER,5-of-11,"The shooting percentage is correct, but the format should match the box score.",qwen_medium,p3_sent,16327.22
S023,15,1,second,49.0,49.0,WORD,first,"Justin Anderson was the leading scorer off the bench, not the second.",qwen_medium,p3_sent,16327.22
S024,1,1,Saturday,18.0,18.0,WORD,Friday,"The game was played on Friday, not Saturday.",qwen_medium,p3_sent,16327.22
S024,2,1,Wednesday,29.0,29.0,WORD,Friday,"The game was played on Friday, not Wednesday.",qwen_medium,p3_sent,16327.22
S024,2,2,pierce Golden State 's armor,55.0,59.0,CONTEXT,None,"The Warriors won the game, so the Kings did not pierce their armor.",qwen_medium,p3_sent,16327.22
S024,2,3,Gregg Popovich,64.0,65.0,NAME,Steve Kerr,"Gregg Popovich is the coach of the San Antonio Spurs, not the Warriors.",qwen_medium,p3_sent,16327.22
S024,2,4,season - high 114 points,70.0,74.0,NUMBER,114 points,"The Warriors scored 114 points, not the Kings.",qwen_medium,p3_sent,16327.22
S024,3,1,seven,91.0,91.0,NUMBER,6,"Curry had 6 rebounds, not 7.",qwen_medium,p3_sent,16327.22
S024,4,1,four,103.0,103.0,NUMBER,3,"Draymond Green had 3 rebounds, not 4.",qwen_medium,p3_sent,16327.22
S024,5,1,a rebound,125.0,126.0,NUMBER,10 rebounds,The sentence states 'a rebound' which is incorrect; the box score shows 10 rebounds.,qwen_medium,p3_sent,16327.22
S024,6,1,Buddy Hield,142.0,143.0,NAME,Steph Curry,Buddy Hield did not lead the Warriors in scoring; it was Steph Curry.,qwen_medium,p3_sent,16327.22
S024,6,2,22,145.0,145.0,NUMBER,27,"Steph Curry scored 27 points, not 22.",qwen_medium,p3_sent,16327.22
S024,7,1,4 - assist,169.0,171.0,NUMBER,8 assists,"Draymond Green had 8 assists, not 4.",qwen_medium,p3_sent,16327.22
S024,7,2,four rebounds,103.0,104.0,NUMBER,4 rebounds,"Draymond Green had 4 rebounds, which is correct, but the assists were wrong.",qwen_medium,p3_sent,16327.22
S024,8,1,10 points,119.0,120.0,NUMBER,10 points,"The number of points is correct, but the context suggests he led the second unit, which is not verifiable from the box score.",qwen_medium,p3_sent,16327.22
S024,8,2,second unit,191.0,192.0,CONTEXT,N/A,"The box score does not provide information about which players were part of the second unit, so this claim is not checkable.",qwen_medium,p3_sent,16327.22
S024,9,1,11,213.0,213.0,NUMBER,11 points,"Ben McLemore actually scored 11 points, which is correct.",qwen_medium,p3_sent,16327.22
S024,9,2,one,184.0,184.0,NUMBER,1 rebound,"Ben McLemore actually had 1 rebound, which is correct.",qwen_medium,p3_sent,16327.22
S024,9,3,two,158.0,158.0,NUMBER,2 assists,"Ben McLemore actually had 2 assists, which is correct.",qwen_medium,p3_sent,16327.22
S024,9,4,one,184.0,184.0,NUMBER,1 steal,"Ben McLemore actually had 1 steal, which is correct.",qwen_medium,p3_sent,16327.22
S024,10,1,Stephen Curry,76.0,77.0,NAME,Buddy Hield,Stephen Curry did not play for the Kings; he played for the Warriors.,qwen_medium,p3_sent,16327.22
S024,10,2,paced the Kings,227.0,229.0,CONTEXT,led the Warriors,"Stephen Curry led the Warriors, not the Kings.",qwen_medium,p3_sent,16327.22
S024,10,3,12 - assist,236.0,238.0,NUMBER,12 assists,"Stephen Curry had 12 assists, which is correct, but the context is wrong since he played for the Warriors.",qwen_medium,p3_sent,16327.22
S024,10,4,seven rebounds,91.0,92.0,NUMBER,7 rebounds,"Stephen Curry had 7 rebounds, which is correct, but the context is wrong since he played for the Warriors.",qwen_medium,p3_sent,16327.22
S024,11,1,bench - leading,257.0,259.0,WORD,team-high,"Hield's 22 points were the team-high, not bench-leading.",qwen_medium,p3_sent,16327.22
S024,12,1,four,103.0,103.0,NUMBER,3,"Draymond Green had 3 rebounds, not 4.",qwen_medium,p3_sent,16327.22
S024,13,1,reserve,304.0,304.0,WORD,starter,Willie Cauley-Stein started the game according to the box score.,qwen_medium,p3_sent,16327.22
S025,1,1,109 - 103,,,NUMBER,109 - 103,The final score is correct according to the box score.,qwen_medium,p3_sent,16327.22
S025,2,1,13 - 3,,,NUMBER,13 - 3,"The record is correct, but the context is misleading.",qwen_medium,p3_sent,16327.22
S025,2,2,nine points,,,NUMBER,17 points,The score difference is incorrect.,qwen_medium,p3_sent,16327.22
S025,2,3,to their eighth home victory,,,NUMBER,to their ninth home victory,The number of home victories is incorrect.,qwen_medium,p3_sent,16327.22
S025,3,1,8 - of - 18,,,NUMBER,8 of 18,Corrected the hyphenation to match the box score format.,qwen_medium,p3_sent,16327.22
S025,3,2,3 - of - 7,,,NUMBER,3 of 7,Corrected the hyphenation to match the box score format.,qwen_medium,p3_sent,16327.22
S025,4,1,four,111.0,111.0,NUMBER,8,"Kawhi Leonard had 8 assists, not 4.",qwen_medium,p3_sent,16327.22
S025,5,1,8 - of - 15,145.0,149.0,NUMBER,6 of 9,"Avery Bradley's shooting was 6 of 9, not 8 of 15.",qwen_medium,p3_sent,16327.22
S025,6,1,a rebound,179.0,180.0,NUMBER,1 rebound,"Isaiah Thomas had 1 rebound, not just a single unspecified rebound.",qwen_medium,p3_sent,16327.22
S025,7,1,eight,182.0,182.0,NUMBER,7,"Avery Bradley had 7 rebounds, not 8.",qwen_medium,p3_sent,16327.22
S025,8,1,10 points,232.0,233.0,NUMBER,10 points,The box score confirms LaMarcus Aldridge scored 10 points.,qwen_medium,p3_sent,16327.22
S025,8,2,four rebounds,235.0,236.0,NUMBER,4 rebounds,The box score confirms LaMarcus Aldridge had 4 rebounds.,qwen_medium,p3_sent,16327.22
S025,8,3,four assists,111.0,112.0,NUMBER,4 assists,The box score confirms LaMarcus Aldridge had 4 assists.,qwen_medium,p3_sent,16327.22
S025,9,1,46 percent,254.0,255.0,NUMBER,35 percent,"The Celtics' three-point shooting percentage was 35%, not 46%.",qwen_medium,p3_sent,16327.22
S026,1,1,David West,11.0,12.0,NAME,Indiana Pacers,Incorrectly replaced the team name with a player name.,qwen_medium,p3_sent,16327.22
S026,1,2,116 - 0,18.0,20.0,NUMBER,116 - 99,Incorrect final score; the correct score is 116-99.,qwen_medium,p3_sent,16327.22
S026,1,3,Wednesday,22.0,22.0,WORD,Tuesday,Incorrect day of the week; the game was played on Tuesday.,qwen_medium,p3_sent,16327.22
S026,2,1,26 - 27,,,NUMBER,26 - 28,"The Suns scored 26 points in the first quarter, while the Pacers scored 28.",qwen_medium,p3_sent,16327.22
S026,3,1,12 - for - 12,85.0,89.0,NUMBER,7 - for - 7,"The Suns' free throw record is 7-for-7, not 12-for-12.",qwen_medium,p3_sent,16327.22
S026,3,2,0 - for - 3,96.0,100.0,NUMBER,5 - for - 6,"The Suns' three-point shooting record is 5-for-6, not 0-for-3.",qwen_medium,p3_sent,16327.22
S026,4,1,Eric Dragic,,,NAME,Goran Dragic,The name 'Eric Dragic' is incorrect; the correct name is 'Goran Dragic'.,qwen_medium,p3_sent,16327.22
S026,5,1,five rebounds,155.0,156.0,NUMBER,no rebounds,Dragic had 0 rebounds according to the box score.,qwen_medium,p3_sent,16327.22
S026,5,2,three steals,158.0,159.0,NUMBER,4 steals,Dragic had 4 steals according to the box score.,qwen_medium,p3_sent,16327.22
S026,6,1,second double - double,175.0,178.0,NUMBER,no double-double,Dragic did not record a double-double in this game.,qwen_medium,p3_sent,16327.22
S026,7,1,11 - 15 FG,,,NUMBER,11 - 15,"The field goal attempts are correct, but the field goals made should be 11.",qwen_medium,p3_sent,16327.22
S026,7,2,7 - 7 FT,,,NUMBER,7 - 7,The free throws made and attempted are correct.,qwen_medium,p3_sent,16327.22
S026,7,3,five rebounds,155.0,156.0,NUMBER,3 rebounds,"Dragic had 3 rebounds, not five.",qwen_medium,p3_sent,16327.22
S026,7,4,three assists,209.0,210.0,NUMBER,3 assists,"Dragic had 3 assists, which is correct.",qwen_medium,p3_sent,16327.22
S026,7,5,four steals,237.0,238.0,NUMBER,4 steals,"Dragic had 4 steals, which is correct.",qwen_medium,p3_sent,16327.22
S026,7,6,11 - 20 FG,,,NUMBER,11 - 20,"The field goal attempts are correct, but the field goals made should be 11.",qwen_medium,p3_sent,16327.22
S026,7,7,4 - 7 FT,,,NUMBER,4 - 5,"Bledsoe had 4 free throws made out of 5 attempts, not 7.",qwen_medium,p3_sent,16327.22
S026,8,1,second,175.0,175.0,NUMBER,fifth,"The box score indicates this is Roy Hibbert's fifth double-double, not second.",qwen_medium,p3_sent,16327.22
S026,9,1,6 - 14 FG,,,NUMBER,5 - 12 FG,Incorrect field goal statistics for Roy Hibbert.,qwen_medium,p3_sent,16327.22
S026,9,2,0 - 0 3Pt,,,NUMBER,0 - 1 3Pt,Incorrect three-point field goal statistics for Roy Hibbert.,qwen_medium,p3_sent,16327.22
S026,10,1,10 points,316.0,317.0,NUMBER,15 points,"The box score shows Roy Hibbert scored 15 points, not 10.",qwen_medium,p3_sent,16327.22
S026,10,2,16 rebounds,319.0,320.0,NUMBER,10 rebounds,"The box score shows Roy Hibbert had 10 rebounds, not 16.",qwen_medium,p3_sent,16327.22
S026,11,1,4 - 4 FT,,,NUMBER,4 - 5 FT,"CJ Miles made 4 out of 5 free throws, not 4 out of 4.",qwen_medium,p3_sent,16327.22
S026,12,1,second,175.0,175.0,NUMBER,fifth,"The box score indicates this is Roy Hibbert's fifth double-double, not second.",qwen_medium,p3_sent,16327.22
S026,13,1,6 - 14 FG,,,NUMBER,5 - 14 FG,Incorrect field goal attempts for Roy Hibbert.,qwen_medium,p3_sent,16327.22
S026,13,2,0 - 0 3Pt,,,NUMBER,0 - 3 3Pt,Incorrect three-point field goal attempts for Roy Hibbert.,qwen_medium,p3_sent,16327.22
S026,14,1,10 points and 6 rebounds,424.0,428.0,NUMBER,10 points (5-12 FG) and 6 rebounds,"The points and rebounds are correct, but the shooting percentage is missing.",qwen_medium,p3_sent,16327.22
S026,15,1,4 - 4,,,NUMBER,4 - 3,"CJ Miles made 4 out of 4 free throws, but the box score shows 4 out of 3.",qwen_medium,p3_sent,16327.22
S026,16,1,6,135.0,135.0,NUMBER,4,"David West actually had 4 rebounds, not 6.",qwen_medium,p3_sent,16327.22
S026,17,1,CJ Miles,324.0,325.0,CONTEXT,"CJ Miles, CJ Watson and Chris Copeland",CJ Miles was not the only starter to reach double figures; the sentence is misleading.,qwen_medium,p3_sent,16327.22
S026,18,1,seven rebounds,530.0,531.0,NUMBER,2 rebounds,"CJ Miles had 2 rebounds, not 7.",qwen_medium,p3_sent,16327.22
S026,18,2,a steal,533.0,534.0,NUMBER,1 steal,"CJ Miles had 1 steal, not a steal (which implies 1).",qwen_medium,p3_sent,16327.22
S026,19,1,at home,543.0,544.0,WORD,on the road,"The Suns' next game is on the road, not at home.",qwen_medium,p3_sent,16327.22
S026,19,2,Toronto Raptors,547.0,548.0,NAME,Dallas Mavericks,"The Suns' next game is against the Dallas Mavericks, not the Toronto Raptors.",qwen_medium,p3_sent,16327.22
S026,19,3,Brooklyn Nets,561.0,562.0,NAME,Trail Blazers,"The Pacers' next game is against the Trail Blazers, not the Brooklyn Nets.",qwen_medium,p3_sent,16327.22
S027,1,1,defeated,10.0,10.0,WORD,lost to,"The Knicks lost the game, they did not defeat the Rockets.",qwen_medium,p3_sent,16327.22
S027,1,2,111 - 111,,,NUMBER,111 - 116,"The correct score is 111-116, not 111-111.",qwen_medium,p3_sent,16327.22
S027,1,3,Wednesday,23.0,23.0,WORD,Sunday,"The game was played on Sunday, not Wednesday.",qwen_medium,p3_sent,16327.22
S027,2,1,out - scoring the Knicks,,,CONTEXT,out-scoring the Rockets,"The sentence incorrectly states that the Knicks out-scored the Knicks, which is logically impossible.",qwen_medium,p3_sent,16327.22
S027,3,1,Rockets were the superior,59.0,62.0,CONTEXT,,"The sentence incorrectly states that the Rockets were the superior shooters, when the box score shows the Knicks shot 58% from the field compared to the Rockets' 45%.",qwen_medium,p3_sent,16327.22
S027,3,2,58 percent from the field,69.0,73.0,NUMBER,45 percent,"The Rockets actually shot 45% from the field, not 58%.",qwen_medium,p3_sent,16327.22
S027,3,3,33 percent from the three,75.0,79.0,NUMBER,28 percent,"The Rockets actually shot 28% from the three-point line, not 33%.",qwen_medium,p3_sent,16327.22
S027,4,1,2 - for - 4,,,NUMBER,1 - for - 4,"Afflalo made 1 three-pointer out of 4 attempts, not 2.",qwen_medium,p3_sent,16327.22
S027,4,2,seven rebounds,,,NUMBER,5 rebounds,"Afflalo had 5 rebounds, not 7.",qwen_medium,p3_sent,16327.22
S027,4,3,three assists,,,NUMBER,4 assists,"Afflalo had 4 assists, not 3.",qwen_medium,p3_sent,16327.22
S027,5,1,career - high,,,WORD,season-high,The term 'career-high' is incorrect; it should be 'season-high' based on the box score.,qwen_medium,p3_sent,16327.22
S027,5,2,seven rebounds,,,NUMBER,5 rebounds,"The number of rebounds is incorrect; Afflalo had 5 rebounds, not 7.",qwen_medium,p3_sent,16327.22
S027,6,1,45 points,206.0,207.0,NUMBER,28 points,The total points over the last two games is incorrect.,qwen_medium,p3_sent,16327.22
S027,6,2,10 rebounds,209.0,210.0,NUMBER,17 rebounds,The total rebounds over the last two games is incorrect.,qwen_medium,p3_sent,16327.22
S027,7,1,( 8 - 13 FG,,,NUMBER,"(8 - 13 FG, 0 - 1 3Pt, 4 - 4 FT)","The field goal attempts are correct, but the 3-point attempts and free throws need to be included.",qwen_medium,p3_sent,16327.22
S027,8,1,Wednesday,23.0,23.0,WORD,Monday,"The Pistons game is on Monday, not Wednesday.",qwen_medium,p3_sent,16327.22
S028,1,1,Saturday,17.0,17.0,WORD,Wednesday,"The game was played on Wednesday, not Saturday.",qwen_medium,p3_sent,16327.22
S028,2,1,mocked,29.0,29.0,WORD,praised,The Wizards have not been mocked for the 'Trust the Process' slogan; it is more commonly associated with the Philadelphia 76ers.,qwen_medium,p3_sent,16327.22
S028,2,2,first - round win,,,CONTEXT,playoff aspirations,"The phrase 'first-round win' is misleading as it suggests the Wizards have already won a playoff series, which is not supported by the box score or typical context.",qwen_medium,p3_sent,16327.22
S028,3,1,9 - 21,70.0,72.0,NUMBER,9 - 44,The Nets' record is incorrectly stated.,qwen_medium,p3_sent,16327.22
S028,4,1,31 - 44,102.0,104.0,NUMBER,31 - 21,The Wizards' record is incorrectly stated as 31-44 instead of 31-21.,qwen_medium,p3_sent,16327.22
S028,4,2,59 - 48,123.0,125.0,NUMBER,59 - 49,The halftime score difference is incorrectly stated as 59-48 instead of 59-49.,qwen_medium,p3_sent,16327.22
S028,5,1,23 - point,,,NUMBER,"23-point, 31-point","John Wall scored 23 points, but Bradley Beal scored 31 points.",qwen_medium,p3_sent,16327.22
S028,5,2,2 rebounds,,,NUMBER,6 rebounds,"John Wall had 6 rebounds, not 2.",qwen_medium,p3_sent,16327.22
S028,6,1,"an assist , a steal",193.0,197.0,NUMBER,"one assist, one steal and one block",The number of assists and steals for Marcin Gortat is incorrect.,qwen_medium,p3_sent,16327.22
S028,7,1,led the second unit,204.0,207.0,WORD,"scored 10 points, had 4 rebounds, and 2 assists","The sentence incorrectly states that Sean Kilpatrick led the second unit, which is not verifiable from the box score.",qwen_medium,p3_sent,16327.22
S028,8,1,Bradley Beal,148.0,149.0,NAME,Bojan Bogdanovic,Bradley Beal did not lead the Nets; Bojan Bogdanovic did.,qwen_medium,p3_sent,16327.22
S028,8,2,Brooklyn,6.0,6.0,NAME,Washington,"Bradley Beal played for Washington, not Brooklyn.",qwen_medium,p3_sent,16327.22
S028,9,1,Jr,241.0,241.0,WORD,,The suffix 'Jr' is not present in the box score for Otto Porter.,qwen_medium,p3_sent,16327.22
S028,10,1,a steal,196.0,197.0,NUMBER,one,"Rondae Hollis-Jefferson had one steal, not a steal.",qwen_medium,p3_sent,16327.22
S028,11,1,a steal,196.0,197.0,NUMBER,one steal,"The box score shows Jason Smith had one steal, not a single steal.",qwen_medium,p3_sent,16327.22
S028,12,1,led the second unit,204.0,207.0,WORD,"scored 10 points, had 4 rebounds, and 2 assists",The statement about Sean Kilpatrick leading the second unit is incorrect based on the box score.,qwen_medium,p3_sent,16327.22
S028,13,1,Bradley Beal,148.0,149.0,NAME,Bojan Bogdanovic,Bradley Beal did not lead the Nets; Bojan Bogdanovic did.,qwen_medium,p3_sent,16327.22
S028,13,2,31,23.0,23.0,NUMBER,21,"Bradley Beal scored 31 points, but the sentence incorrectly attributes this to the Nets' leading scorer.",qwen_medium,p3_sent,16327.22
S028,14,1,four assists,347.0,348.0,NUMBER,4 assists,"The number of assists is correct, but the word 'four' should be '4'.",qwen_medium,p3_sent,16327.22
S028,15,1,one assist,257.0,258.0,NUMBER,1 assist,"The number of assists is correct, but the word 'one' is redundant.",qwen_medium,p3_sent,16327.22
S028,16,1,Sean Kilpatrick,202.0,203.0,NAME,Jason Smith,"Jason Smith, not Sean Kilpatrick, led the second unit with 15 points, eight rebounds, and one steal.",qwen_medium,p3_sent,16327.22
S028,16,2,10 points,209.0,210.0,NUMBER,15 points,"Jason Smith scored 15 points, not 10.",qwen_medium,p3_sent,16327.22
S028,16,3,four rebounds,212.0,213.0,NUMBER,eight rebounds,"Jason Smith had 8 rebounds, not 4.",qwen_medium,p3_sent,16327.22
S028,17,1,Detroit Pistons,405.0,406.0,NAME,Indiana Pacers,"The story incorrectly states the Nets will play the Detroit Pistons, when the box score indicates they will play the Indiana Pacers.",qwen_medium,p3_sent,16327.22
S028,17,2,Phoenix Suns,419.0,420.0,NAME,Miami Heat,"The story incorrectly states the Nets will play the Phoenix Suns, when the box score indicates they will play the Miami Heat.",qwen_medium,p3_sent,16327.22
S029,1,1,Wednesday,17.0,17.0,WORD,Monday,"The game was played on Monday, not Wednesday.",qwen_medium,p3_sent,16327.22
S029,2,1,Friday,29.0,29.0,WORD,Monday,"The game was played on Monday, not Friday.",qwen_medium,p3_sent,16327.22
S029,3,1,24 - 19,,,NUMBER,23 - 24,The third quarter score is incorrect according to the box score.,qwen_medium,p3_sent,16327.22
S029,4,1,24 - 19,83.0,85.0,NUMBER,23 - 24,The third quarter score is incorrect; the Mavericks outscored the Timberwolves 24-23.,qwen_medium,p3_sent,16327.22
S029,5,1,one steal,145.0,146.0,NUMBER,0 steals,Harrison Barnes had 0 steals according to the box score.,qwen_medium,p3_sent,16327.22
S029,6,1,11 points,152.0,153.0,NUMBER,"11 points (should be 11 assists, 5 points)",The points and assists are swapped in the story.,qwen_medium,p3_sent,16327.22
S029,6,2,seven assists,155.0,156.0,NUMBER,"7 assists (should be 7 points, 11 assists)",The points and assists are swapped in the story.,qwen_medium,p3_sent,16327.22
S029,7,1,bench - leading,170.0,172.0,WORD,starting,"Wesley Matthews started the game, not coming off the bench.",qwen_medium,p3_sent,16327.22
S029,7,2,37,173.0,173.0,NUMBER,37,"Wesley Matthews played 37 minutes, but did not score 37 points. He scored 2 points.",qwen_medium,p3_sent,16327.22
S029,8,1,seven,155.0,155.0,NUMBER,7,The number of assists is incorrect.,qwen_medium,p3_sent,16327.22
S029,9,1,14,210.0,210.0,NUMBER,"14 points, 4 assists, 2 rebounds, 1 steal","J.J. Barea had 14 points, 4 assists, 2 rebounds, and 1 steal, not 2 steals.",qwen_medium,p3_sent,16327.22
S029,10,1,14,210.0,210.0,NUMBER,"14 points, 4 assists, 2 rebounds, 1 steal","The box score shows J.J. Barea had 14 points, 4 assists, 2 rebounds, and 1 steal.",qwen_medium,p3_sent,16327.22
S029,11,1,12,22.0,22.0,NUMBER,8,"JJ Barea scored 8 points, not 12.",qwen_medium,p3_sent,16327.22
S029,11,2,four,183.0,183.0,NUMBER,4,"The number of assists is correct, but the number of points is incorrect, which affects the overall accuracy.",qwen_medium,p3_sent,16327.22
S029,11,3,two,139.0,139.0,NUMBER,2,"The number of rebounds is correct, but the number of points is incorrect, which affects the overall accuracy.",qwen_medium,p3_sent,16327.22
S029,11,4,one,51.0,51.0,NUMBER,0,JJ Barea did not record a steal in this game.,qwen_medium,p3_sent,16327.22
S029,12,1,Northwest,270.0,270.0,WORD,Southwest,"The Mavericks are in the Southwest Division, not the Northwest Division.",qwen_medium,p3_sent,16327.22
S029,13,1,Wednesday,17.0,17.0,WORD,Monday,"The game was played on Monday, not Wednesday.",qwen_medium,p3_sent,16327.22
S029,14,1,three blocks and three blocks,310.0,314.0,NUMBER,three blocks,The sentence incorrectly states 'three blocks and three blocks' instead of just 'three blocks'.,qwen_medium,p3_sent,16327.22
S029,15,1,one block,329.0,330.0,NUMBER,0 blocks,Andrew Wiggins did not record any blocks in this game.,qwen_medium,p3_sent,16327.22
S029,16,1,11 points,152.0,153.0,NUMBER,5 points,"Shabazz Muhammad scored 5 points, not 11.",qwen_medium,p3_sent,16327.22
S029,16,2,two rebounds,139.0,140.0,NUMBER,2 rebounds,"Shabazz Muhammad had 2 rebounds, which is correct.",qwen_medium,p3_sent,16327.22
S029,16,3,two assists,343.0,344.0,NUMBER,0 assists,"Shabazz Muhammad had 0 assists, not 2.",qwen_medium,p3_sent,16327.22
S029,16,4,two steals,219.0,220.0,NUMBER,0 steals,"Shabazz Muhammad had 0 steals, not 2.",qwen_medium,p3_sent,16327.22
S029,17,1,11,77.0,77.0,NUMBER,"11 points (actual: 11 points, but the box score shows 11 points, which is correct)",The points scored by Shabazz Muhammad are correctly stated as 11.,qwen_medium,p3_sent,16327.22
S029,17,2,two,139.0,139.0,NUMBER,"2 rebounds (actual: 2 rebounds, which is correct)",The rebounds by Shabazz Muhammad are correctly stated as 2.,qwen_medium,p3_sent,16327.22
S029,17,3,two,139.0,139.0,NUMBER,"0 assists (actual: 0 assists, not 2)",The assists by Shabazz Muhammad are incorrectly stated as 2; the box score shows 0 assists.,qwen_medium,p3_sent,16327.22
S029,17,4,two,139.0,139.0,NUMBER,"1 steal (actual: 1 steal, not 2)",The steals by Shabazz Muhammad are incorrectly stated as 2; the box score shows 1 steal.,qwen_medium,p3_sent,16327.22
S029,18,1,last place,263.0,264.0,CONTEXT,,"The box score does not provide information about the team standings, so this cannot be verified.",qwen_medium,p3_sent,16327.22
S030,1,1,Wednesday,18.0,18.0,WORD,Monday,"The game was played on Monday, not Wednesday.",qwen_medium,p3_sent,16327.22
S030,2,1,overtime,35.0,35.0,WORD,regular time,"The game was won in regulation, not overtime.",qwen_medium,p3_sent,16327.22
S030,3,1,34 - 21,58.0,60.0,NUMBER,34 - 21,"The fourth quarter score is correct, but the third quarter score should be checked.",qwen_medium,p3_sent,16327.22
S030,4,1,42 - 34,83.0,85.0,NUMBER,42 - 46,"The box score shows the Hornets had 46 rebounds, not 34.",qwen_medium,p3_sent,16327.22
S030,5,1,have now won,94.0,96.0,CONTEXT,,The statement about winning five of their last seven games is not verifiable from the box score.,qwen_medium,p3_sent,16327.22
S030,6,1,12,126.0,126.0,NUMBER,12 points,"Kemba Walker scored 12 points, which is correct, but the statement that he 'led the team' is incorrect.",qwen_medium,p3_sent,16327.22
S030,7,1,second on the team,138.0,141.0,CONTEXT,,Batum's performance was not second on the team; multiple players had higher or equal contributions.,qwen_medium,p3_sent,16327.22
S030,8,1,Cody Zeller,155.0,156.0,NAME,Michael Kidd-Gilchrist,Cody Zeller did not start the game; Michael Kidd-Gilchrist did.,qwen_medium,p3_sent,16327.22
S030,8,2,11 points,169.0,170.0,NUMBER,6 points,"Cody Zeller scored 6 points, not 11.",qwen_medium,p3_sent,16327.22
S030,8,3,seven rebounds,172.0,173.0,NUMBER,10 rebounds,"Cody Zeller had 10 rebounds, not 7.",qwen_medium,p3_sent,16327.22
S030,8,4,two blocks,175.0,176.0,NUMBER,1 block,"Cody Zeller had 1 block, not 2.",qwen_medium,p3_sent,16327.22
S030,9,1,Los Angeles Clippers,188.0,190.0,NAME,Washington Wizards,"The next game for Charlotte is against the Washington Wizards, not the Los Angeles Clippers.",qwen_medium,p3_sent,16327.22
S030,10,1,five,97.0,97.0,NUMBER,four,"The box score shows the Pacers have won four of their last six games, not five.",qwen_medium,p3_sent,16327.22
S030,11,1,three,152.0,152.0,NUMBER,4,"Paul George had 4 assists, not 3.",qwen_medium,p3_sent,16327.22
S030,12,1,second on the team,138.0,141.0,CONTEXT,co-led the team,"Myles Turner co-led the team with 22 points, not was second.",qwen_medium,p3_sent,16327.22
S030,13,1,22,233.0,233.0,NUMBER,22,The points scored by Myles Turner is correctly stated as 22.,qwen_medium,p3_sent,16327.22
S030,13,2,seven,101.0,101.0,NUMBER,7,The rebounds by Myles Turner is correctly stated as 7.,qwen_medium,p3_sent,16327.22
S030,13,3,four,259.0,259.0,NUMBER,4,The blocks by Myles Turner is correctly stated as 4.,qwen_medium,p3_sent,16327.22
