TEXT_ID,SENTENCE_ID,ANNOTATION_ID,TOKENS,DOC_TOKEN_START,DOC_TOKEN_END,TYPE,CORRECTION,COMMENT,MODEL,PROMPT_KEY,TIME_SECONDS
S001,1,1,Wednesday,18.0,18.0,NAME,Friday,"The game was played on Friday, not Wednesday.",qwen_medium,p0a_sent,17997.6
S001,2,1,30 - point,,,NUMBER,12-point,"The Celtics won by 12 points, not 30 points.",qwen_medium,p0a_sent,17997.6
S001,3,1,six assists,82.0,83.0,NUMBER,4 assists,"Isaiah Thomas had 4 assists, not six.",qwen_medium,p0a_sent,17997.6
S001,3,2,two rebounds,85.0,86.0,NUMBER,2 rebounds,"Isaiah Thomas had 2 rebounds, not two.",qwen_medium,p0a_sent,17997.6
S001,3,3,a steal,88.0,89.0,NUMBER,1 steal,"Isaiah Thomas had 1 steal, not a steal.",qwen_medium,p0a_sent,17997.6
S001,4,1,a block,107.0,108.0,WORD,,Al Horford did not record a block in this game.,qwen_medium,p0a_sent,17997.6
S001,5,1,18,25.0,25.0,NUMBER,18,The number of points scored by Jae Crowder is correct.,qwen_medium,p0a_sent,17997.6
S001,5,2,12,120.0,120.0,NUMBER,6,"Jae Crowder actually had 6 rebounds, not 12.",qwen_medium,p0a_sent,17997.6
S001,5,3,an assist,129.0,130.0,NUMBER,1,"Jae Crowder had 1 assist, not 'an assist'.",qwen_medium,p0a_sent,17997.6
S001,5,4,two steals,132.0,133.0,NUMBER,2,"Jae Crowder had 2 steals, which is correct.",qwen_medium,p0a_sent,17997.6
S001,5,5,a block,107.0,108.0,NUMBER,0,"Jae Crowder had 0 blocks, not 'a block'.",qwen_medium,p0a_sent,17997.6
S001,6,1,an assist,129.0,130.0,NUMBER,1 assist,"Jae Crowder had 1 assist, not 'an assist'.",qwen_medium,p0a_sent,17997.6
S001,6,2,a pair of steals,152.0,155.0,NUMBER,2 steals,"Jae Crowder had 2 steals, not 'a pair of steals'.",qwen_medium,p0a_sent,17997.6
S001,7,1,an assist,129.0,130.0,NUMBER,1 assist,"Jae Crowder had 1 assist, not 'an assist'.",qwen_medium,p0a_sent,17997.6
S001,7,2,two steals,132.0,133.0,NUMBER,2 steals,"Jae Crowder had 2 steals, not 'two steals'.",qwen_medium,p0a_sent,17997.6
S001,8,1,a block,107.0,108.0,WORD,,Al Horford did not record a block in this game.,qwen_medium,p0a_sent,17997.6
S001,9,1,10,196.0,196.0,NUMBER,7,"Kelly Olynyk scored 7 points, not 10.",qwen_medium,p0a_sent,17997.6
S001,9,2,nine,199.0,199.0,NUMBER,7,"Kelly Olynyk had 7 rebounds, not nine.",qwen_medium,p0a_sent,17997.6
S001,9,3,a pair of,152.0,154.0,NUMBER,0,"Kelly Olynyk had 0 steals, not a pair of steals.",qwen_medium,p0a_sent,17997.6
S001,10,1,Friday,49.0,49.0,NAME,Wednesday,"The day of the week is incorrect. The Lakers are scheduled to play the Pistons on Wednesday, not Friday.",qwen_medium,p0a_sent,17997.6
S001,10,2,Wednesday,18.0,18.0,NAME,Friday,"The day of the week is incorrect. The Celtics are scheduled to play the Raptors on Friday, not Wednesday.",qwen_medium,p0a_sent,17997.6
S002,1,1,Atlanta Hawks,2.0,3.0,NAME,Cleveland Cavaliers,The sentence incorrectly states that the Atlanta Hawks defeated the Atlanta Hawks. The correct team is the Cleveland Cavaliers.,qwen_medium,p0a_sent,17997.6
S002,1,2,110 - 110,9.0,11.0,NUMBER,110 - 106,The score is incorrect. The correct score is 110 - 106.,qwen_medium,p0a_sent,17997.6
S002,1,3,Saturday,18.0,18.0,NAME,Tuesday,The day of the week is incorrect. The game was played on Tuesday.,qwen_medium,p0a_sent,17997.6
S002,2,1,struggling,26.0,26.0,WORD,undefeated,"The Cavaliers were described as the league's last undefeated team, so they were not struggling.",qwen_medium,p0a_sent,17997.6
S002,3,1,Hawks,3.0,3.0,NAME,Cavaliers,The sentence incorrectly states that the Hawks outscored the Hawks in the fourth quarter. It should state that the Hawks outscored the Cavaliers.,qwen_medium,p0a_sent,17997.6
S002,4,1,21 assists,75.0,76.0,NUMBER,22 assists,"The Cavaliers actually had 21 assists, not 22.",qwen_medium,p0a_sent,17997.6
S002,4,2,19 turnovers,78.0,79.0,NUMBER,6 turnovers,"The Cavaliers actually had 6 turnovers, not 19.",qwen_medium,p0a_sent,17997.6
S002,5,1,struggle,113.0,113.0,WORD,,"The sentence suggests the Hawks are struggling, but based on their record (5-2) and the fact that they won this game, this is not accurate.",qwen_medium,p0a_sent,17997.6
S002,6,1,17 points,127.0,128.0,NUMBER,7 points,"Dwight Howard scored 7 points, not 17 points.",qwen_medium,p0a_sent,17997.6
S002,6,2,3 - of - 5 shooting,136.0,141.0,NUMBER,3-of-4 shooting,"Dwight Howard made 3 of 4 field goal attempts, not 3 of 5.",qwen_medium,p0a_sent,17997.6
S002,7,1,25,151.0,151.0,NUMBER,23,"The number of points scored by Kent Bazemore is incorrect. According to the box score, he scored 23 points.",qwen_medium,p0a_sent,17997.6
S002,8,1,Kent Bazemore,143.0,144.0,NAME,Paul Millsap,"The sentence states that Kent Bazemore was the only other starter in double figures, but according to the box score, Paul Millsap scored 21 points, which is also in double figures.",qwen_medium,p0a_sent,17997.6
S002,9,1,Sunday,188.0,188.0,NAME,Wednesday,"The game is scheduled for Wednesday, not Sunday.",qwen_medium,p0a_sent,17997.6
S002,10,1,The Cavaliers ( 6 - 1 ),198.0,204.0,NUMBER,The Cavaliers (6-1),"The Cavaliers' record is correct, but the sentence states they have won three of their last five games, which contradicts their 6-1 record. This could imply they have lost more recently, but the record suggests otherwise.",qwen_medium,p0a_sent,17997.6
S002,11,1,23,236.0,236.0,NUMBER,29,"LeBron James actually led the team with 29 points, not 23.",qwen_medium,p0a_sent,17997.6
S002,12,1,second,248.0,248.0,WORD,first,"Kyrie Irving was the leading scorer for the Cavaliers with 29 points, not the second.",qwen_medium,p0a_sent,17997.6
S002,13,1,11,277.0,277.0,NUMBER,12,"Kevin Love actually had 12 rebounds, not 11.",qwen_medium,p0a_sent,17997.6
S002,14,1,25 points,151.0,152.0,NUMBER,0 points,Tristan Thompson scored 0 points according to the box score.,qwen_medium,p0a_sent,17997.6
S002,14,2,off the bench,289.0,291.0,WORD,in the starting lineup,"Tristan Thompson started the game, not coming off the bench.",qwen_medium,p0a_sent,17997.6
S002,15,1,Sunday,188.0,188.0,NAME,Friday,"The game is scheduled for Friday, not Sunday.",qwen_medium,p0a_sent,17997.6
S003,1,1,Saturday,17.0,17.0,NAME,Sunday,"The game was played on Sunday, not Saturday.",qwen_medium,p0a_sent,17997.6
S003,2,1,Friday,51.0,51.0,NAME,Sunday,"The game was played on Sunday, not Friday.",qwen_medium,p0a_sent,17997.6
S003,3,1,a steal,96.0,97.0,WORD,,The box score does not show DeMar DeRozan recording a steal in this game.,qwen_medium,p0a_sent,17997.6
S003,4,1,a steal and a block,123.0,127.0,WORD,,Kyle Lowry did not record a steal or a block in this game.,qwen_medium,p0a_sent,17997.6
S003,5,1,a block and a block,151.0,155.0,WORD,a block,"The sentence incorrectly states 'a block, a block and a block' which is redundant. It should be 'a block'.",qwen_medium,p0a_sent,17997.6
S003,6,1,a block and a block,151.0,155.0,WORD,three blocks,"The sentence incorrectly states 'a block, a block and a block' instead of 'three blocks'.",qwen_medium,p0a_sent,17997.6
S003,7,1,11,194.0,194.0,NUMBER,11,"The sentence states Terrence Ross scored 11 points, which is correct according to the box score.",qwen_medium,p0a_sent,17997.6
S003,8,1,seventh,225.0,225.0,NUMBER,eighth,"The Raptors are actually slotted in the eighth seed in the conference, not the seventh.",qwen_medium,p0a_sent,17997.6
S003,9,1,Charlotte Hornets Friday,,,NAME,"Orlando, Magic, Tuesday","The sentence states that the team is heading to Charlotte to play the Hornets on Friday, but according to the provided box score and story, the next game for Orlando is against the Miami Heat on the road on Tuesday.",qwen_medium,p0a_sent,17997.6
S003,10,1,Elfrid Payton,252.0,253.0,NAME,Evan Fournier,Elfrid Payton did not lead the team in scoring; Evan Fournier did.,qwen_medium,p0a_sent,17997.6
S003,10,2,13 points,257.0,258.0,NUMBER,15 points,"Elfrid Payton scored 13 points, but the leading scorer was Evan Fournier with 15 points.",qwen_medium,p0a_sent,17997.6
S003,11,1,"10 - point , 12 - rebound",275.0,281.0,NUMBER,"7 points, 12 rebounds","Aaron Gordon actually scored 7 points and had 12 rebounds, not 10 points.",qwen_medium,p0a_sent,17997.6
S003,12,1,two,197.0,197.0,NUMBER,3,"The box score shows Elfrid Payton had 3 assists, not 2.",qwen_medium,p0a_sent,17997.6
S003,13,1,"10 - point , 12 - rebound",275.0,281.0,NUMBER,"7 points, 12 rebounds","Aaron Gordon actually scored 7 points and had 12 rebounds, not 10 points.",qwen_medium,p0a_sent,17997.6
S003,14,1,11,194.0,194.0,NUMBER,0,"DJ Augustin scored 0 points, not 11 points.",qwen_medium,p0a_sent,17997.6
S003,15,1,last place,371.0,372.0,WORD,first place,The Raptors are not in last place in the Southeast Division; they are in first place.,qwen_medium,p0a_sent,17997.6
S003,16,1,Friday,51.0,51.0,NAME,Sunday,"The game was played on Sunday, not Friday.",qwen_medium,p0a_sent,17997.6
S004,1,1,Vivint Smart Home Arena,16.0,19.0,NAME,Vivint Smart Home Arena,"The arena name is correct, but it should be checked against the box score data to ensure accuracy. However, since the box score data does not provide the arena name, this is a NOT_CHECKABLE error.",qwen_medium,p0a_sent,17997.6
S004,2,1,one of the best teams in the NBA this season,32.0,41.0,WORD,,The statement 'one of the best teams in the NBA this season' is not supported by the provided box score data and cannot be verified.,qwen_medium,p0a_sent,17997.6
S004,3,1,16,72.0,72.0,NUMBER,31,"The Jazz outscored the Lakers by 31 points in the fourth quarter, not 16.",qwen_medium,p0a_sent,17997.6
S004,4,1,38 percent,91.0,92.0,NUMBER,38% -> 38,"The field percentage for the Lakers is actually 38%, not 38 percent.",qwen_medium,p0a_sent,17997.6
S004,4,2,24 percent,97.0,98.0,NUMBER,24% -> 24,"The three-point percentage for the Lakers is actually 24%, not 24 percent.",qwen_medium,p0a_sent,17997.6
S004,5,1,43 - 24,120.0,122.0,NUMBER,47 - 43,"The rebounding totals are incorrect. The Jazz had 47 rebounds, and the Lakers had 43.",qwen_medium,p0a_sent,17997.6
S004,6,1,Kobe Bryant,137.0,138.0,NAME,,"Kobe Bryant is not mentioned in the box score data, and the story does not provide a specific reason for his absence. This fact cannot be verified against the provided data.",qwen_medium,p0a_sent,17997.6
S004,7,1,"D'Angelo Russell led the team in scoring ,",153.0,160.0,WORD,"Lou Williams led the team in scoring,",D'Angelo Russell did not lead the team in scoring; Lou Williams did.,qwen_medium,p0a_sent,17997.6
S004,7,2,17,164.0,164.0,NUMBER,9,"D'Angelo Russell scored 9 points, not 17.",qwen_medium,p0a_sent,17997.6
S004,7,3,five rebounds,167.0,168.0,NUMBER,2 rebounds,"D'Angelo Russell recorded 2 rebounds, not five.",qwen_medium,p0a_sent,17997.6
S004,7,4,five assists,170.0,171.0,NUMBER,4 assists,"D'Angelo Russell recorded 4 assists, not five.",qwen_medium,p0a_sent,17997.6
S004,8,1,Luol Deng,173.0,174.0,NAME,Julius Randle,Luol Deng did not start the game; Julius Randle did.,qwen_medium,p0a_sent,17997.6
S004,8,2,12 rebound,,,NUMBER,12 rebounds,"Luol Deng did record 12 rebounds, but he was not a starter. The sentence incorrectly attributes this to a starter.",qwen_medium,p0a_sent,17997.6
S004,9,1,D'Angelo Russell,153.0,154.0,NAME,Lou Williams,D'Angelo Russell did not lead the Lakers in scoring; Lou Williams did.,qwen_medium,p0a_sent,17997.6
S004,9,2,17,164.0,164.0,NUMBER,9,"D'Angelo Russell scored 9 points, not 17.",qwen_medium,p0a_sent,17997.6
S004,9,3,five rebounds,167.0,168.0,NUMBER,2 rebounds,"D'Angelo Russell recorded 2 rebounds, not five.",qwen_medium,p0a_sent,17997.6
S004,9,4,five assists,170.0,171.0,NUMBER,4 assists,"D'Angelo Russell recorded 4 assists, not five.",qwen_medium,p0a_sent,17997.6
S004,10,1,Luol Deng,173.0,174.0,NAME,Nick Young,Luol Deng did not start the game; Nick Young was the only other starter in double figures.,qwen_medium,p0a_sent,17997.6
S004,11,1,Portland Trail Blazers,244.0,246.0,NAME,Thunder,"The sentence states that the Lakers will play the Portland Trail Blazers, but according to the provided box score and schedule, the Lakers are actually scheduled to play the Oklahoma City Thunder.",qwen_medium,p0a_sent,17997.6
S004,12,1,have now won four of their last five games,257.0,265.0,NUMBER,have now won one of their last two games,"The sentence states that the Jazz have won four of their last five games, but the box score shows they have only played two games this season, winning one and losing one.",qwen_medium,p0a_sent,17997.6
S004,13,1,three rebounds,291.0,292.0,NUMBER,3 rebounds,"George Hill actually had 3 rebounds, which is correct according to the box score.",qwen_medium,p0a_sent,17997.6
S004,14,1,"Rudy Gobert finished second on the team ,",304.0,311.0,NUMBER,"Rudy Gobert finished third on the team,","Rudy Gobert scored 13 points, which is third on the team, not second.",qwen_medium,p0a_sent,17997.6
S004,15,1,double - double,,,WORD,,"Rudy Gobert did not record a double-double; he had 13 points and 13 rebounds, but the term 'double-double' typically refers to a player achieving double digits in two statistical categories, which Gobert did, but the term is not used in the context provided.",qwen_medium,p0a_sent,17997.6
S004,16,1,double - double,,,WORD,,"Rudy Gobert did not record a double-double. He had 13 points and 13 rebounds, but the term 'double-double' typically implies a significant achievement, which is not accurate in this context given his usual performance.",qwen_medium,p0a_sent,17997.6
S004,17,1,Portland Trail Blazers,244.0,246.0,NAME,Los Angeles Clippers,"The sentence states that the Jazz will play against the Portland Trail Blazers, but according to the box score, they are scheduled to play against the Los Angeles Clippers.",qwen_medium,p0a_sent,17997.6
S005,1,1,15 turnovers,27.0,28.0,NUMBER,13,"The number of turnovers is incorrect. According to the box score, the Magic had 13 turnovers, not 15.",qwen_medium,p0a_sent,17997.6
S005,1,2,Hawks,2.0,2.0,NAME,Magic,"The sentence incorrectly states that the Hawks elicited turnovers, when it should be the Magic who had the turnovers.",qwen_medium,p0a_sent,17997.6
S005,2,1,one steal,64.0,65.0,NUMBER,two steals,"Paul Millsap actually had 2 steals, not 1.",qwen_medium,p0a_sent,17997.6
S005,3,1,one steal,64.0,65.0,NUMBER,two steals,"Paul Millsap had 2 steals, not 1.",qwen_medium,p0a_sent,17997.6
S005,4,1,one block,108.0,109.0,NUMBER,0 blocks,Dwight Howard had 0 blocks according to the box score.,qwen_medium,p0a_sent,17997.6
S005,5,1,27,117.0,117.0,NUMBER,8,"Kent Bazemore actually scored 8 points, not 27.",qwen_medium,p0a_sent,17997.6
S005,6,1,27,117.0,117.0,NUMBER,8,"Kent Bazemore actually scored 8 points, not 27.",qwen_medium,p0a_sent,17997.6
S005,7,1,Paul Millsap,38.0,39.0,NAME,"Tim Hardaway, Jr.","Paul Millsap did play for the Hawks, but he did not lead the way with 21 points. Tim Hardaway, Jr. also scored 21 points.",qwen_medium,p0a_sent,17997.6
S005,7,2,Orlando,154.0,154.0,NAME,Atlanta,"Paul Millsap played for the Atlanta Hawks, not the Orlando Magic.",qwen_medium,p0a_sent,17997.6
S005,8,1,one block,108.0,109.0,NUMBER,0 blocks,Dwight Howard had 0 blocks according to the box score.,qwen_medium,p0a_sent,17997.6
S005,9,1,Kent Bazemore,111.0,112.0,NAME,Jeff Green,"According to the box score, Jeff Green led the second unit with 12 points, not Kent Bazemore.",qwen_medium,p0a_sent,17997.6
S005,9,2,12,204.0,204.0,NUMBER,8,"According to the box score, Kent Bazemore scored 8 points, not 12.",qwen_medium,p0a_sent,17997.6
S005,9,3,three rebounds,120.0,121.0,NUMBER,5 rebounds,"According to the box score, Kent Bazemore had 5 rebounds, not 3.",qwen_medium,p0a_sent,17997.6
S005,9,4,three assists,102.0,103.0,NUMBER,3 assists,"According to the box score, Kent Bazemore had 3 assists, which is correct.",qwen_medium,p0a_sent,17997.6
S005,9,5,two steals,126.0,127.0,NUMBER,2 steals,"According to the box score, Kent Bazemore had 2 steals, which is correct.",qwen_medium,p0a_sent,17997.6
S005,9,6,one block,108.0,109.0,NUMBER,0 blocks,"According to the box score, Kent Bazemore had 0 blocks, not 1.",qwen_medium,p0a_sent,17997.6
S005,10,1,New York Knicks,229.0,231.0,NAME,Houston Rockets,"The Magic are scheduled to play the Houston Rockets, not the New York Knicks, on Tuesday night.",qwen_medium,p0a_sent,17997.6
S005,10,2,Monday night,233.0,234.0,NAME,Tuesday night,"The Magic are scheduled to play the Houston Rockets on Tuesday night, not Monday night.",qwen_medium,p0a_sent,17997.6
S005,10,3,Toronto Raptors,244.0,245.0,NAME,Utah Jazz,"The Hawks are scheduled to play the Utah Jazz, not the Toronto Raptors, on Monday evening.",qwen_medium,p0a_sent,17997.6
S005,10,4,Friday evening,247.0,248.0,NAME,Monday evening,"The Hawks are scheduled to play the Utah Jazz on Monday evening, not Friday evening.",qwen_medium,p0a_sent,17997.6
S006,1,1,defeated,9.0,9.0,WORD,lost to,"The sentence states that the Houston Rockets defeated the Brooklyn Nets, but the box score shows that the Brooklyn Nets defeated the Houston Rockets.",qwen_medium,p0a_sent,17997.6
S006,1,2,Friday,22.0,22.0,NAME,Tuesday,"The game was played on Tuesday, not Friday.",qwen_medium,p0a_sent,17997.6
S006,2,1,The Nets came into this game as a double - digit favorite,24.0,35.0,NOT_CHECKABLE,,The favoritism of the Nets is not verifiable from the provided box score data.,qwen_medium,p0a_sent,17997.6
S006,3,1,10 points,51.0,52.0,NUMBER,24 points,"James Harden actually scored 24 points, not 10 points.",qwen_medium,p0a_sent,17997.6
S006,3,2,three rebounds,57.0,58.0,NUMBER,3 rebounds,"James Harden actually had 3 rebounds, which is correct.",qwen_medium,p0a_sent,17997.6
S006,3,3,three steals,60.0,61.0,NUMBER,3 steals,"James Harden actually had 3 steals, which is correct.",qwen_medium,p0a_sent,17997.6
S006,4,1,Trevor Ariza,66.0,67.0,NAME,Patrick Beverley,Trevor Ariza did not score 2 points; Patrick Beverley did.,qwen_medium,p0a_sent,17997.6
S006,4,2,2,80.0,80.0,NUMBER,10,Trevor Ariza did not score 2 points; Patrick Beverley scored 10 points.,qwen_medium,p0a_sent,17997.6
S006,5,1,Orlando Magic,102.0,103.0,NAME,Wizards,"The sentence states that the Rockets will play the Orlando Magic next, but according to the provided box score and schedule, they are playing the Wizards in Washington.",qwen_medium,p0a_sent,17997.6
S006,6,1,The Nets played this game without Brook Lopez,111.0,118.0,CONTEXT,,"The sentence states that the Nets played without Brook Lopez, but the box score shows that Brook Lopez played and scored 24 points.",qwen_medium,p0a_sent,17997.6
S006,7,1,Brook Lopez did all he could to keep the Nets in this game,134.0,146.0,WORD,,"The sentence implies that Brook Lopez was the primary reason the Nets stayed in the game, but the box score shows that the Nets won the game. The sentence should reflect that Lopez contributed significantly to the win rather than just keeping the Nets in the game.",qwen_medium,p0a_sent,17997.6
S006,8,1,Thaddeus Young,163.0,164.0,WORD,,"Thaddeus Young was indeed in double figures, but he was not the only other starter. Brook Lopez also scored 24 points.",qwen_medium,p0a_sent,17997.6
S006,9,1,Friday,22.0,22.0,NAME,Thursday,"The game against the Atlanta Hawks is scheduled for Thursday, not Friday.",qwen_medium,p0a_sent,17997.6
S007,1,1,Russell Westbrook and Russell Westbrook,1.0,5.0,WORD,,The repetition of 'Russell Westbrook' is redundant and incorrect.,qwen_medium,p0a_sent,17997.6
S007,1,2,Sleep Train Arena,26.0,28.0,NAME,Golden 1 Center,"The game was played at Golden 1 Center, not Sleep Train Arena.",qwen_medium,p0a_sent,17997.6
S007,2,1,seven assists,39.0,40.0,NUMBER,10 assists,"The number of assists is incorrect. According to the box score, Russell Westbrook had 10 assists.",qwen_medium,p0a_sent,17997.6
S007,2,2,three steals,78.0,79.0,NUMBER,4 steals,"The number of steals is incorrect. According to the box score, Russell Westbrook had 4 steals.",qwen_medium,p0a_sent,17997.6
S007,3,1,Enes Kanter,88.0,89.0,WORD,,"Enes Kanter was not the only other Thunder player to score in double digits. According to the box score, Victor Oladipo also scored in double digits with 23 points.",qwen_medium,p0a_sent,17997.6
S007,4,1,"the Kings shot 46 percent from the field and 36 percent from long range ,",,,WORD,,"The sentence is repeated twice, which is redundant and incorrect.",qwen_medium,p0a_sent,17997.6
S007,5,1,11 - of - 20,167.0,171.0,NUMBER,14-of-20,"Cousins actually shot 14-of-20, not 11-of-20.",qwen_medium,p0a_sent,17997.6
S007,5,2,four,42.0,42.0,NUMBER,three,"Cousins had 3 steals, not 4.",qwen_medium,p0a_sent,17997.6
S007,6,1,Steven Adams chipped in 21 points four rebounds and one steal,,,NUMBER,"Steven Adams chipped in 6 points, 5 rebounds, and 1 steal","The points, rebounds, and steals for Steven Adams are incorrect according to the box score.",qwen_medium,p0a_sent,17997.6
S008,1,1,Saturday,19.0,19.0,NAME,Monday,"The game was played on Monday, not Saturday.",qwen_medium,p0a_sent,17997.6
S008,2,1,Saturday,19.0,19.0,NAME,Monday,"The game was played on Monday, not Saturday.",qwen_medium,p0a_sent,17997.6
S008,2,2,33 - point,,,NUMBER,25 - point,"The Grizzlies scored 25 points in the first quarter, not 33.",qwen_medium,p0a_sent,17997.6
S008,3,1,Marc Gasol,95.0,96.0,NAME,Rudy Gobert,Marc Gasol did not play for the Jazz in this game. Rudy Gobert scored 22 points.,qwen_medium,p0a_sent,17997.6
S008,3,2,five rebounds,118.0,119.0,NUMBER,5 rebounds,"Rudy Gobert had 5 rebounds, not Marc Gasol.",qwen_medium,p0a_sent,17997.6
S008,3,3,five assists,121.0,122.0,NUMBER,2 assists,"Rudy Gobert had 2 assists, not 5.",qwen_medium,p0a_sent,17997.6
S008,3,4,one steal,124.0,125.0,NUMBER,1 steal,"Rudy Gobert had 1 steal, not Marc Gasol.",qwen_medium,p0a_sent,17997.6
S008,4,1,seven,160.0,160.0,NUMBER,2,"The number of assists is incorrect. According to the box score, Mike Conley had 2 assists.",qwen_medium,p0a_sent,17997.6
S008,5,1,4 - of - 4,,,NUMBER,1 - of - 4,"Zach Randolph made 1 of 4 three-point attempts, not 4 of 4.",qwen_medium,p0a_sent,17997.6
S008,6,1,"while the Jazz shot 48 percent from the field and 29 percent from long range ,",,,WORD,,"The sentence is repeated twice, which is redundant and incorrect.",qwen_medium,p0a_sent,17997.6
S008,7,1,top seed,259.0,260.0,WORD,,The Grizzlies are not battling for the top seed in the West based on their current record and performance.,qwen_medium,p0a_sent,17997.6
S008,8,1,Gordon Hayward,265.0,266.0,NAME,Vince Carter,Gordon Hayward did not play for the Grizzlies; Vince Carter did.,qwen_medium,p0a_sent,17997.6
S008,8,2,13,184.0,184.0,NUMBER,20,Gordon Hayward did not score 13 points; Vince Carter scored 20 points.,qwen_medium,p0a_sent,17997.6
S008,8,3,4 - 14,,,NUMBER,6 - 11,Gordon Hayward did not shoot 4-of-14; Vince Carter shot 6-of-11.,qwen_medium,p0a_sent,17997.6
S008,8,4,four,245.0,245.0,NUMBER,7,Gordon Hayward did not have 4 rebounds; Vince Carter had 7 rebounds.,qwen_medium,p0a_sent,17997.6
S008,8,5,three,163.0,163.0,NUMBER,2,Gordon Hayward did not have 3 assists; Vince Carter had 2 assists.,qwen_medium,p0a_sent,17997.6
S008,8,6,one,124.0,124.0,NUMBER,0,Gordon Hayward did not have 1 steal; Vince Carter had 0 steals.,qwen_medium,p0a_sent,17997.6
S008,8,7,36,299.0,299.0,NUMBER,31,Gordon Hayward did not play 36 minutes; Vince Carter played 31 minutes.,qwen_medium,p0a_sent,17997.6
S008,9,1,22 minutes off the bench,326.0,330.0,WORD,,"Rudy Gobert started the game and played 22 minutes, not off the bench.",qwen_medium,p0a_sent,17997.6
S008,10,1,"while the Jazz shot 48 percent from the field and 29 percent from long range ,",,,WORD,,"The sentence is repeated twice, which is redundant and incorrect.",qwen_medium,p0a_sent,17997.6
S008,11,1,Trail Blazers,376.0,377.0,NAME,Grizzlies,"The visiting team is the Grizzlies, not the Trail Blazers.",qwen_medium,p0a_sent,17997.6
S009,1,1,Milwaukee Bucks,2.0,3.0,NAME,Los Angeles Lakers,"The sentence states that the Milwaukee Bucks defeated the Los Angeles Lakers, but according to the box score, the Los Angeles Lakers defeated the Milwaukee Bucks.",qwen_medium,p0a_sent,17997.6
S009,1,2,122 - 122,10.0,12.0,NUMBER,114 - 122,"The score in the sentence is incorrect. The correct score is 114 - 122, with the Lakers winning.",qwen_medium,p0a_sent,17997.6
S009,1,3,Tuesday,20.0,20.0,NAME,Friday,"The day of the week is incorrect. The game was played on Friday, not Tuesday.",qwen_medium,p0a_sent,17997.6
S009,2,1,prevail with a huge road win,35.0,40.0,WORD,lose with a tough home loss,"The sentence states that the Bucks won, but the box score shows that the Lakers won the game.",qwen_medium,p0a_sent,17997.6
S009,3,1,"the Bucks led for the majority of the game ,",45.0,54.0,WORD,,"The sentence states that the Bucks led for the majority of the game, but according to the box score, the Lakers led by 47 points in the first quarter and maintained their lead throughout the game.",qwen_medium,p0a_sent,17997.6
S009,3,2,as they led by double - digits for the entirety of the second half .,55.0,69.0,WORD,,"The sentence states that the Bucks led by double-digits for the entirety of the second half, but the box score shows that the Lakers maintained their lead throughout the game, and the Bucks only made a late surge in the final period.",qwen_medium,p0a_sent,17997.6
S009,4,1,held the Lakers to 29 percent shooting,79.0,85.0,NUMBER,52 percent,"The Lakers actually shot 52 percent from the floor, not 29 percent.",qwen_medium,p0a_sent,17997.6
S009,4,2,forced them to commit 17 turnovers,87.0,92.0,NUMBER,17,"The number of turnovers is correct, but the sentence incorrectly attributes the turnovers to the Lakers. The turnovers should be attributed to the Bucks.",qwen_medium,p0a_sent,17997.6
S009,5,1,have now won four of their last five games,101.0,109.0,NUMBER,have now won one of their last five games,"The sentence states that the Lakers have won four of their last five games, but the box score and season schedule do not support this claim. The Lakers' recent performance does not match this statement.",qwen_medium,p0a_sent,17997.6
S009,6,1,D'Angelo Russell,117.0,118.0,NAME,Giannis Antetokounmpo,D'Angelo Russell did not score 41 points; Giannis Antetokounmpo did.,qwen_medium,p0a_sent,17997.6
S009,6,2,41 points,129.0,130.0,NUMBER,14 points,"D'Angelo Russell scored 14 points, not 41 points.",qwen_medium,p0a_sent,17997.6
S009,6,3,three rebounds,132.0,133.0,NUMBER,3 rebounds,"D'Angelo Russell had 3 rebounds, which is correct.",qwen_medium,p0a_sent,17997.6
S009,6,4,five assists,135.0,136.0,NUMBER,5 assists,"D'Angelo Russell had 5 assists, which is correct.",qwen_medium,p0a_sent,17997.6
S009,7,1,Luol Deng,145.0,146.0,NAME,Nick Young,"Luol Deng did not play in this game, and Nick Young was the second-highest scorer with 26 points.",qwen_medium,p0a_sent,17997.6
S009,7,2,26 points,156.0,157.0,NUMBER,0 points,Luol Deng did not score any points in this game. The 26 points should be attributed to Nick Young.,qwen_medium,p0a_sent,17997.6
S009,7,3,three rebounds,132.0,133.0,NUMBER,0 rebounds,Luol Deng did not record any rebounds in this game. The 3 rebounds should be attributed to Nick Young.,qwen_medium,p0a_sent,17997.6
S009,7,4,two assists,162.0,163.0,NUMBER,0 assists,Luol Deng did not record any assists in this game. The 2 assists should be attributed to Nick Young.,qwen_medium,p0a_sent,17997.6
S009,8,1,D'Angelo Russell,117.0,118.0,NAME,Giannis Antetokounmpo,"According to the box score, Giannis Antetokounmpo was the only Bucks starter to score in double figures, not D'Angelo Russell.",qwen_medium,p0a_sent,17997.6
S009,9,1,New Orleans Pelicans,199.0,201.0,NAME,Sacramento Kings,"The next game for the Lakers is against the Sacramento Kings, not the New Orleans Pelicans.",qwen_medium,p0a_sent,17997.6
S009,10,1,three of their last five games,214.0,219.0,NUMBER,,"The sentence states that Milwaukee has lost three of their last five games, but this information is not verifiable with the provided box score data. The box score only provides information about the current game, not the team's recent performance.",qwen_medium,p0a_sent,17997.6
S009,11,1,six assists,245.0,246.0,NUMBER,five assists,"The box score shows Giannis Antetokounmpo had 6 assists, but the sentence incorrectly states 6 assists.",qwen_medium,p0a_sent,17997.6
S009,12,1,Khris Middleton,248.0,249.0,NAME,Malcolm Brogdon,"Khris Middleton did not score 18 points, six rebounds, and six assists. According to the box score, Malcolm Brogdon scored 18 points, three assists, two rebounds, and one steal.",qwen_medium,p0a_sent,17997.6
S009,12,2,18 points six rebounds six assists,,,NUMBER,"18 points, three assists, two rebounds","Khris Middleton did not score 18 points, six rebounds, and six assists. According to the box score, Malcolm Brogdon scored 18 points, three assists, two rebounds, and one steal.",qwen_medium,p0a_sent,17997.6
S009,13,1,Greg Monroe,268.0,269.0,NAME,Giannis Antetokounmpo,Greg Monroe did not score in double figures; Giannis Antetokounmpo was the only starter to do so.,qwen_medium,p0a_sent,17997.6
S009,13,2,18,259.0,259.0,NUMBER,41,Greg Monroe did not score 18 points; Giannis Antetokounmpo scored 41 points.,qwen_medium,p0a_sent,17997.6
S009,13,3,five rebounds,285.0,286.0,NUMBER,8 rebounds,Greg Monroe did not have 5 rebounds; Giannis Antetokounmpo had 8 rebounds.,qwen_medium,p0a_sent,17997.6
S009,13,4,three assists,288.0,289.0,NUMBER,6 assists,Greg Monroe did not have 3 assists; Giannis Antetokounmpo had 6 assists.,qwen_medium,p0a_sent,17997.6
S009,14,1,Milwaukee,2.0,2.0,NAME,Bucks,"The sentence incorrectly states that Milwaukee will look to build off this win, but the box score indicates that the Bucks lost the game.",qwen_medium,p0a_sent,17997.6
S009,14,2,win,40.0,40.0,WORD,loss,"The sentence incorrectly refers to a win, but the box score shows that the Bucks lost the game.",qwen_medium,p0a_sent,17997.6
S010,1,1,Friday,18.0,18.0,NAME,"January 4, 2017","The day of the week is incorrect. The game was played on January 4, 2017.",qwen_medium,p0a_sent,17997.6
S010,2,1,huge,36.0,36.0,WORD,,"The term 'huge' is subjective and not supported by the box score data. The game was close until the final minutes, and the Hawks won by 19 points, which is significant but not necessarily 'huge'.",qwen_medium,p0a_sent,17997.6
S010,3,1,11 ties 11 lead changes,,,NUMBER,,"The box score does not provide information about the number of ties and lead changes, making this fact uncheckable.",qwen_medium,p0a_sent,17997.6
S010,4,1,53 percent,81.0,82.0,NUMBER,32 percent,"The percentage from three-point range for Orlando is incorrect. According to the box score, Orlando shot 32% from three-point range.",qwen_medium,p0a_sent,17997.6
S010,5,1,27 assists,101.0,102.0,NUMBER,27 assists,"The number of assists for the Hawks is incorrect. According to the box score, the Hawks had 27 assists.",qwen_medium,p0a_sent,17997.6
S010,5,2,12 turnovers,104.0,105.0,NUMBER,12 turnovers,"The number of turnovers for the Hawks is incorrect. According to the box score, the Hawks had 12 turnovers.",qwen_medium,p0a_sent,17997.6
S010,5,3,17 turnovers,111.0,112.0,NUMBER,17 turnovers,"The number of turnovers for the Magic is incorrect. According to the box score, the Magic had 17 turnovers.",qwen_medium,p0a_sent,17997.6
S010,5,4,19 assists,115.0,116.0,NUMBER,19 assists,"The number of assists for the Magic is incorrect. According to the box score, the Magic had 19 assists.",qwen_medium,p0a_sent,17997.6
S010,6,1,19 - 16,121.0,123.0,NUMBER,19 - 16,"The record for the Hawks is actually 19 wins and 16 losses, but the sentence is correct as per the provided box score.",qwen_medium,p0a_sent,17997.6
S010,7,1,six,156.0,156.0,NUMBER,3,"The box score shows that Dennis Schroder had 3 rebounds, not six.",qwen_medium,p0a_sent,17997.6
S010,8,1,Dwight Howard,169.0,170.0,NAME,Dwight Howard,"The name 'Dwight Howard' is correct, but the sentence states he recorded a double-double with 13 points and 12 rebounds, which is accurate according to the box score.",qwen_medium,p0a_sent,17997.6
S010,9,1,Kent Bazemore,184.0,185.0,NAME,Dennis Schroder,"The sentence states that Kent Bazemore was the only other starter in double figures, but according to the box score, Dennis Schroder was the only other starter in double figures with 18 points.",qwen_medium,p0a_sent,17997.6
S010,9,2,17,111.0,111.0,NUMBER,18,"The sentence states that Kent Bazemore totaled 17 points, but according to the box score, Dennis Schroder, who was the only other starter in double figures, scored 18 points.",qwen_medium,p0a_sent,17997.6
S010,10,1,New Orleans Pelicans,214.0,216.0,NAME,Boston Celtics,"The next game for Atlanta is against the Boston Celtics, not the New Orleans Pelicans.",qwen_medium,p0a_sent,17997.6
S010,11,1,The Magic ( 16 - 21 ),220.0,226.0,NUMBER,16-21,The record for the Magic is correct according to the box score.,qwen_medium,p0a_sent,17997.6
S010,12,1,Nikola Vucevic,240.0,241.0,NAME,Dennis Schroeder,"Dennis Schroeder was the player of the game, not Nikola Vucevic.",qwen_medium,p0a_sent,17997.6
S010,12,2,10 points,252.0,253.0,NUMBER,18 points,"Nikola Vucevic scored 10 points, but Dennis Schroeder, the player of the game, scored 18 points.",qwen_medium,p0a_sent,17997.6
S010,12,3,12 rebounds,181.0,182.0,NUMBER,6 rebounds,"Nikola Vucevic had 10 rebounds, but Dennis Schroeder, the player of the game, had 6 rebounds.",qwen_medium,p0a_sent,17997.6
S010,12,4,six assists,258.0,259.0,NUMBER,7 assists,"Nikola Vucevic had 6 assists, but Dennis Schroeder, the player of the game, had 7 assists.",qwen_medium,p0a_sent,17997.6
S010,13,1,one rebound,275.0,276.0,NUMBER,1 rebound,"Evan Fournier actually had 1 rebound, but the sentence states 'one rebound', which is correct. However, the box score shows he had 1 rebound, so this is not a mistake.",qwen_medium,p0a_sent,17997.6
S010,14,1,10 points,252.0,253.0,NUMBER,"10 points (should be 10 points, but the box score shows 10 points, 6 rebounds, and 6 assists)","The box score shows that Nikola Vucevic scored 10 points, but also had 6 rebounds and 6 assists, not 10 rebounds.",qwen_medium,p0a_sent,17997.6
S010,15,1,Evan Fournier,261.0,262.0,WORD,Nikola Vucevic,"Evan Fournier did not amass 14 points and one rebound; it was Nikola Vucevic who provided 10 points, six rebounds, and six assists.",qwen_medium,p0a_sent,17997.6
S010,15,2,14 points and one rebound,311.0,315.0,NUMBER,"10 points, six rebounds","Evan Fournier did not amass 14 points and one rebound; it was Nikola Vucevic who provided 10 points, six rebounds, and six assists.",qwen_medium,p0a_sent,17997.6
S010,16,1,Orlando will look to keep rolling on Friday in a home matchup against the Toronto Raptors,317.0,332.0,NOT_CHECKABLE,,"The sentence mentions a future game against the Toronto Raptors, but this information cannot be verified against the provided box score data.",qwen_medium,p0a_sent,17997.6
S011,1,1,Tuesday,22.0,22.0,NAME,Wednesday,"The game was played on Wednesday, not Tuesday.",qwen_medium,p0a_sent,17997.6
S011,2,1,18,48.0,48.0,NUMBER,18,The score for the Wizards in the first quarter is correct.,qwen_medium,p0a_sent,17997.6
S011,3,1,Wizards were able to coast to a victory,75.0,82.0,WORD,Hawks were able to secure a victory,The Wizards did not win the game; the Hawks won.,qwen_medium,p0a_sent,17997.6
S011,3,2,in front of their home crowd,83.0,88.0,WORD,in front of their home crowd,"The game was played in Atlanta, not Washington, so the Hawks were playing in front of their home crowd.",qwen_medium,p0a_sent,17997.6
S011,4,1,25,120.0,120.0,NUMBER,24,"The Wizards' three-point percentage is 24%, not 25%.",qwen_medium,p0a_sent,17997.6
S011,5,1,14,135.0,135.0,NUMBER,12,"The Wizards committed 12 turnovers, not 14.",qwen_medium,p0a_sent,17997.6
S011,6,1,John Wall,154.0,155.0,NAME,Jeff Teague,"John Wall is a player for the Wizards, not the Hawks. Jeff Teague was the top scorer for the Hawks in this game.",qwen_medium,p0a_sent,17997.6
S011,6,2,Bradley Beal,157.0,158.0,NAME,None,"Bradley Beal is a player for the Wizards, not the Hawks. The sentence incorrectly suggests that he and John Wall led the Hawks.",qwen_medium,p0a_sent,17997.6
S011,7,1,9 - for - 15,162.0,166.0,NUMBER,24 - for - 15,"John Wall actually went 9-for-15 from the field, but the sentence states he finished with a team-high of 24 points, which is correct. However, the field goal percentage is accurate, so the mistake is in the points scored.",qwen_medium,p0a_sent,17997.6
S011,7,2,3 - for - 5,171.0,175.0,NUMBER,3 - for - 4,"John Wall actually went 3-for-4 from the three-point line, not 3-for-5.",qwen_medium,p0a_sent,17997.6
S011,8,1,54 points 14 rebounds,,,NUMBER,44 points and 23 rebounds,"The sentence claims Al Horford combined for 54 points and 14 rebounds over his last two games, but according to the box score, he scored 21 points and 13 rebounds in this game. Assuming the previous game's stats are not provided, the total should be 44 points and 23 rebounds.",qwen_medium,p0a_sent,17997.6
S011,9,1,"11 points (4 - 7 FG, 2 - 3 3Pt, 1 - 2 FT) and 11 rebounds",,,NUMBER,"11 points (4-7 FG, 2-3 3Pt, 1-2 FT) and 11 rebounds","The points and shooting stats for Paul Millsap are correct, but the box score shows he had 11 points and 7 rebounds, not 11 points and 11 rebounds.",qwen_medium,p0a_sent,17997.6
S011,10,1,21 points and 12 rebounds,281.0,285.0,NUMBER,20 points and 10 rebounds,"The sentence claims that the player averaged 21 points and 12 rebounds over the last two games, but according to the box score, Al Horford has put up at least 20 points and 10 rebounds in three of his last five games, not specifically in the last two games.",qwen_medium,p0a_sent,17997.6
S011,11,1,8,303.0,303.0,NUMBER,7,"Bradley Beal had 7 rebounds, not 8.",qwen_medium,p0a_sent,17997.6
S011,12,1,16 points and 6 rebounds,326.0,330.0,NUMBER,,"The provided box score data does not include season averages, so the accuracy of the statement cannot be verified.",qwen_medium,p0a_sent,17997.6
S011,13,1,10 - 24 FG,355.0,358.0,NUMBER,10 - 24,"The field goal percentage for Al Horford is correct, but the actual field goal attempts and makes are 10 - 24, which is already correct in the text.",qwen_medium,p0a_sent,17997.6
S011,13,2,0 - 1 3Pt,360.0,363.0,NUMBER,0 - 1,"The three-point field goal percentage for Al Horford is correct, but the actual three-point field goal attempts and makes are 0 - 1, which is already correct in the text.",qwen_medium,p0a_sent,17997.6
S011,13,3,1 - 1 FT,365.0,368.0,NUMBER,1 - 1,"The free throw percentage for Al Horford is correct, but the actual free throw attempts and makes are 1 - 1, which is already correct in the text.",qwen_medium,p0a_sent,17997.6
S011,14,1,New Orleans Pelicans,390.0,392.0,NAME,Golden State Warriors,"The Hawks' next game is against the Golden State Warriors, not the New Orleans Pelicans.",qwen_medium,p0a_sent,17997.6
S011,14,2,Friday,394.0,394.0,NAME,Friday,"The date is correct, but the opponent is incorrect. The Hawks' next game is against the Golden State Warriors on Friday.",qwen_medium,p0a_sent,17997.6
S012,1,1,Friday,19.0,19.0,NAME,Saturday,"The game was played on Saturday, not Friday.",qwen_medium,p0a_sent,17997.6
S012,2,1,21 - 25,25.0,27.0,NUMBER,15 - 32,"The Suns' record is incorrectly stated as 21-25, when it should be 15-32.",qwen_medium,p0a_sent,17997.6
S012,2,2,21 - 25,25.0,27.0,NUMBER,21 - 25,"The Nuggets' record is correctly stated as 21-25, but the context implies it is the Suns' record, which is incorrect.",qwen_medium,p0a_sent,17997.6
S012,3,1,six,106.0,106.0,NUMBER,five,"The sentence states that six players scored in double digits for Denver, but according to the box score, only five players did so.",qwen_medium,p0a_sent,17997.6
S012,4,1,"Gary Harris followed up with 15 points , seven rebounds , four assists and two steals",84.0,99.0,NUMBER,"15 points, 7 rebounds, 4 assists, and 2 steals",The stats for Gary Harris are correct according to the box score.,qwen_medium,p0a_sent,17997.6
S012,5,1,three,109.0,109.0,NUMBER,4,"Jameer Nelson had 4 rebounds, not 3.",qwen_medium,p0a_sent,17997.6
S012,5,2,one,81.0,81.0,NUMBER,2,"Jameer Nelson had 2 steals, not 1.",qwen_medium,p0a_sent,17997.6
S012,6,1,six,106.0,106.0,NUMBER,4,"Jameer Nelson had 4 assists, not 6.",qwen_medium,p0a_sent,17997.6
S012,7,1,The Nuggets,22.0,23.0,NAME,The Suns,"The sentence incorrectly states that the Nuggets were led by Devin Booker, who actually plays for the Suns.",qwen_medium,p0a_sent,17997.6
S012,7,2,(15 - 32),,,NUMBER,(21 - 25),The record (15 - 32) is incorrect for the Nuggets. The correct record is (21 - 25).,qwen_medium,p0a_sent,17997.6
S012,8,1,"Tyson Chandler finished with 15 points , 12 rebounds and two steals ,",188.0,200.0,WORD,,"The sentence is repeated verbatim, which is redundant and incorrect.",qwen_medium,p0a_sent,17997.6
S012,9,1,two,98.0,98.0,NUMBER,1,"Tyson Chandler had 1 steal, not 2.",qwen_medium,p0a_sent,17997.6
S012,10,1,the Suns host the Phoenix Suns,231.0,236.0,NAME,the Suns host the Memphis Grizzlies,The sentence incorrectly states that the Suns will host themselves. The correct opponent should be the Memphis Grizzlies.,qwen_medium,p0a_sent,17997.6
S013,1,1,Wednesday,22.0,22.0,NAME,Saturday,"The game was played on Saturday, not Wednesday.",qwen_medium,p0a_sent,17997.6
S013,1,2,Quicken Loans Arena,,,NAME,Quicken Loans Arena,"The name of the arena is correct, but it should be noted that the Cavaliers' home arena is now known as Rocket Mortgage FieldHouse. However, the box score data provided uses the old name, so this is considered correct based on the provided data.",qwen_medium,p0a_sent,17997.6
S013,2,1,31 - 19,45.0,47.0,NUMBER,55 - 32,The actual first-half score was 55-32 in favor of the Cavaliers.,qwen_medium,p0a_sent,17997.6
S013,3,1,Kyrie Irving,58.0,59.0,NAME,Aaron Gordon,"The sentence incorrectly attributes Kyrie Irving's performance to the Magic, when it was actually Aaron Gordon who led the Magic with 11 points off the bench.",qwen_medium,p0a_sent,17997.6
S013,3,2,"13 points (4 - 12 FG, 0 - 4 3Pt, 5 - 7 FT) five assists and two rebounds",,,NUMBER,"11 points (5-10 FG, 1-2 3Pt, 0-0 FT), seven rebounds, and two assists","The statistics provided for Kyrie Irving are incorrect. Aaron Gordon, who actually led the Magic, scored 11 points with the correct shooting and rebounding stats.",qwen_medium,p0a_sent,17997.6
S013,4,1,11 - 18 FG,98.0,101.0,NUMBER,11 - 18 FG,LeBron James' field goal attempts are correct according to the box score.,qwen_medium,p0a_sent,17997.6
S013,4,2,4 - 7 3Pt,103.0,106.0,NUMBER,4 - 7 3Pt,LeBron James' three-point field goal attempts are correct according to the box score.,qwen_medium,p0a_sent,17997.6
S013,4,3,3 - 4 FT,108.0,111.0,NUMBER,3 - 4 FT,LeBron James' free throw attempts are correct according to the box score.,qwen_medium,p0a_sent,17997.6
S013,5,1,2 - 5 FG 1 - 2 3Pt 5 - 8 FT,,,NUMBER,"2 - 5 FG, 1 - 2 3Pt, 5 - 8 FT",The shooting stats for Kevin Love are correct according to the box score.,qwen_medium,p0a_sent,17997.6
S013,6,1,five assists,83.0,84.0,NUMBER,3 assists,"Nikola Vucevic had 3 assists, not 5.",qwen_medium,p0a_sent,17997.6
S013,7,1,5 - 10 FG,206.0,209.0,NUMBER,6 - 10 FG,"Aaron Gordon's field goal attempts were 6-10, not 5-10.",qwen_medium,p0a_sent,17997.6
S013,7,2,29,95.0,95.0,NUMBER,26,"Aaron Gordon played 26 minutes, not 29 minutes.",qwen_medium,p0a_sent,17997.6
S013,8,1,five assists,83.0,84.0,NUMBER,1 assist,"Nikola Vucevic had 1 assist, not 5.",qwen_medium,p0a_sent,17997.6
S013,8,2,0 - 4 3Pt,72.0,75.0,NUMBER,0 - 2 3Pt,"Nikola Vucevic attempted 2 three-point shots, not 4.",qwen_medium,p0a_sent,17997.6
S013,9,1,the Magic,43.0,44.0,WORD,the Pistons,"The sentence states that the Magic will play host to the Magic, which is incorrect. The correct statement should be that the Magic will play host to the Pistons.",qwen_medium,p0a_sent,17997.6
S014,1,1,Friday,24.0,24.0,NAME,Saturday,"The game was played on Saturday, not Friday.",qwen_medium,p0a_sent,17997.6
S014,2,1,out - scoring,45.0,47.0,WORD,,The phrase 'out-scoring' is correct in this context as the Trail Blazers indeed scored more points than the Lakers in the first quarter.,qwen_medium,p0a_sent,17997.6
S014,3,1,40 percent,78.0,79.0,NUMBER,40.5 percent,"The three-point percentage for the Trail Blazers is actually 40.5%, not 40%.",qwen_medium,p0a_sent,17997.6
S014,4,1,No other players scored in double digits for the Blazers,,,WORD,,"This statement is incorrect. According to the box score, Al-Farouq Aminu scored 5 points, Mason Plumlee scored 6 points, and Noah Vonleh scored 4 points, all of which are in single digits, but the statement implies that no other players scored in double digits, which is misleading.",qwen_medium,p0a_sent,17997.6
S014,5,1,9 - for - 19,120.0,124.0,NUMBER,9 - for - 19,"The field goal percentage for Lillard is correct, but the actual field goal attempts and makes are different. According to the box score, Lillard went 9 - for - 19 from the field.",qwen_medium,p0a_sent,17997.6
S014,5,2,5 - for - 11,129.0,133.0,NUMBER,5 - for - 11,"The three-point field goal percentage for Lillard is correct, but the actual three-point field goal attempts and makes are different. According to the box score, Lillard went 5 - for - 11 from the three-point line.",qwen_medium,p0a_sent,17997.6
S014,6,1,37,160.0,160.0,NUMBER,35,"The sentence states that the player has combined for 37 points over his last two games, but according to the box score, the player (likely referring to Meyers Leonard) scored 7 points in this game. Assuming the previous game's score is not provided, the total should be 35 if the previous game's score was 28.",qwen_medium,p0a_sent,17997.6
S014,7,1,12 - for - 20,185.0,189.0,NUMBER,9 - for - 19,"The field goal statistics for Lillard are incorrect. According to the box score, Lillard shot 9 for 19 from the field.",qwen_medium,p0a_sent,17997.6
S014,7,2,28,207.0,207.0,NUMBER,29,"The points scored by Lillard are incorrect. According to the box score, Lillard scored 29 points.",qwen_medium,p0a_sent,17997.6
S014,8,1,56 points 22 rebounds,,,NUMBER,"47 points, 18 rebounds","The sentence claims that the player combined for 56 points and 22 rebounds over his last two games, but the box score data shows that he actually combined for 47 points and 18 rebounds.",qwen_medium,p0a_sent,17997.6
S014,9,1,off the bench,252.0,254.0,WORD,in the starting lineup,"Kobe Bryant started the game, not coming off the bench.",qwen_medium,p0a_sent,17997.6
S014,10,1,far - and - away his best game of the year so far,283.0,295.0,WORD,,The phrase 'far and away' is subjective and cannot be verified against the provided box score data. It is also not clear if this is indeed the best game of the year for the player mentioned.,qwen_medium,p0a_sent,17997.6
S014,11,1,two assists,278.0,279.0,NUMBER,four assists,"The number of assists for Jordan Clarkson is incorrect. According to the box score, he had 4 assists.",qwen_medium,p0a_sent,17997.6
S014,12,1,It was the first time he 's surpassed the 20 - point mark this season,353.0,367.0,NOT_CHECKABLE,,This statement cannot be verified against the provided box score data.,qwen_medium,p0a_sent,17997.6
S014,13,1,The Lakers also saw some strong contributions off their bench .,381.0,391.0,WORD,,"The sentence implies that the Lakers had strong contributions from their bench, but the box score does not provide specific information about bench players' performance. This is a context mistake as it cannot be verified from the provided data.",qwen_medium,p0a_sent,17997.6
S014,14,1,"Jordan Clarkson led the way with 19 points ( 8 - 15 FG , 2 - 5 3Pt , 1 - 2 FT ) ,",392.0,416.0,WORD,,"The sentence is redundant, mentioning Jordan Clarkson's performance twice. The second mention should be removed.",qwen_medium,p0a_sent,17997.6
S014,15,1,at home against the Portland Trail Blazers,466.0,472.0,WORD,away to face the Los Angeles Clippers,The sentence incorrectly states that the Trail Blazers' next game is at home against themselves. The correct information is that they will be away to face the Los Angeles Clippers.,qwen_medium,p0a_sent,17997.6
S014,15,2,Friday,24.0,24.0,NAME,Monday,"The day of the week is incorrect. The next game for the Trail Blazers is on Monday, not Friday.",qwen_medium,p0a_sent,17997.6
S015,1,1,Wednesday,22.0,22.0,NAME,Friday,"The game was played on Friday, not Wednesday.",qwen_medium,p0a_sent,17997.6
S015,2,1,64 - 52,47.0,49.0,NUMBER,25 - 30,"The first half score is incorrect. According to the box score, the Raptors scored 27 in the first quarter and 23 in the second quarter, totaling 50 points. The Heat scored 25 in the first quarter and 30 in the second quarter, totaling 55 points.",qwen_medium,p0a_sent,17997.6
S015,3,1,50 - 38,66.0,68.0,NUMBER,58 - 39,"The second-half score difference is incorrect. According to the box score, Toronto outscored Miami 58-39 in the second half.",qwen_medium,p0a_sent,17997.6
S015,4,1,"8 - 18 FG , 1 - 4 3Pt",103.0,111.0,NUMBER,"21 - 40 FG, 5 - 8 3Pt","The field goal and three-point shooting statistics for Kyle Lowry are incorrect. According to the box score, Lowry shot 21-40 from the field and 5-8 from three-point range.",qwen_medium,p0a_sent,17997.6
S015,5,1,0 - 1 3Pt,140.0,143.0,NUMBER,5 - 8 3Pt,"The 3-point field goal attempts and makes for DeMar DeRozan are incorrect. According to the box score, he made 5 out of 8 3-point attempts.",qwen_medium,p0a_sent,17997.6
S015,6,1,DeMarre Carroll,160.0,161.0,NAME,Luis Scola,DeMarre Carroll did not play in this game. Luis Scola scored 20 points.,qwen_medium,p0a_sent,17997.6
S015,6,2,"13 points (5 - 9 FG , 1 - 2 3Pt , 2 - 2 FT)",,,NUMBER,"20 points (9 - 16 FG, 1 - 2 3Pt, 2 - 2 FT)",The stats provided for DeMarre Carroll are incorrect. Luis Scola scored 20 points with the correct shooting stats.,qwen_medium,p0a_sent,17997.6
S015,6,3,five assists,184.0,185.0,NUMBER,1 assist,"Luis Scola had 1 assist, not five.",qwen_medium,p0a_sent,17997.6
S015,7,1,some solid contributions,228.0,230.0,WORD,,The sentence is vague and does not specify which players contributed or what kind of contributions they made. This makes it difficult to verify against the box score.,qwen_medium,p0a_sent,17997.6
S015,8,1,"Gerald Green led the way with 20 points ( 7 - 15 FG , 5 - 10 3Pt , 1 - 1 FT ) off the bench .",235.0,262.0,NUMBER,"20 points (7-15 FG, 5-10 3Pt, 2-2 FT)",The free throws (1-1 FT) are incorrect. Gerald Green actually made 2 out of 2 free throws.,qwen_medium,p0a_sent,17997.6
S015,9,1,Cleveland Cavaliers,,,NAME,Portland Trail Blazers,"The sentence states that the Heat will play the Cleveland Cavaliers, but according to the provided box score and story, the Heat's next game is against the Portland Trail Blazers.",qwen_medium,p0a_sent,17997.6
S015,9,2,Sunday,294.0,294.0,NAME,Sunday,"The day of the week is correct, but the opponent is incorrect. The Heat's next game is against the Portland Trail Blazers on Sunday.",qwen_medium,p0a_sent,17997.6
S015,10,1,three,301.0,301.0,NUMBER,one,"The sentence states that Miami has lost three straight games, but according to the box score, the Heat lost only one game in this sequence.",qwen_medium,p0a_sent,17997.6
S015,11,1,"Hassan Whiteside had a strong showing as well , finishing with a team - high of 20 points ( 7 - 15 FG , 5 - 10 3Pt , 1 - 1 FT )",305.0,338.0,NUMBER,"8 points (4-6 FG, 0-0 3Pt, 0-0 FT)","Hassan Whiteside's points, field goals, 3-pointers, and free throws are incorrect according to the box score.",qwen_medium,p0a_sent,17997.6
S015,12,1,37,345.0,345.0,NUMBER,33,"The sentence states that the player has combined for 37 points in the last two games, but based on the box score, the player (likely referring to Dwyane Wade) scored 21 points in this game. Assuming the previous game's score is not provided, the total should be 33 if he scored 12 points in the previous game.",qwen_medium,p0a_sent,17997.6
S015,13,1,Timberwolves,380.0,380.0,NAME,Trail Blazers,"The sentence states that Miami will play against the Timberwolves, but according to the provided box score and schedule, their next game is against the Trail Blazers.",qwen_medium,p0a_sent,17997.6
S016,1,1,Friday,25.0,25.0,NAME,Thursday,"The game was played on Thursday, not Friday.",qwen_medium,p0a_sent,17997.6
S016,2,1,29 - 8,57.0,59.0,NUMBER,31 - 21,"The score for the third quarter is incorrect. According to the box score, the Thunder outscored the Jazz 31-21 in the third quarter.",qwen_medium,p0a_sent,17997.6
S016,3,1,Jazz 29 - 8,56.0,59.0,WORD,,"The sentence states that the Jazz out-scored the Jazz, which is a context mistake. The correct team should be the Thunder.",qwen_medium,p0a_sent,17997.6
S016,3,2,29 - 8,57.0,59.0,NUMBER,31 - 21,"The score difference in the third quarter is incorrect. According to the box score, the Thunder out-scored the Jazz 31 - 21 in the third quarter.",qwen_medium,p0a_sent,17997.6
S016,3,3,59 - 42,99.0,101.0,NUMBER,55 - 37,"The combined score difference in the second and third quarters is incorrect. According to the box score, the Thunder out-scored the Jazz 55 - 37 in the second and third quarters.",qwen_medium,p0a_sent,17997.6
S016,3,4,24 - 2,109.0,111.0,NUMBER,24 - 0,"The run to tie the game is incorrect. According to the box score, the Thunder had a 24 - 0 run to tie the game.",qwen_medium,p0a_sent,17997.6
S016,4,1,15,128.0,128.0,NUMBER,15,"The sentence states that Russell Westbrook scored 15 points, but according to the box score, he actually scored 15 points. However, the sentence implies this is a game-high, which is incorrect. Kevin Durant scored 20 points, which is higher than Westbrook's 15 points.",qwen_medium,p0a_sent,17997.6
S016,5,1,7 - 11 FG,170.0,173.0,NUMBER,7 - 11 FG,Kevin Durant's field goal attempts are correct.,qwen_medium,p0a_sent,17997.6
S016,5,2,2 - 4 3Pt,175.0,178.0,NUMBER,2 - 4 3Pt,Kevin Durant's three-point field goal attempts are correct.,qwen_medium,p0a_sent,17997.6
S016,5,3,4 - 5 FT,180.0,183.0,NUMBER,4 - 5 FT,Kevin Durant's free throw attempts are correct.,qwen_medium,p0a_sent,17997.6
S016,5,4,20 points,167.0,168.0,NUMBER,20 points,Kevin Durant's points are correct.,qwen_medium,p0a_sent,17997.6
S016,5,5,eight rebounds,186.0,187.0,NUMBER,8 rebounds,Kevin Durant's rebounds are correct.,qwen_medium,p0a_sent,17997.6
S016,5,6,nine assists,149.0,150.0,NUMBER,9 assists,Kevin Durant's assists are correct.,qwen_medium,p0a_sent,17997.6
S016,5,7,two steals,192.0,193.0,NUMBER,2 steals,Kevin Durant's steals are correct.,qwen_medium,p0a_sent,17997.6
S016,5,8,one block,195.0,196.0,NUMBER,1 block,Kevin Durant's blocks are correct.,qwen_medium,p0a_sent,17997.6
S016,5,9,30 minutes,199.0,200.0,NUMBER,30 minutes,Kevin Durant's minutes played are correct.,qwen_medium,p0a_sent,17997.6
S016,5,10,8 - 16 FG,210.0,213.0,NUMBER,8 - 16 FG,Dion Waiters' field goal attempts are correct.,qwen_medium,p0a_sent,17997.6
S016,5,11,1 - 4 3Pt,215.0,218.0,NUMBER,1 - 4 3Pt,Dion Waiters' three-point field goal attempts are correct.,qwen_medium,p0a_sent,17997.6
S016,5,12,17 points,207.0,208.0,NUMBER,17 points,Dion Waiters' points are correct.,qwen_medium,p0a_sent,17997.6
S016,5,13,two rebounds,221.0,222.0,NUMBER,2 rebounds,Dion Waiters' rebounds are correct.,qwen_medium,p0a_sent,17997.6
S016,5,14,three assists,224.0,225.0,NUMBER,3 assists,Dion Waiters' assists are correct.,qwen_medium,p0a_sent,17997.6
S016,5,15,three steals,155.0,156.0,NUMBER,3 steals,Dion Waiters' steals are correct.,qwen_medium,p0a_sent,17997.6
S016,5,16,29 minutes,231.0,232.0,NUMBER,29 minutes,Dion Waiters' minutes played are correct.,qwen_medium,p0a_sent,17997.6
S016,6,1,2 - 6 FG,,,NUMBER,2 - 6,The field goal attempts for Gordon Hayward are correct.,qwen_medium,p0a_sent,17997.6
S016,6,2,0 - 3 3Pt,,,NUMBER,0 - 3,The three-point field goal attempts for Gordon Hayward are correct.,qwen_medium,p0a_sent,17997.6
S016,6,3,2 - 2 FT,,,NUMBER,2 - 2,The free throw attempts for Gordon Hayward are correct.,qwen_medium,p0a_sent,17997.6
S016,6,4,five assists,256.0,257.0,NUMBER,5,The number of assists for Gordon Hayward is correct.,qwen_medium,p0a_sent,17997.6
S016,6,5,two rebounds,221.0,222.0,NUMBER,2,The number of rebounds for Gordon Hayward is correct.,qwen_medium,p0a_sent,17997.6
S016,6,6,seven points,267.0,268.0,NUMBER,7,The number of points for Derrick Favors is correct.,qwen_medium,p0a_sent,17997.6
S016,6,7,3 - 8 FG,,,NUMBER,3 - 8,The field goal attempts for Derrick Favors are correct.,qwen_medium,p0a_sent,17997.6
S016,6,8,1 - 4 3Pt,,,NUMBER,1 - 4,The three-point field goal attempts for Derrick Favors are correct.,qwen_medium,p0a_sent,17997.6
S016,6,9,two rebounds,221.0,222.0,NUMBER,2,The number of rebounds for Derrick Favors is correct.,qwen_medium,p0a_sent,17997.6
S016,6,10,three assists,224.0,225.0,NUMBER,2,The number of assists for Derrick Favors is incorrect. Correct number is 2.,qwen_medium,p0a_sent,17997.6
S016,6,11,three steals,155.0,156.0,NUMBER,3,The number of steals for Derrick Favors is correct.,qwen_medium,p0a_sent,17997.6
S016,6,12,29 minutes,231.0,232.0,NUMBER,23,The minutes played for Derrick Favors is incorrect. Correct number is 23.,qwen_medium,p0a_sent,17997.6
S016,7,1,six,237.0,237.0,NUMBER,five,The box score shows that only five players from the Jazz scored in double figures.,qwen_medium,p0a_sent,17997.6
S016,8,1,37,18.0,18.0,NUMBER,23,"Gordon Hayward played 23 minutes, not 37 minutes.",qwen_medium,p0a_sent,17997.6
S016,8,2,"six points ( 2 - 6 FG , 0 - 3 3Pt , 2 - 2 FT )",,,NUMBER,"6 points (2-6 FG, 0-3 3Pt, 2-2 FT)","The stats for Gordon Hayward are correct, but the minutes played is incorrect. However, since the entire stat line is being annotated, it is marked as a single number mistake.",qwen_medium,p0a_sent,17997.6
S016,9,1,30,199.0,199.0,NUMBER,23,"Derrick Favors played 23 minutes, not 30.",qwen_medium,p0a_sent,17997.6
S016,10,1,six,237.0,237.0,NUMBER,five,The box score shows that only five players from the Jazz reached double figures in points.,qwen_medium,p0a_sent,17997.6
S016,11,1,six,237.0,237.0,NUMBER,6,"The number of points Gordon Hayward scored is correct, but the word 'six' should be '6'.",qwen_medium,p0a_sent,17997.6
S016,11,2,2 - 3,141.0,143.0,NUMBER,0 - 3,"Gordon Hayward attempted 3 three-point shots and made 0, not 2.",qwen_medium,p0a_sent,17997.6
S016,11,3,2 - 2,250.0,252.0,NUMBER,2 - 2,"Gordon Hayward made 2 out of 2 free throws, which is correct.",qwen_medium,p0a_sent,17997.6
S016,11,4,five,256.0,256.0,NUMBER,5,"The number of assists Gordon Hayward had is correct, but the word 'five' should be '5'.",qwen_medium,p0a_sent,17997.6
S016,11,5,two,192.0,192.0,NUMBER,2,"The number of rebounds Gordon Hayward had is correct, but the word 'two' should be '2'.",qwen_medium,p0a_sent,17997.6
S016,11,6,seven,152.0,152.0,NUMBER,7,"The number of points Derrick Favors scored is correct, but the word 'seven' should be '7'.",qwen_medium,p0a_sent,17997.6
S016,11,7,3 - 8,270.0,272.0,NUMBER,3 - 8,"Derrick Favors made 3 out of 8 field goals, which is correct.",qwen_medium,p0a_sent,17997.6
S016,11,8,1 - 1,352.0,354.0,NUMBER,1 - 1,"Derrick Favors made 1 out of 1 free throw, which is correct.",qwen_medium,p0a_sent,17997.6
S016,11,9,two,192.0,192.0,NUMBER,2,"The number of rebounds Derrick Favors had is correct, but the word 'two' should be '2'.",qwen_medium,p0a_sent,17997.6
S016,11,10,two,192.0,192.0,NUMBER,2,"The number of steals Derrick Favors had is correct, but the word 'two' should be '2'.",qwen_medium,p0a_sent,17997.6
S016,12,1,two,192.0,192.0,NUMBER,one,The Jazz lost only one game in a row based on the provided box score and summary.,qwen_medium,p0a_sent,17997.6
S016,13,1,the Grizzlies,445.0,446.0,NAME,the Timberwolves,"The sentence states that the Jazz will host the Grizzlies, but according to the provided story, the Jazz's next game is against the Minnesota Timberwolves.",qwen_medium,p0a_sent,17997.6
S016,14,1,Tuesday in Denver,464.0,466.0,NOT_CHECKABLE,,The information about the next game is not provided in the box score data and cannot be verified.,qwen_medium,p0a_sent,17997.6
S017,1,1,Saturday,18.0,18.0,NAME,Tuesday,"The game was played on Tuesday, not Saturday.",qwen_medium,p0a_sent,17997.6
S017,2,1,Monday,31.0,31.0,NAME,Tuesday,"The game was played on Tuesday, not Monday.",qwen_medium,p0a_sent,17997.6
S017,2,2,Barclays Center,45.0,46.0,NAME,Quicken Loans Arena,"The game was played at Quicken Loans Arena, not Barclays Center.",qwen_medium,p0a_sent,17997.6
S017,2,3,33 - 34,52.0,54.0,NUMBER,44 - 22,"The Cavaliers' record was 44-22, not 33-34.",qwen_medium,p0a_sent,17997.6
S017,3,1,33 - 34,52.0,54.0,NUMBER,44 - 22,"The record for the Cavaliers is incorrect. According to the box score, the Cavaliers' record is 44-22.",qwen_medium,p0a_sent,17997.6
S017,3,2,Barclays Center,45.0,46.0,NAME,Quicken Loans Arena,"The venue is incorrect. The game was played at Quicken Loans Arena, not Barclays Center.",qwen_medium,p0a_sent,17997.6
S017,4,1,63 percent,140.0,141.0,NUMBER,21 percent,"The story incorrectly states that the Pistons had a 63 percent success rate from three-point range, but the box score shows they had a 21 percent success rate.",qwen_medium,p0a_sent,17997.6
S017,5,1,Andre Drummond,164.0,165.0,NAME,LeBron James,Andre Drummond did not lead the way for the Cavs; LeBron James did with a triple-double.,qwen_medium,p0a_sent,17997.6
S017,5,2,Cavs,171.0,171.0,NAME,Pistons,"Andre Drummond played for the Pistons, not the Cavs.",qwen_medium,p0a_sent,17997.6
S017,6,1,five,196.0,196.0,NUMBER,2,"Reggie Jackson had 2 rebounds, not 5.",qwen_medium,p0a_sent,17997.6
S017,7,1,Kentavious Caldwell-Pope,205.0,206.0,NAME,Ish Smith,"According to the box score, Ish Smith led the bench with 12 points, not Kentavious Caldwell-Pope.",qwen_medium,p0a_sent,17997.6
S017,7,2,11,211.0,211.0,NUMBER,12,"According to the box score, Ish Smith scored 12 points, not 11.",qwen_medium,p0a_sent,17997.6
S017,7,3,two rebounds three assists,,,NUMBER,"1 rebound, 3 assists","According to the box score, Ish Smith had 1 rebound and 3 assists, not two rebounds and three assists.",qwen_medium,p0a_sent,17997.6
S017,8,1,Marcus Morris,223.0,224.0,NAME,Reggie Jefferson,"The sentence incorrectly states that Marcus Morris matched Morris's point total, but according to the box score, it was Reggie Jefferson who matched LeBron James's point total.",qwen_medium,p0a_sent,17997.6
S017,9,1,12 points,252.0,253.0,NUMBER,12 points,"Ish Smith actually scored 12 points, but the box score shows he scored 12 points, which is correct.",qwen_medium,p0a_sent,17997.6
S017,10,1,Richard Jefferson and Richard Jefferson,264.0,268.0,NAME,Reggie Jefferson and Richard Jefferson,The sentence incorrectly mentions Richard Jefferson twice. The correct names should be Reggie Jefferson and Richard Jefferson.,qwen_medium,p0a_sent,17997.6
S017,10,2,16 - point,275.0,277.0,NUMBER,16 and 16,"The sentence states that both Richard Jefferson and Richard Jefferson scored 16 points, but the box score shows that Richard Jefferson scored 16 points and Reggie Jefferson also scored 16 points.",qwen_medium,p0a_sent,17997.6
S017,10,3,"the former adding one assist , two rebounds and one steal , and the latter registering eight boards , one assist and two steals",281.0,304.0,WORD,"the former adding two rebounds, one assist, and two steals, and the latter registering one assist, two rebounds, and one steal","The sentence incorrectly attributes the statistics to the wrong players. Richard Jefferson should have two rebounds, one assist, and two steals, while Reggie Jefferson should have one assist, two rebounds, and one steal.",qwen_medium,p0a_sent,17997.6
S017,11,1,13 points,311.0,312.0,NUMBER,13 points,"Deron Williams scored 13 points, but the box score shows he actually scored 13 points, so this is correct.",qwen_medium,p0a_sent,17997.6
S017,12,1,Kyle Korver,323.0,324.0,NAME,Reggie Bullock,"Kyle Korver did not play in this game. Reggie Bullock scored 6 points, 2 rebounds, 1 assist, and 1 steal.",qwen_medium,p0a_sent,17997.6
S017,12,2,12,252.0,252.0,NUMBER,6,Kyle Korver did not play in this game. Reggie Bullock scored 6 points.,qwen_medium,p0a_sent,17997.6
S017,12,3,five,196.0,196.0,NUMBER,2,Kyle Korver did not play in this game. Reggie Bullock had 2 rebounds.,qwen_medium,p0a_sent,17997.6
S017,12,4,one,184.0,184.0,NUMBER,1,Kyle Korver did not play in this game. Reggie Bullock had 1 assist.,qwen_medium,p0a_sent,17997.6
S017,13,1,16,275.0,275.0,NUMBER,13,"Richard Jefferson scored 13 points, not 16.",qwen_medium,p0a_sent,17997.6
S017,14,1,Friday,368.0,368.0,NAME,Wednesday,"The Pistons are scheduled to play the Utah Jazz on Wednesday, not Friday.",qwen_medium,p0a_sent,17997.6
S017,14,2,Atlanta Hawks,365.0,366.0,NAME,Utah Jazz,"The Pistons are scheduled to play the Utah Jazz, not the Atlanta Hawks.",qwen_medium,p0a_sent,17997.6
S017,14,3,Philadelphia 76ers,379.0,380.0,NAME,Utah Jazz,"The Cavaliers are scheduled to play the Utah Jazz, not the Philadelphia 76ers.",qwen_medium,p0a_sent,17997.6
S018,1,1,Oracle Arena,26.0,27.0,NAME,Oracle Arena in Oakland,"The game was played at Oracle Arena in Oakland, but the provided box score data does not specify the location. However, Oracle Arena is the home arena of the Golden State Warriors, so this is likely correct.",qwen_medium,p0a_sent,17997.6
S018,2,1,29 percent,48.0,49.0,NUMBER,44 percent,"The Warriors' three-point percentage is incorrect. According to the box score, the Warriors shot 44% from the three-point line.",qwen_medium,p0a_sent,17997.6
S018,2,2,29 percent,48.0,49.0,NUMBER,29 percent,"The Clippers' three-point percentage is correct, but the Warriors' three-point percentage is incorrect. According to the box score, the Clippers shot 29% from the three-point line.",qwen_medium,p0a_sent,17997.6
S018,3,1,Stephen Curry and Klay Thompson,83.0,87.0,CONTEXT,,"The sentence implies that Stephen Curry and Klay Thompson were the leading scorers for the Warriors, but according to the box score, Draymond Green also had a significant contribution with a double-double. This could lead to a misunderstanding of the team's performance.",qwen_medium,p0a_sent,17997.6
S018,4,1,5 - 6,,,NUMBER,5 - 6,The free throw statistics for Stephen Curry are correct according to the box score.,qwen_medium,p0a_sent,17997.6
S018,5,1,39,137.0,137.0,NUMBER,45,"The combined points for the two games should be 45, not 39.",qwen_medium,p0a_sent,17997.6
S018,5,2,13,140.0,140.0,NUMBER,14,"The combined assists for the two games should be 14, not 13.",qwen_medium,p0a_sent,17997.6
S018,6,1,0 - 2 3Pt,,,NUMBER,2 - 4 3Pt,"The number of three-point attempts made and attempted is incorrect. According to the box score, Draymond Green made 2 three-pointers out of 4 attempts.",qwen_medium,p0a_sent,17997.6
S018,7,1,29 points 12 rebounds,,,NUMBER,"33 points, 4 rebounds","The sentence states that the player combined for 29 points and 12 rebounds in the last two games, but according to the box score, Stephen Curry scored 33 points and had 4 rebounds in this game alone.",qwen_medium,p0a_sent,17997.6
S018,8,1,"3 - 11 FG , 2 - 4 3Pt , 3 - 4 FT",211.0,224.0,NUMBER,"3 - 11 FG, 2 - 4 3Pt, 3 - 4 FT","The field goal, three-point, and free throw statistics for Harrison Barnes are correct according to the box score.",qwen_medium,p0a_sent,17997.6
S018,9,1,Josh Smith,245.0,246.0,NAME,Austin Rivers,Josh Smith did not play in this game. Austin Rivers was the bench player who contributed significantly.,qwen_medium,p0a_sent,17997.6
S018,9,2,shooting all,250.0,251.0,WORD,shooting well,"The sentence implies that both players shot all their attempts, which is not accurate. The correct phrase should indicate that they performed well.",qwen_medium,p0a_sent,17997.6
S018,10,1,7 - 10 FG,259.0,262.0,NUMBER,19 - 10 FG,"The field goal percentage for DeAndre Jordan is incorrect. According to the box score, he made 19 out of 10 field goal attempts.",qwen_medium,p0a_sent,17997.6
S018,10,2,5 - 10 FT,264.0,267.0,NUMBER,5 - 6 FT,"The free throw percentage for DeAndre Jordan is incorrect. According to the box score, he made 5 out of 6 free throw attempts.",qwen_medium,p0a_sent,17997.6
S018,11,1,17 points,329.0,330.0,NUMBER,19 points,"The average points in the last two games should be 19, not 17.",qwen_medium,p0a_sent,17997.6
S018,11,2,12 rebounds,180.0,181.0,NUMBER,20 rebounds,"The average rebounds in the last two games should be 20, not 12.",qwen_medium,p0a_sent,17997.6
S018,12,1,4 - for - 11,280.0,284.0,NUMBER,6 - for - 11,"The field goal attempts for Jamal Crawford are incorrect. According to the box score, he made 6 of 11 field goals.",qwen_medium,p0a_sent,17997.6
S018,12,2,2 - for - 4,289.0,293.0,NUMBER,2 - for - 6,"The three-point field goal attempts for Jamal Crawford are incorrect. According to the box score, he made 2 of 6 three-point field goals.",qwen_medium,p0a_sent,17997.6
S018,13,1,the Clippers will be at home against the Minnesota Timberwolves,401.0,410.0,CONTEXT,,"The sentence states that the Clippers will play the Minnesota Timberwolves on Friday, but according to the provided box score and schedule, the Clippers are playing the Portland Trail Blazers on Thursday. The statement about the Timberwolves is incorrect.",qwen_medium,p0a_sent,17997.6
S019,1,1,Saturday,18.0,18.0,NAME,Friday,"The game was played on February 24, 2017, which was a Friday, not a Saturday.",qwen_medium,p0a_sent,17997.6
S019,2,1,wire - to - wire,,,WORD,,"The term 'wire-to-wire' suggests that the Heat led the entire game, but the box score does not provide enough information to confirm this. The term is not verifiable with the given data.",qwen_medium,p0a_sent,17997.6
S019,3,1,30 - 16,65.0,67.0,NUMBER,30 - 25,"The box score shows that the Heat outscored the Pacers 30-25 in the third quarter, not 30-16.",qwen_medium,p0a_sent,17997.6
S019,4,1,16,67.0,67.0,NUMBER,21,"The number of assists for the Heat is incorrect. According to the box score, the Heat had 23 assists.",qwen_medium,p0a_sent,17997.6
S019,4,2,15,98.0,98.0,NUMBER,15,"The number of turnovers for the Pacers is correct, but the number of assists for the Pacers is incorrect. According to the box score, the Pacers had 21 assists.",qwen_medium,p0a_sent,17997.6
S019,5,1,have now won five of their last six games,112.0,120.0,WORD,have now lost five of their last six games,"The sentence states that the Pacers have won five of their last six games, but the box score and context suggest they have been struggling recently.",qwen_medium,p0a_sent,17997.6
S019,6,1,Paul George,128.0,129.0,NAME,Paul George,"The sentence states that Paul George led the way for Indiana with 10 points, 5 rebounds, and 1 assist. However, according to the box score, Paul George actually had 10 points, 1 rebound, and 1 assist.",qwen_medium,p0a_sent,17997.6
S019,6,2,five rebounds,142.0,143.0,NUMBER,1 rebound,"The sentence states that Paul George had 5 rebounds, but the box score shows he had 1 rebound.",qwen_medium,p0a_sent,17997.6
S019,7,1,second,56.0,56.0,WORD,third,"Jeff Teague was actually the third-highest scorer for the Pacers, not the second.",qwen_medium,p0a_sent,17997.6
S019,8,1,13,181.0,181.0,NUMBER,2,"Thaddeus Young scored 2 points, not 13 points.",qwen_medium,p0a_sent,17997.6
S019,9,1,Friday,203.0,203.0,NAME,Monday,"The game is scheduled for Monday, not Friday.",qwen_medium,p0a_sent,17997.6
S019,10,1,four of their last six games,215.0,220.0,NUMBER,14 of 16 games,"The sentence states that the Heat have won four of their last six games, but according to the box score, they have won 14 of their last 16 games.",qwen_medium,p0a_sent,17997.6
S019,11,1,Goran Dragic,228.0,229.0,WORD,,"Goran Dragic was not the player of the game according to the box score. Hassan Whiteside and Dion Waiters both scored 22 points, which is the highest on the team.",qwen_medium,p0a_sent,17997.6
S019,11,2,21,240.0,240.0,NUMBER,21,"Goran Dragic did indeed score 21 points, but this is not the highest on the team. Hassan Whiteside and Dion Waiters both scored 22 points.",qwen_medium,p0a_sent,17997.6
S019,12,1,"Hassan Whiteside recorded a double - double , totaling 22 points and 17 rebounds .",256.0,270.0,,,The sentence is correct according to the box score data.,qwen_medium,p0a_sent,17997.6
S019,13,1,Dion Waiters,271.0,272.0,WORD,Goran Dragic,"Dion Waiters was not the only other starter in double figures. According to the box score, Goran Dragic also scored 21 points.",qwen_medium,p0a_sent,17997.6
S019,14,1,Thursday,299.0,299.0,NAME,Monday,"The game is scheduled for Monday, not Thursday.",qwen_medium,p0a_sent,17997.6
S020,1,1,Phoenix Suns,2.0,3.0,NAME,New Orleans Pelicans,"The home team is the New Orleans Pelicans, not the Phoenix Suns.",qwen_medium,p0a_sent,17997.6
S020,1,2,111 - 106,10.0,12.0,NUMBER,106 - 111,"The final score is 111 - 106, with the Pelicans winning, not the Suns.",qwen_medium,p0a_sent,17997.6
S020,2,1,Pelicans ( 16 - 32 ),22.0,27.0,NUMBER,Pelicans (20 - 32),"The record for the Pelicans is incorrect. According to the box score, the Pelicans' record is 20-32, not 16-32.",qwen_medium,p0a_sent,17997.6
S020,2,2,disappointing loss to the Pelicans ( 16 - 32 ),36.0,45.0,WORD,disappointing loss to the Suns (16-36),The sentence incorrectly states that the Pelicans lost to the Pelicans. It should state that the Pelicans lost to the Suns.,qwen_medium,p0a_sent,17997.6
S020,3,1,18,80.0,80.0,NUMBER,32,"The score for the Suns in the final 12 minutes (Q4) was 32, not 18.",qwen_medium,p0a_sent,17997.6
S020,4,1,outscoring the Pelicans,98.0,100.0,WORD,outscoring the Suns,"The sentence states that the Pelicans outscored the Pelicans, which is logically incorrect. It should state that the Pelicans outscored the Suns.",qwen_medium,p0a_sent,17997.6
S020,5,1,Eric Bledsoe,,,NAME,Anthony Davis,Eric Bledsoe is not a Pelican player in this game. Anthony Davis was the leading scorer for the Pelicans with 34 points.,qwen_medium,p0a_sent,17997.6
S020,5,2,14,121.0,121.0,NUMBER,34,"Eric Bledsoe scored 14 points, but the sentence incorrectly attributes this to the Pelicans' leading scorer. Anthony Davis actually led the Pelicans with 34 points.",qwen_medium,p0a_sent,17997.6
S020,5,3,seven rebounds,128.0,129.0,NUMBER,nine rebounds,The sentence incorrectly states that the leading scorer had seven rebounds. Anthony Davis had nine rebounds.,qwen_medium,p0a_sent,17997.6
S020,5,4,a pair of blocks,134.0,137.0,NUMBER,five blocks,The sentence incorrectly states that the leading scorer had two blocks. Anthony Davis had five blocks.,qwen_medium,p0a_sent,17997.6
S020,6,1,two rebounds,152.0,153.0,NUMBER,4 rebounds,"The box score shows Devin Booker had 4 rebounds, not 2.",qwen_medium,p0a_sent,17997.6
S020,7,1,12,85.0,85.0,NUMBER,6,"Marquese Chriss scored 6 points, not 12.",qwen_medium,p0a_sent,17997.6
S020,7,2,three,165.0,165.0,NUMBER,3,"Marquese Chriss had 3 rebounds, which is correct.",qwen_medium,p0a_sent,17997.6
S020,7,3,two,152.0,152.0,NUMBER,2,"Marquese Chriss had 2 assists, which is correct.",qwen_medium,p0a_sent,17997.6
S020,7,4,a,35.0,35.0,NUMBER,1,"Marquese Chriss had 1 steal, not a steal.",qwen_medium,p0a_sent,17997.6
S020,7,5,a,35.0,35.0,NUMBER,1,"Marquese Chriss had 1 block, not a block.",qwen_medium,p0a_sent,17997.6
S020,8,1,PJ Tucker,177.0,178.0,NAME,E'Twaun Moore,"PJ Tucker did not lead the bench with 12 points, five rebounds, an assist, and a steal. According to the box score, E'Twaun Moore provided 12 points, four rebounds, and four steals.",qwen_medium,p0a_sent,17997.6
S020,8,2,five rebounds,186.0,187.0,NUMBER,four rebounds,"E'Twaun Moore had four rebounds, not five.",qwen_medium,p0a_sent,17997.6
S020,8,3,an assist,189.0,190.0,NUMBER,no assists,E'Twaun Moore did not record any assists.,qwen_medium,p0a_sent,17997.6
S020,9,1,seven,128.0,128.0,NUMBER,5,"Eric Bledsoe actually had 5 rebounds, not 7.",qwen_medium,p0a_sent,17997.6
S020,9,2,a steal,,,NUMBER,0 steals,Eric Bledsoe did not record any steals in this game.,qwen_medium,p0a_sent,17997.6
S020,9,3,a block,,,NUMBER,0 blocks,Eric Bledsoe did not record any blocks in this game.,qwen_medium,p0a_sent,17997.6
S020,10,1,12,85.0,85.0,NUMBER,6,"Marquese Chriss scored 6 points, not 12.",qwen_medium,p0a_sent,17997.6
S020,10,2,three,165.0,165.0,NUMBER,3,"Marquese Chriss had 3 rebounds, which is correct.",qwen_medium,p0a_sent,17997.6
S020,10,3,two,152.0,152.0,NUMBER,2,"Marquese Chriss had 2 assists, which is correct.",qwen_medium,p0a_sent,17997.6
S020,10,4,a,35.0,35.0,NUMBER,1,"Marquese Chriss had 1 block, not a block (which implies 1).",qwen_medium,p0a_sent,17997.6
S020,11,1,14,121.0,121.0,NUMBER,6,"Marquese Chriss scored 6 points, not 14.",qwen_medium,p0a_sent,17997.6
S020,12,1,Brandon Knight,264.0,265.0,NAME,TJ Warren,"The sentence incorrectly attributes the leading scorer to Brandon Knight, when it should be TJ Warren.",qwen_medium,p0a_sent,17997.6
S020,12,2,12 points,162.0,163.0,NUMBER,20 points,"The sentence incorrectly states that Brandon Knight scored 12 points, when the leading scorer, TJ Warren, actually scored 20 points.",qwen_medium,p0a_sent,17997.6
S020,12,3,six assists,270.0,271.0,NUMBER,5 assists,"The sentence incorrectly states that Brandon Knight had 6 assists, when the leading scorer, TJ Warren, had 0 assists.",qwen_medium,p0a_sent,17997.6
S020,12,4,two rebounds,152.0,153.0,NUMBER,4 rebounds,"The sentence incorrectly states that Brandon Knight had 2 rebounds, when the leading scorer, TJ Warren, had 4 rebounds.",qwen_medium,p0a_sent,17997.6
S020,12,5,a pair of steals,276.0,279.0,NUMBER,2 steals,"The sentence incorrectly states that Brandon Knight had a pair of steals, when the leading scorer, TJ Warren, had 0 steals.",qwen_medium,p0a_sent,17997.6
S020,13,1,seven rebounds,128.0,129.0,NUMBER,5 rebounds,"According to the box score, Eric Bledsoe had 5 rebounds, not 7.",qwen_medium,p0a_sent,17997.6
S020,14,1,six,270.0,270.0,NUMBER,0,"Terrence Jones had 0 assists, not 6.",qwen_medium,p0a_sent,17997.6
S020,15,1,Buddy Hield,328.0,329.0,NAME,E'Twaun Moore,Buddy Hield did not lead the second unit with those stats; E'Twaun Moore did.,qwen_medium,p0a_sent,17997.6
S020,15,2,11 points five rebounds four assists a steal,,,NUMBER,"12 points, four rebounds, four steals","Buddy Hield's stats are incorrect. E'Twaun Moore provided 12 points, four rebounds, and four steals.",qwen_medium,p0a_sent,17997.6
S020,16,1,Suns,3.0,3.0,NAME,Pelicans,"The sentence states that the Suns are in last place in the Southwest Division, but the box score indicates that the Pelicans are the home team, and the provided season schedules should be checked to confirm the current standings.",qwen_medium,p0a_sent,17997.6
S020,17,1,Minnesota to take on the Timberwolves on Monday,364.0,371.0,NOT_CHECKABLE,,The next game's location and date cannot be verified against the provided box score data.,qwen_medium,p0a_sent,17997.6
S020,18,1,an assist,189.0,190.0,NUMBER,one assist,"Anthony Davis had 1 assist, not 'an assist'.",qwen_medium,p0a_sent,17997.6
S020,19,1,20,397.0,397.0,NUMBER,30,"Jrue Holiday actually scored 30 points, not 20.",qwen_medium,p0a_sent,17997.6
S020,20,1,a rebound,419.0,420.0,NUMBER,3,"Buddy Hield had 3 rebounds, not 1.",qwen_medium,p0a_sent,17997.6
S020,21,1,a rebound,419.0,420.0,NUMBER,3,"Buddy Hield had 3 rebounds, not 1.",qwen_medium,p0a_sent,17997.6
S020,22,1,last,351.0,351.0,WORD,not last,The Pelicans are not in last place in the Western Conference's Southwest Division according to the provided box score and season schedule.,qwen_medium,p0a_sent,17997.6
S020,23,1,Monday,371.0,371.0,NAME,February 6,"The day of the week is incorrect. The game was played on February 6, 2017, which was a Monday, but the specific date should be provided for clarity.",qwen_medium,p0a_sent,17997.6
S021,1,1,Saturday,18.0,18.0,NAME,Friday,"The game was played on Friday, not Saturday.",qwen_medium,p0a_sent,17997.6
S021,2,1,Saturday,18.0,18.0,NAME,Friday,"The game was played on Friday, not Saturday.",qwen_medium,p0a_sent,17997.6
S021,2,2,38 - point,,,NUMBER,68 - point,"The Rockets scored 68 points in the first half, not 38 points in the first quarter.",qwen_medium,p0a_sent,17997.6
S021,2,3,pull away,,,WORD,battle back,"The Kings battled back in the second half, they did not pull away.",qwen_medium,p0a_sent,17997.6
S021,3,1,"the Rockets ( 10 - 6 ) battled back to make it a one - point game at the end of the third quarter ,",83.0,107.0,CONTEXT,,"The sentence states that the Rockets battled back to make it a one-point game at the end of the third quarter, but the box score shows that the Kings actually outscored the Rockets in the third quarter, making this statement misleading.",qwen_medium,p0a_sent,17997.6
S021,4,1,outscoring the Kings,143.0,145.0,WORD,outscoring the Rockets,"The sentence states that the Kings outscored the Kings, which is incorrect. It should state that the Kings outscored the Rockets.",qwen_medium,p0a_sent,17997.6
S021,5,1,an assist,177.0,178.0,NUMBER,10 assists,"James Harden had 10 assists, not just one.",qwen_medium,p0a_sent,17997.6
S021,5,2,five blocks,180.0,181.0,NUMBER,0 blocks,"James Harden had 0 blocks, not five.",qwen_medium,p0a_sent,17997.6
S021,6,1,an assist,177.0,178.0,NUMBER,1,"Eric Gordon had 1 assist, not 'an assist'.",qwen_medium,p0a_sent,17997.6
S021,7,1,three rebounds,207.0,208.0,NUMBER,10 rebounds,"The box score shows Clint Capela had 10 rebounds, not three.",qwen_medium,p0a_sent,17997.6
S021,8,1,10 rebounds,232.0,233.0,NUMBER,9,"Trevor Ariza had 9 rebounds, not 10.",qwen_medium,p0a_sent,17997.6
S021,8,2,two blocks,216.0,217.0,NUMBER,0,"Trevor Ariza had 0 blocks, not 2.",qwen_medium,p0a_sent,17997.6
S021,9,1,10 rebounds,232.0,233.0,NUMBER,9,"Trevor Ariza had 9 rebounds, not 10.",qwen_medium,p0a_sent,17997.6
S021,10,1,17,204.0,204.0,NUMBER,3,"Sam Dekker scored 3 points, not 17 points.",qwen_medium,p0a_sent,17997.6
S021,10,2,three,207.0,207.0,NUMBER,1,"Sam Dekker had 1 rebound, not three rebounds.",qwen_medium,p0a_sent,17997.6
S021,10,3,three,207.0,207.0,NUMBER,3,"Sam Dekker had 3 assists, which is correct.",qwen_medium,p0a_sent,17997.6
S021,10,4,two,191.0,191.0,NUMBER,2,"Sam Dekker had 2 steals, which is correct.",qwen_medium,p0a_sent,17997.6
S021,10,5,two,191.0,191.0,NUMBER,0,"Sam Dekker had 0 blocks, not two blocks.",qwen_medium,p0a_sent,17997.6
S021,11,1,an assist,177.0,178.0,NUMBER,10 assists,"James Harden had 10 assists, not just one.",qwen_medium,p0a_sent,17997.6
S021,11,2,five blocks,180.0,181.0,NUMBER,0 blocks,"James Harden had 0 blocks, not five.",qwen_medium,p0a_sent,17997.6
S021,12,1,four rebounds,320.0,321.0,NUMBER,3 rebounds,"Rudy Gay had 3 rebounds, not 4.",qwen_medium,p0a_sent,17997.6
S021,12,2,three steals,326.0,327.0,NUMBER,2 steals,"Rudy Gay had 2 steals, not 3.",qwen_medium,p0a_sent,17997.6
S021,13,1,"18 - point , 10 - rebound",335.0,341.0,NUMBER,"8 points, 3 rebounds","Darren Collison's actual stats were 8 points and 3 rebounds, not 18 points and 10 rebounds.",qwen_medium,p0a_sent,17997.6
S021,14,1,18,229.0,229.0,NUMBER,8,"Darren Collison scored 8 points, not 18.",qwen_medium,p0a_sent,17997.6
S021,14,2,four,320.0,320.0,NUMBER,4,"Darren Collison had 4 assists, which is correct.",qwen_medium,p0a_sent,17997.6
S021,14,3,three,207.0,207.0,NUMBER,3,"Darren Collison had 3 rebounds, which is correct.",qwen_medium,p0a_sent,17997.6
S021,14,4,two,191.0,191.0,NUMBER,2,"Darren Collison had 2 steals, which is correct.",qwen_medium,p0a_sent,17997.6
S021,15,1,"10 - point , 12 - rebound",380.0,386.0,NUMBER,"4 - point , 10 - rebound","Rudy Gay actually scored 10 points and had 10 rebounds, not 12.",qwen_medium,p0a_sent,17997.6
S021,15,2,three blocks,399.0,400.0,NUMBER,0 blocks,Rudy Gay did not record any blocks in this game.,qwen_medium,p0a_sent,17997.6
S021,16,1,18,229.0,229.0,NUMBER,8,"Darren Collison scored 8 points, not 18.",qwen_medium,p0a_sent,17997.6
S021,17,1,Saturday,18.0,18.0,NAME,Sunday,"The game was played on Friday, so the next game for the Rockets would be on Sunday, not Saturday.",qwen_medium,p0a_sent,17997.6
S021,17,2,San Antonio Spurs,,,NAME,Portland Trail Blazers,"According to the provided box score, the Rockets' next game after this one was against the Portland Trail Blazers, not the San Antonio Spurs.",qwen_medium,p0a_sent,17997.6
S022,1,1,Minnesota,7.0,7.0,NAME,host,"The sentence states 'Minnesota Timberwolves' but the box score indicates that the Timberwolves were the home team, so 'host' should be used instead of 'Minnesota'.",qwen_medium,p0a_sent,17997.6
S022,2,1,These are two teams going in opposite directions and this result shows just that .,20.0,34.0,NOT_CHECKABLE,,The statement about the teams going in opposite directions and the result showing this is subjective and cannot be verified against the provided box score data.,qwen_medium,p0a_sent,17997.6
S022,3,1,8 ties 10 lead changes,,,NUMBER,,"The box score does not provide information about the number of ties and lead changes, making this fact uncheckable.",qwen_medium,p0a_sent,17997.6
S022,4,1,22 percent,79.0,80.0,NUMBER,22,"The Timberwolves actually shot 22% from three-point range, which is correct according to the box score.",qwen_medium,p0a_sent,17997.6
S022,5,1,43 - 34,102.0,104.0,NUMBER,43 - 34,The rebounding totals are correct according to the box score.,qwen_medium,p0a_sent,17997.6
S022,6,1,Anthony Davis,106.0,107.0,NAME,Karl-Anthony Towns,Anthony Davis did not lead the Timberwolves in scoring; Karl-Anthony Towns did.,qwen_medium,p0a_sent,17997.6
S022,6,2,Timberwolves,8.0,8.0,NAME,Pelicans,"Anthony Davis led the Pelicans, not the Timberwolves, in scoring.",qwen_medium,p0a_sent,17997.6
S022,7,1,six,152.0,152.0,NUMBER,4,"The box score shows Jrue Holiday had 4 rebounds, not six.",qwen_medium,p0a_sent,17997.6
S022,8,1,second,141.0,141.0,WORD,third,"Buddy Hield was the third-highest scorer for the Pelicans, not the second. Anthony Davis (42 points) and Jrue Holiday (25 points) scored more points.",qwen_medium,p0a_sent,17997.6
S022,9,1,three steals,189.0,190.0,NUMBER,1 steal,"Gorgui Dieng had 1 steal, not 3.",qwen_medium,p0a_sent,17997.6
S022,10,1,Buddy Hield,158.0,159.0,NAME,Karl-Anthony Towns,Buddy Hield did not lead Minnesota in scoring; Karl-Anthony Towns did.,qwen_medium,p0a_sent,17997.6
S022,10,2,17,169.0,169.0,NUMBER,36,"Buddy Hield scored 17 points, but Karl-Anthony Towns led Minnesota with 36 points.",qwen_medium,p0a_sent,17997.6
S022,10,3,four,205.0,205.0,NUMBER,8,"Buddy Hield had 4 rebounds, but Karl-Anthony Towns had 8 rebounds.",qwen_medium,p0a_sent,17997.6
S022,11,1,three steals,189.0,190.0,NUMBER,1 steal,"Gorgui Dieng had 1 steal, not 3.",qwen_medium,p0a_sent,17997.6
S022,12,1,Friday,18.0,18.0,NAME,Sunday,"The next game is on Sunday, not Friday.",qwen_medium,p0a_sent,17997.6
S022,13,1,21 - 33,253.0,255.0,NUMBER,21-33,The record is correct according to the box score.,qwen_medium,p0a_sent,17997.6
S022,13,2,Verizon Center,275.0,276.0,NAME,Target Center,"The game was played at Target Center, not Verizon Center.",qwen_medium,p0a_sent,17997.6
S022,13,3,17th,272.0,272.0,NUMBER,21st,"The Pelicans have won 21 games, not 17.",qwen_medium,p0a_sent,17997.6
S022,14,1,Minnesota,7.0,7.0,NAME,New Orleans,"Anthony Davis played for the New Orleans Pelicans, not the Minnesota Timberwolves.",qwen_medium,p0a_sent,17997.6
S022,15,1,12 assists,155.0,156.0,NUMBER,12 assists,The number of assists for Jrue Holiday is correct according to the box score.,qwen_medium,p0a_sent,17997.6
S023,1,1,Wednesday,19.0,19.0,NAME,Sunday,"The game was played on Sunday, not Wednesday.",qwen_medium,p0a_sent,17997.6
S023,2,1,Dallas was expected to win this game easily,21.0,28.0,WORD,,"The sentence suggests that Dallas was expected to win easily, but the box score and context do not provide evidence to support this claim. This is a subjective statement and cannot be verified against the provided data.",qwen_medium,p0a_sent,17997.6
S023,3,1,11,56.0,56.0,NUMBER,30,"The sentence states that the Mavericks led by 11 at times in the second half, but according to the box score, the deficit was 30 points for the entirety of the second half.",qwen_medium,p0a_sent,17997.6
S023,4,1,17,85.0,85.0,NUMBER,10,"The box score shows that the Lakers committed 10 turnovers, not 17.",qwen_medium,p0a_sent,17997.6
S023,5,1,Justin Anderson,88.0,89.0,WORD,Justin Anderson,"The sentence correctly states that Justin Anderson led the team in scoring off the bench, but it is misleading because Justin Anderson did indeed lead the team in scoring, not just off the bench. The sentence should clarify that he led the team overall.",qwen_medium,p0a_sent,17997.6
S023,6,1,5 - 11,,,NUMBER,6 - 11,"Justin Anderson's shooting stats are incorrect. According to the box score, he made 6 of 11 shots.",qwen_medium,p0a_sent,17997.6
S023,7,1,Deron Williams was the only other starter in double figures,131.0,140.0,WORD,,"The sentence states that Deron Williams was the only other starter in double figures, but according to the box score, Seth Curry also scored 14 points, which is in double figures.",qwen_medium,p0a_sent,17997.6
S023,8,1,Justin Anderson,88.0,89.0,NAME,Lou Williams,Justin Anderson did not lead the bench in scoring; Lou Williams did.,qwen_medium,p0a_sent,17997.6
S023,8,2,19,101.0,101.0,NUMBER,15,"Justin Anderson scored 19 points, but Lou Williams actually led the bench with 15 points.",qwen_medium,p0a_sent,17997.6
S023,9,1,double - double,177.0,179.0,WORD,,"Julius Randle did not record a double-double; he only had 9 points, 6 rebounds, and 4 assists.",qwen_medium,p0a_sent,17997.6
S023,10,1,Justin Anderson,88.0,89.0,NAME,Lou Williams,Justin Anderson did not lead the Lakers in scoring off the bench; Lou Williams did.,qwen_medium,p0a_sent,17997.6
S023,10,2,19,101.0,101.0,NUMBER,15,"Justin Anderson scored 19 points, but Lou Williams, who led the team in scoring off the bench, scored 15 points.",qwen_medium,p0a_sent,17997.6
S023,11,1,Julius Randle was the only other Laker in double figures,211.0,220.0,WORD,Julius Randle was the only Laker in double figures,"The sentence incorrectly states that Julius Randle was the 'only other' Laker in double figures, but according to the box score, he was the only Laker in double figures.",qwen_medium,p0a_sent,17997.6
S023,12,1,home,239.0,239.0,WORD,away,"The Lakers are playing the Portland Trail Blazers on the road, not at home.",qwen_medium,p0a_sent,17997.6
S023,13,1,five - straight,,,NUMBER,This number is not supported by the provided box score data.,The box score data does not provide information about the Mavericks' recent win streak. The claim of 'five - straight' wins cannot be verified.,qwen_medium,p0a_sent,17997.6
S023,14,1,player of the game,276.0,279.0,WORD,,The phrase 'player of the game' is not accurate as the box score does not indicate any such award. Justin Anderson performed well but there is no indication he was the 'player of the game'.,qwen_medium,p0a_sent,17997.6
S023,15,1,second,49.0,49.0,WORD,first,"Justin Anderson was actually the leading scorer off the bench, not the second.",qwen_medium,p0a_sent,17997.6
S024,1,1,Saturday,18.0,18.0,NAME,Friday,"The game was played on Friday, not Saturday.",qwen_medium,p0a_sent,17997.6
S024,2,1,Wednesday,29.0,29.0,NAME,Friday,"The game was played on Friday, not Wednesday.",qwen_medium,p0a_sent,17997.6
S024,2,2,pierce Golden State ' armor,,,WORD,failed to pierce Golden State's armor,The Kings did not pierce the Warriors' armor; the Warriors won the game.,qwen_medium,p0a_sent,17997.6
S024,2,3,Gregg Popovich,64.0,65.0,NAME,Steve Kerr,Gregg Popovich is not the coach of the Warriors; Steve Kerr is.,qwen_medium,p0a_sent,17997.6
S024,2,4,season - high 114 points,70.0,74.0,NUMBER,114 points,"The Warriors scored 114 points, but this was not a season-high for the Kings; the Kings scored 100 points.",qwen_medium,p0a_sent,17997.6
S024,3,1,12 assists,88.0,89.0,NUMBER,12,The number of assists is correct according to the box score.,qwen_medium,p0a_sent,17997.6
S024,3,2,seven rebounds,91.0,92.0,NUMBER,7,The number of rebounds is correct according to the box score.,qwen_medium,p0a_sent,17997.6
S024,4,1,four,103.0,103.0,NUMBER,3,"Draymond Green had 3 rebounds, not 4.",qwen_medium,p0a_sent,17997.6
S024,5,1,a rebound,125.0,126.0,NUMBER,10,The sentence states that Skal Labissiere had 'a rebound' but the box score shows he had 10 rebounds.,qwen_medium,p0a_sent,17997.6
S024,6,1,Buddy Hield,142.0,143.0,NAME,Steph Curry,Buddy Hield did not lead the Warriors in points; it was Steph Curry with 27 points.,qwen_medium,p0a_sent,17997.6
S024,6,2,22,145.0,145.0,NUMBER,27,"Buddy Hield scored 22 points, but the leading scorer for the Warriors was Steph Curry with 27 points.",qwen_medium,p0a_sent,17997.6
S024,7,1,4 assist,,,NUMBER,8 assist,"Draymond Green had 8 assists, not 4.",qwen_medium,p0a_sent,17997.6
S024,7,2,four rebounds,103.0,104.0,NUMBER,4 rebounds,"Draymond Green had 4 rebounds, which is correct, but the assists are incorrect.",qwen_medium,p0a_sent,17997.6
S024,8,1,second unit,191.0,192.0,WORD,starting lineup,"Skal Labissiere started the game, not coming off the bench.",qwen_medium,p0a_sent,17997.6
S024,9,1,11,213.0,213.0,NUMBER,11,"The sentence states Ben McLemore scored 11 points, which is correct according to the box score.",qwen_medium,p0a_sent,17997.6
S024,10,1,Stephen Curry paced the Kings,225.0,229.0,NAME,Stephen Curry paced the Warriors,"Stephen Curry played for the Warriors, not the Kings.",qwen_medium,p0a_sent,17997.6
S024,10,2,12 assist,,,NUMBER,12 assists,"Stephen Curry had 12 assists, but the sentence incorrectly attributes this to the Kings.",qwen_medium,p0a_sent,17997.6
S024,11,1,bench - leading,257.0,259.0,WORD,starting,"Buddy Hield started the game, not coming off the bench.",qwen_medium,p0a_sent,17997.6
S024,11,2,eight rebounds,152.0,153.0,NUMBER,10 rebounds,"Buddy Hield had 10 rebounds, not 8.",qwen_medium,p0a_sent,17997.6
S024,12,1,four rebounds,103.0,104.0,NUMBER,4 rebounds,"The number of rebounds for Draymond Green is incorrect. According to the box score, he had 4 rebounds.",qwen_medium,p0a_sent,17997.6
S024,13,1,reserve,304.0,304.0,WORD,starting,"Willie Cauley-Stein started the game, not played in a reserve role.",qwen_medium,p0a_sent,17997.6
S025,1,1,Friday,18.0,18.0,NAME,"November 25, 2016","The day of the week is incorrect. The game was played on November 25, 2016, which was a Friday, but the specific date should be provided for accuracy.",qwen_medium,p0a_sent,17997.6
S025,2,1,13 - 3,23.0,25.0,NUMBER,13 - 3,"The record for the Spurs is correct, but the sentence implies that the Spurs had a 9-point lead, which is incorrect according to the box score.",qwen_medium,p0a_sent,17997.6
S025,2,2,nine points,36.0,37.0,NUMBER,10 points,"The box score shows that the Spurs were down by 10 points at the end of the first quarter, not nine points.",qwen_medium,p0a_sent,17997.6
S025,3,1,four,111.0,111.0,NUMBER,4,"The number of assists Kawhi Leonard had is incorrect. According to the box score, he had 4 assists.",qwen_medium,p0a_sent,17997.6
S025,4,1,four,111.0,111.0,NUMBER,4,"Kawhi Leonard had 4 assists, but the number is incorrectly written as a word.",qwen_medium,p0a_sent,17997.6
S025,5,1,David Lee,153.0,154.0,NAME,Patty Mills,David Lee did not play in this game; Patty Mills scored 19 points off the bench.,qwen_medium,p0a_sent,17997.6
S025,6,1,a rebound,179.0,180.0,NUMBER,1,"Isaiah Thomas had 1 rebound, not a single unspecified rebound.",qwen_medium,p0a_sent,17997.6
S025,7,1,David Lee,153.0,154.0,NAME,Patty Mills,David Lee did not play for the Spurs in this game. Patty Mills scored 19 points.,qwen_medium,p0a_sent,17997.6
S025,7,2,15,149.0,149.0,NUMBER,19,"Patty Mills scored 19 points, not 15.",qwen_medium,p0a_sent,17997.6
S025,8,1,"10 points , four rebounds and four assists",232.0,239.0,NUMBER,"10 points, 4 rebounds and 4 assists","LaMarcus Aldridge actually had 10 points, 4 rebounds, and 4 assists, but the box score shows he had 10 points, 4 rebounds, and 4 assists, so this is correct.",qwen_medium,p0a_sent,17997.6
S025,9,1,46 percent,254.0,255.0,NUMBER,35 percent,"The Celtics' three-point shooting percentage is incorrect. According to the box score, the Celtics shot 35% from three-point range.",qwen_medium,p0a_sent,17997.6
S026,1,1,David West ( 5 - 12 ),11.0,17.0,NAME,Indiana Pacers,The sentence incorrectly includes David West's name and shooting stats in the middle of the team name and score.,qwen_medium,p0a_sent,17997.6
S026,1,2,0,20.0,20.0,NUMBER,99,"The score for the Indiana Pacers is incorrect. It should be 99, not 0.",qwen_medium,p0a_sent,17997.6
S026,1,3,Wednesday,22.0,22.0,NAME,Tuesday,"The day of the week is incorrect. The game was played on Tuesday, not Wednesday.",qwen_medium,p0a_sent,17997.6
S026,2,1,26 - 27,48.0,50.0,NUMBER,26 - 28,"The first quarter score was 26-28, not 26-27.",qwen_medium,p0a_sent,17997.6
S026,3,1,12 - for - 12,85.0,89.0,NUMBER,7 - for - 7,"The Suns' free throw performance was 7-for-7, not 12-for-12.",qwen_medium,p0a_sent,17997.6
S026,3,2,0 - for - 3,96.0,100.0,NUMBER,1 - for - 4,"The Suns' three-point shooting performance was 1-for-4, not 0-for-3.",qwen_medium,p0a_sent,17997.6
S026,4,1,Eric Dragic,114.0,115.0,NAME,Eric Bledsoe,The sentence incorrectly mentions 'Eric Dragic' when it should be 'Eric Bledsoe'.,qwen_medium,p0a_sent,17997.6
S026,5,1,five rebounds,155.0,156.0,NUMBER,0 rebounds,Goran Dragic had 0 rebounds according to the box score.,qwen_medium,p0a_sent,17997.6
S026,5,2,three steals,158.0,159.0,NUMBER,4 steals,Goran Dragic had 4 steals according to the box score.,qwen_medium,p0a_sent,17997.6
S026,6,1,a season - high in points,163.0,168.0,WORD,,"The statement 'a season-high in points' is incorrect for Dragic. According to the box score, Dragic scored 34 points, but it is not specified if this is a season-high. The correct statement should be 'a strong performance' or similar.",qwen_medium,p0a_sent,17997.6
S026,7,1,11 - 20,218.0,220.0,NUMBER,11 - 15,"The field goal attempts for Goran Dragic are incorrect. According to the box score, Dragic was 11-15 from the field.",qwen_medium,p0a_sent,17997.6
S026,7,2,4 - 7,228.0,230.0,NUMBER,7 - 7,"The free throw attempts for Goran Dragic are incorrect. According to the box score, Dragic was 7-7 from the free throw line.",qwen_medium,p0a_sent,17997.6
S026,8,1,42 11,,,NUMBER,30 10,"The sentence claims that Roy Hibbert combined for 42 points and 11 rebounds over his last two games, but based on the provided box score, he only had 15 points and 10 rebounds in this game. The previous game data is not available, but the claim is likely incorrect.",qwen_medium,p0a_sent,17997.6
S026,9,1,6 - 14 FG,279.0,282.0,NUMBER,5 - 14 FG,"The field goal attempts for Roy Hibbert are incorrect. According to the box score, he made 5 out of 14 field goals.",qwen_medium,p0a_sent,17997.6
S026,10,1,10 points and 16 rebounds,316.0,320.0,NUMBER,15 points and 10 rebounds,"The sentence states that the player averaged 10 points and 16 rebounds per game, but according to the box score, Roy Hibbert had 15 points and 10 rebounds in this game.",qwen_medium,p0a_sent,17997.6
S026,11,1,4 - 4 FT,348.0,351.0,NUMBER,4 - 3 FT,"CJ Miles actually made 3 out of 4 free throws, not 4 out of 4.",qwen_medium,p0a_sent,17997.6
S026,12,1,42 points and 12 rebounds,375.0,379.0,NUMBER,30 points and 20 rebounds,"The sentence claims that Roy Hibbert combined for 42 points and 12 rebounds over his last two games, but based on the provided box score, this is incorrect. The correct totals are 30 points and 20 rebounds.",qwen_medium,p0a_sent,17997.6
S026,13,1,6 - 14 FG,279.0,282.0,NUMBER,5 - 11 FG,"The field goal attempts for Roy Hibbert are incorrect. According to the box score, he made 5 out of 11 field goals.",qwen_medium,p0a_sent,17997.6
S026,14,1,10 points and 6 rebounds,424.0,428.0,NUMBER,15 points and 6 rebounds,"The sentence states that David West is averaging 10 points and 6 rebounds, but according to the box score, he actually averaged 10 points and 6 rebounds in this specific game. However, the story mentions this as his average for the year, which is incorrect.",qwen_medium,p0a_sent,17997.6
S026,15,1,4 - 4,,,NUMBER,4 - 3,"CJ Miles made 4 out of 4 free throws, but the box score shows he made 4 out of 3.",qwen_medium,p0a_sent,17997.6
S026,16,1,6,135.0,135.0,NUMBER,4,"David West actually had 4 rebounds, not 6.",qwen_medium,p0a_sent,17997.6
S026,17,1,CJ Miles,324.0,325.0,NAME,David West,CJ Miles was not a starter in this game; David West was the only other starter to reach double figures in points.,qwen_medium,p0a_sent,17997.6
S026,18,1,6 - for - 9,502.0,506.0,NUMBER,6 - for - 9,"The field goal percentage is correct, but the specific shots made and attempted are not provided in the box score. However, based on the box score, C.J. Miles indeed shot 6-for-9 from the field, so this is correct.",qwen_medium,p0a_sent,17997.6
S026,18,2,1 - for - 3,511.0,515.0,NUMBER,1 - for - 3,"The three-point field goal percentage is correct, but the specific shots made and attempted are not provided in the box score. However, based on the box score, C.J. Miles indeed shot 1-for-3 from the three-point line, so this is correct.",qwen_medium,p0a_sent,17997.6
S026,18,3,17,335.0,335.0,NUMBER,17,The total points scored by C.J. Miles is correct according to the box score.,qwen_medium,p0a_sent,17997.6
S026,18,4,seven,530.0,530.0,NUMBER,2,"The number of rebounds is incorrect. According to the box score, C.J. Miles had 2 rebounds, not 7.",qwen_medium,p0a_sent,17997.6
S026,18,5,a steal,533.0,534.0,NUMBER,1,"The number of steals is incorrect. According to the box score, C.J. Miles had 1 steal, not a general 'a steal'.",qwen_medium,p0a_sent,17997.6
S026,19,1,at home,543.0,544.0,WORD,on the road,"The Suns' next game is on the road, not at home.",qwen_medium,p0a_sent,17997.6
S026,19,2,Toronto Raptors,547.0,548.0,NAME,Dallas Mavericks,"The Suns' next game is against the Dallas Mavericks, not the Toronto Raptors.",qwen_medium,p0a_sent,17997.6
S026,19,3,Friday,550.0,550.0,NAME,Friday,"The day of the next game is correct, but the location and opponent are incorrect.",qwen_medium,p0a_sent,17997.6
S026,19,4,at home,543.0,544.0,WORD,on the road,"The Pacers' next game is on the road, not at home.",qwen_medium,p0a_sent,17997.6
S026,19,5,Brooklyn Nets,561.0,562.0,NAME,Portland Trail Blazers,"The Pacers' next game is against the Portland Trail Blazers, not the Brooklyn Nets.",qwen_medium,p0a_sent,17997.6
S027,1,1,defeated,10.0,10.0,WORD,lost to,The Knicks did not defeat the Rockets; they lost to them.,qwen_medium,p0a_sent,17997.6
S027,1,2,111 - 111,19.0,21.0,NUMBER,111 - 116,"The final score was 111 - 116, not 111 - 111.",qwen_medium,p0a_sent,17997.6
S027,1,3,Wednesday,23.0,23.0,NAME,Sunday,"The game was played on Sunday, not Wednesday.",qwen_medium,p0a_sent,17997.6
S027,2,1,out - scoring the Knicks,,,WORD,out - scoring the Rockets,"The sentence states that the Knicks out-scored the Knicks, which is logically incorrect. It should state that the Knicks out-scored the Rockets.",qwen_medium,p0a_sent,17997.6
S027,3,1,Rockets were the superior shooters in this game going 58 percent from the field and 33 percent from the three - point line,,,WORD,"Knicks were the superior shooters in this game, going 58 percent from the field and 33 percent from the three-point line","The sentence incorrectly states that the Rockets were the superior shooters, but the box score shows that the Knicks shot 58% from the field and 33% from the three-point line.",qwen_medium,p0a_sent,17997.6
S027,4,1,seven rebounds,144.0,145.0,NUMBER,7,"The number of rebounds is incorrect. According to the box score, Arron Afflalo had 3 rebounds.",qwen_medium,p0a_sent,17997.6
S027,5,1,career - high,,,WORD,season - high,"The term 'career - high' is incorrect. According to the box score, this was a season-high for Arron Afflalo, not a career-high.",qwen_medium,p0a_sent,17997.6
S027,5,2,2 - 4,,,NUMBER,1 - 4,"The number of three-pointers made and attempted is incorrect. According to the box score, Arron Afflalo made 1 three-pointer out of 4 attempts, not 2 out of 4.",qwen_medium,p0a_sent,17997.6
S027,5,3,3 - 4,,,NUMBER,3 - 4,"The number of free throws made and attempted is correct, but it is redundant to mention it in this context since it is already covered in the earlier part of the sentence.",qwen_medium,p0a_sent,17997.6
S027,6,1,45 points and 10 rebounds,206.0,210.0,NUMBER,28 points and 17 rebounds,"The sentence states that Kevin Seraphin combined for 45 points and 10 rebounds over his last two games, but according to the box score, he scored 14 points and 7 rebounds in this game. The previous game's stats are not provided, but the sum of 45 points and 10 rebounds is incorrect.",qwen_medium,p0a_sent,17997.6
S027,7,1,0 - 1 3Pt,238.0,241.0,NUMBER,0 - 4 3Pt,"The number of 3-point attempts is incorrect. According to the box score, Kristaps Porzingis attempted 4 three-pointers, not 1.",qwen_medium,p0a_sent,17997.6
S027,8,1,Wednesday,23.0,23.0,NAME,Monday,"The next game for the Rockets is on Monday, not Wednesday.",qwen_medium,p0a_sent,17997.6
S028,1,1,Saturday,17.0,17.0,NAME,Wednesday,"The game was played on Wednesday, not Saturday.",qwen_medium,p0a_sent,17997.6
S028,2,1,the Wizards ( 31 - 21 ),,,NAME,the Philadelphia 76ers (28-25),"The 'Trust the Process' slogan is associated with the Philadelphia 76ers, not the Washington Wizards. The record provided (31-21) is also incorrect for the 76ers.",qwen_medium,p0a_sent,17997.6
S028,3,1,9 - 21,70.0,72.0,NUMBER,9 - 44,"The record for the Nets is incorrect. According to the box score, the Nets' record is 9-44.",qwen_medium,p0a_sent,17997.6
S028,4,1,31 - 44,102.0,104.0,NUMBER,31 - 21,"The Wizards' record is incorrectly stated as 31-44, but it should be 31-21.",qwen_medium,p0a_sent,17997.6
S028,4,2,59 - 48,123.0,125.0,NUMBER,28 - 27,"The second-half score is incorrectly stated as 59-48, but the actual second-half score was 28-27 in favor of the Wizards.",qwen_medium,p0a_sent,17997.6
S028,5,1,23,140.0,140.0,NUMBER,"23, 31","John Wall scored 23 points, but Bradley Beal scored 31 points, not 23.",qwen_medium,p0a_sent,17997.6
S028,5,2,2,155.0,155.0,NUMBER,12,"John Wall had 12 assists, not 2.",qwen_medium,p0a_sent,17997.6
S028,5,3,2,155.0,155.0,NUMBER,4,"Bradley Beal had 4 assists, not 2.",qwen_medium,p0a_sent,17997.6
S028,6,1,an assist,193.0,194.0,NUMBER,4,"The box score shows Marcin Gortat had 4 assists, not 1.",qwen_medium,p0a_sent,17997.6
S028,7,1,Sean Kilpatrick,202.0,203.0,NAME,Jason Smith,"The sentence states that Sean Kilpatrick led the second unit, but according to the box score, Jason Smith led the second unit with 15 points, eight rebounds, and one steal.",qwen_medium,p0a_sent,17997.6
S028,7,2,10 points four rebounds two assists,,,NUMBER,"15 points, eight rebounds, one steal","The sentence incorrectly states that Sean Kilpatrick had 10 points, four rebounds, and two assists. According to the box score, Jason Smith, who actually led the second unit, had 15 points, eight rebounds, and one steal.",qwen_medium,p0a_sent,17997.6
S028,8,1,Bradley Beal,148.0,149.0,NAME,Bojan Bogdanovic,Bradley Beal did not play for the Brooklyn Nets. Bojan Bogdanovic led the Nets with 21 points.,qwen_medium,p0a_sent,17997.6
S028,8,2,Brooklyn,6.0,6.0,NAME,Washington,"Bradley Beal played for the Washington Wizards, not the Brooklyn Nets.",qwen_medium,p0a_sent,17997.6
S028,9,1,"Otto Porter , Jr",238.0,241.0,NAME,Otto Porter Jr.,"The name 'Otto Porter , Jr' is incorrectly formatted. It should be 'Otto Porter Jr.' without the comma.",qwen_medium,p0a_sent,17997.6
S028,10,1,Rondae Hollis-Jefferson,263.0,264.0,NAME,Rondae Hollis-Jefferson,"The name is correct, but the player did not start the game. He came off the bench.",qwen_medium,p0a_sent,17997.6
S028,10,2,off the bench,,,WORD,in the starting lineup,"Rondae Hollis-Jefferson started the game, not coming off the bench.",qwen_medium,p0a_sent,17997.6
S028,11,1,Jason Smith,286.0,287.0,NAME,Tomas Satoransky,Jason Smith did not lead the second unit; Tomas Satoransky did.,qwen_medium,p0a_sent,17997.6
S028,12,1,Sean Kilpatrick led the second unit,202.0,207.0,WORD,Jason Smith led the second unit,"The sentence incorrectly states that Sean Kilpatrick led the second unit, but according to the box score, Jason Smith led the second unit with 15 points, eight rebounds, and one steal.",qwen_medium,p0a_sent,17997.6
S028,13,1,Bradley Beal,148.0,149.0,NAME,Bojan Bogdanovic,Bradley Beal did not lead the Nets with 31 points; Bojan Bogdanovic did.,qwen_medium,p0a_sent,17997.6
S028,13,2,31,23.0,23.0,NUMBER,21,Bradley Beal did not score 31 points; Bojan Bogdanovic scored 21 points.,qwen_medium,p0a_sent,17997.6
S028,14,1,off the bench,,,WORD,in the starting lineup,"Trevor Booker started the game, so he was not off the bench.",qwen_medium,p0a_sent,17997.6
S028,15,1,off the bench,,,WORD,in the starting lineup,"Trevor Booker started the game, so he was not off the bench.",qwen_medium,p0a_sent,17997.6
S028,16,1,Sean Kilpatrick,202.0,203.0,NAME,Jason Smith,"The sentence states that Sean Kilpatrick led the second unit, but according to the box score, Jason Smith led the second unit with 15 points, eight rebounds, and one steal.",qwen_medium,p0a_sent,17997.6
S028,16,2,10 points four rebounds two assists,,,NUMBER,"15 points, eight rebounds, one steal","The sentence incorrectly states that Sean Kilpatrick had 10 points, four rebounds, and two assists. According to the box score, Jason Smith, who actually led the second unit, had 15 points, eight rebounds, and one steal.",qwen_medium,p0a_sent,17997.6
S028,17,1,Detroit Pistons,405.0,406.0,NAME,Indiana Pacers,"The sentence incorrectly states that the Nets will face the Detroit Pistons, but according to the box score, they are facing the Indiana Pacers.",qwen_medium,p0a_sent,17997.6
S028,17,2,Phoenix Suns,419.0,420.0,NAME,Miami Heat,"The sentence incorrectly states that the Nets will face the Phoenix Suns, but according to the box score, they are facing the Miami Heat.",qwen_medium,p0a_sent,17997.6
S029,1,1,Wednesday,17.0,17.0,NAME,Monday,"The game was played on Monday, not Wednesday.",qwen_medium,p0a_sent,17997.6
S029,2,1,Friday,29.0,29.0,NAME,Monday,"The game was played on Monday, not Friday.",qwen_medium,p0a_sent,17997.6
S029,2,2,hot start to the season,34.0,38.0,WORD,,The Timberwolves did not have a hot start to the season; this is a context mistake as the team's record (12-26) indicates a poor season.,qwen_medium,p0a_sent,17997.6
S029,3,1,24 - 19,83.0,85.0,NUMBER,23 - 24,"The third-quarter score is incorrect. According to the box score, the Timberwolves outscored the Mavericks 23-24 in the third quarter.",qwen_medium,p0a_sent,17997.6
S029,4,1,24 - 19,83.0,85.0,NUMBER,23 - 24,"The third quarter score is incorrect. According to the box score, the Timberwolves scored 23 points and the Mavericks scored 24 points in the third quarter.",qwen_medium,p0a_sent,17997.6
S029,5,1,one,51.0,51.0,NUMBER,4,"Harrison Barnes had 4 assists, not 1.",qwen_medium,p0a_sent,17997.6
S029,6,1,11,77.0,77.0,NUMBER,11,The number of points Deron Williams scored is correct according to the box score.,qwen_medium,p0a_sent,17997.6
S029,6,2,seven,155.0,155.0,NUMBER,7,The number of assists Deron Williams provided is correct according to the box score.,qwen_medium,p0a_sent,17997.6
S029,6,3,two,139.0,139.0,NUMBER,2,The number of rebounds Deron Williams grabbed is correct according to the box score.,qwen_medium,p0a_sent,17997.6
S029,6,4,one,51.0,51.0,NUMBER,1,The number of steals Deron Williams recorded is correct according to the box score.,qwen_medium,p0a_sent,17997.6
S029,7,1,bench - leading 37 points,170.0,174.0,NUMBER,15 points,"Wesley Matthews scored 15 points, not 37 points.",qwen_medium,p0a_sent,17997.6
S029,7,2,five assists,180.0,181.0,NUMBER,5 assists,"Wesley Matthews had 5 assists, which is correct.",qwen_medium,p0a_sent,17997.6
S029,7,3,four rebounds,183.0,184.0,NUMBER,4 rebounds,"Wesley Matthews had 4 rebounds, which is correct.",qwen_medium,p0a_sent,17997.6
S029,7,4,one steal,145.0,146.0,NUMBER,0 steals,"Wesley Matthews had 0 steals, not 1 steal.",qwen_medium,p0a_sent,17997.6
S029,8,1,11,77.0,77.0,NUMBER,11,The number of points Deron Williams scored is correct according to the box score.,qwen_medium,p0a_sent,17997.6
S029,8,2,seven,155.0,155.0,NUMBER,7,The number of assists Deron Williams provided is correct according to the box score.,qwen_medium,p0a_sent,17997.6
S029,8,3,two,139.0,139.0,NUMBER,2,The number of rebounds Deron Williams grabbed is correct according to the box score.,qwen_medium,p0a_sent,17997.6
S029,8,4,one,51.0,51.0,NUMBER,1,The number of steals Deron Williams recorded is correct according to the box score.,qwen_medium,p0a_sent,17997.6
S029,9,1,14,210.0,210.0,NUMBER,8,"JJ Barea actually scored 8 points, not 14.",qwen_medium,p0a_sent,17997.6
S029,9,2,four,183.0,183.0,NUMBER,4,"JJ Barea actually had 4 assists, which is correct.",qwen_medium,p0a_sent,17997.6
S029,9,3,two,139.0,139.0,NUMBER,2,"JJ Barea actually had 2 rebounds, which is correct.",qwen_medium,p0a_sent,17997.6
S029,9,4,two,139.0,139.0,NUMBER,1,"JJ Barea actually had 1 steal, not 2.",qwen_medium,p0a_sent,17997.6
S029,10,1,14,210.0,210.0,NUMBER,8,"JJ Barea actually scored 8 points, not 14.",qwen_medium,p0a_sent,17997.6
S029,10,2,four,183.0,183.0,NUMBER,4,"JJ Barea actually had 4 assists, which is correct.",qwen_medium,p0a_sent,17997.6
S029,10,3,two,139.0,139.0,NUMBER,2,"JJ Barea actually had 2 rebounds, which is correct.",qwen_medium,p0a_sent,17997.6
S029,10,4,one,51.0,51.0,NUMBER,1,"JJ Barea actually had 1 steal, which is correct.",qwen_medium,p0a_sent,17997.6
S029,11,1,12,22.0,22.0,NUMBER,13,"The box score shows JJ Barea scored 13 points, not 12.",qwen_medium,p0a_sent,17997.6
S029,11,2,four,183.0,183.0,NUMBER,4,"The box score shows JJ Barea had 4 assists, which is correct.",qwen_medium,p0a_sent,17997.6
S029,11,3,two,139.0,139.0,NUMBER,2,"The box score shows JJ Barea had 2 rebounds, which is correct.",qwen_medium,p0a_sent,17997.6
S029,11,4,one,51.0,51.0,NUMBER,1,"The box score shows JJ Barea had 1 steal, which is correct.",qwen_medium,p0a_sent,17997.6
S029,12,1,Northwest,270.0,270.0,WORD,Southwest,"The Mavericks are in the Southwest Division, not the Northwest Division.",qwen_medium,p0a_sent,17997.6
S029,13,1,Wednesday,17.0,17.0,NAME,Monday,"The game was played on Monday, not Wednesday.",qwen_medium,p0a_sent,17997.6
S029,14,1,three blocks and three blocks,310.0,314.0,NUMBER,three blocks,"The sentence incorrectly states 'three blocks and three blocks'. According to the box score, Karl-Anthony Towns had 3 blocks, not 6.",qwen_medium,p0a_sent,17997.6
S029,15,1,one block,329.0,330.0,NUMBER,0 blocks,"According to the box score, Andrew Wiggins had 0 blocks, not 1.",qwen_medium,p0a_sent,17997.6
S029,16,1,two steals,219.0,220.0,NUMBER,one steal,"Shabazz Muhammad had 1 steal, not 2.",qwen_medium,p0a_sent,17997.6
S029,17,1,two steals,219.0,220.0,NUMBER,one steal,"Shabazz Muhammad had 1 steal, not 2.",qwen_medium,p0a_sent,17997.6
S029,18,1,last,263.0,263.0,WORD,not last,The Timberwolves are not in last place in the Northwest Division according to the provided box score and season schedule.,qwen_medium,p0a_sent,17997.6
S029,19,1,Wednesday,17.0,17.0,NAME,Monday,"The game was played on Monday, not Wednesday.",qwen_medium,p0a_sent,17997.6
S030,1,1,Wednesday,18.0,18.0,NAME,Monday,"The game was played on Monday, not Wednesday.",qwen_medium,p0a_sent,17997.6
S030,2,1,overtime,35.0,35.0,WORD,regular time,"The game was not an overtime game, as indicated by the box score showing a final score without any overtime periods.",qwen_medium,p0a_sent,17997.6
S030,3,1,34 - 21,58.0,60.0,NUMBER,34 - 21,The fourth quarter score is correct according to the box score data.,qwen_medium,p0a_sent,17997.6
S030,4,1,34,58.0,58.0,NUMBER,46,"The number of rebounds for the Hornets is incorrect. According to the box score, the Hornets had 46 rebounds, not 34.",qwen_medium,p0a_sent,17997.6
S030,5,1,The Hornets ( 14 - 11 ),87.0,93.0,NUMBER,The Hornets (14-11),"The record for the Hornets is incorrect. According to the box score, the Hornets' record is 14-11, but the story states they have won five of their last seven games, which is not supported by the provided data.",qwen_medium,p0a_sent,17997.6
S030,6,1,12,126.0,126.0,NUMBER,12,"Kemba Walker actually scored 12 points, which is correct according to the box score.",qwen_medium,p0a_sent,17997.6
S030,7,1,Nicolas Batum,135.0,136.0,NAME,Jeff Teague,"Nicolas Batum did not have the second-highest points, rebounds, and assists. Jeff Teague had 16 points and 11 assists, making him the second-leading scorer and leading assist provider.",qwen_medium,p0a_sent,17997.6
S030,8,1,Cody Zeller,155.0,156.0,NAME,Michael Kidd-Gilchrist,"Cody Zeller did not start the game and did not score 11 points, seven rebounds, and two blocks. Michael Kidd-Gilchrist started and had 6 points and 10 rebounds.",qwen_medium,p0a_sent,17997.6
S030,8,2,11 points seven rebounds two blocks,,,NUMBER,"6 points, 10 rebounds, 0 blocks","Cody Zeller did not start the game and did not score 11 points, seven rebounds, and two blocks. Michael Kidd-Gilchrist started and had 6 points and 10 rebounds.",qwen_medium,p0a_sent,17997.6
S030,9,1,Los Angeles Clippers,188.0,190.0,NAME,Washington Wizards,"The sentence states that the Hornets will play the Los Angeles Clippers, but according to the box score, they are scheduled to play the Washington Wizards.",qwen_medium,p0a_sent,17997.6
S030,9,2,Monday,192.0,192.0,NAME,Wednesday,"The sentence states that the game is on Monday, but according to the box score, the next game for the Hornets is on Wednesday.",qwen_medium,p0a_sent,17997.6
S030,10,1,five of their last six games,204.0,209.0,NUMBER,,"The sentence claims the Pacers have won five of their last six games, but this information is not verifiable with the provided box score data.",qwen_medium,p0a_sent,17997.6
S030,11,1,three,152.0,152.0,NUMBER,4,"Paul George actually had 4 assists, not 3.",qwen_medium,p0a_sent,17997.6
S030,12,1,Myles Turner was second on the team,242.0,248.0,WORD,Myles Turner co-led the team,"The sentence states that Myles Turner was second on the team, but according to the box score, he co-led the team with Paul George, both scoring 22 points.",qwen_medium,p0a_sent,17997.6
S030,13,1,22,233.0,233.0,NUMBER,22,"The sentence states that Myles Turner scored 22 points, which is correct according to the box score.",qwen_medium,p0a_sent,17997.6
S030,13,2,seven,101.0,101.0,NUMBER,7,"The sentence states that Myles Turner had 7 rebounds, which is correct according to the box score.",qwen_medium,p0a_sent,17997.6
S030,13,3,four,259.0,259.0,NUMBER,4,"The sentence states that Myles Turner had 4 blocks, which is correct according to the box score.",qwen_medium,p0a_sent,17997.6
