TEXT_ID,SENTENCE_ID,ANNOTATION_ID,TOKENS,LEFT_CONTEXT,RIGHT_CONTEXT,DOC_TOKEN_START,DOC_TOKEN_END,TYPE,CORRECTION,COMMENT,MODEL,PROMPT_KEY,TIME_SECONDS
S001,,1,38,points in the fourth quarter,,75.0,75.0,NUMBER,,Score,llama_small,p4_strat_1,3801.73
S001,,2,11,accumulating,points,177.0,177.0,NUMBER,,Score,llama_small,p4_strat_1,3801.73
S001,,3,11,rebounds and,assists,177.0,177.0,NUMBER,,Score,llama_small,p4_strat_1,3801.73
S001,,4,17,dropped,of,62.0,62.0,NUMBER,,Score,llama_small,p4_strat_1,3801.73
S001,,5,33,"outscored the Lakers,",,,,NUMBER,,Score,llama_small,p4_strat_1,3801.73
S001,,6,21,tallied,,,,NUMBER,,Score,llama_small,p4_strat_1,3801.73
S001,,7,18,providing,,162.0,162.0,NUMBER,,Score,llama_small,p4_strat_1,3801.73
S001,,8,11,rebounds and,,177.0,177.0,NUMBER,,Score,llama_small,p4_strat_1,3801.73
S002,,1,110,"defeated the Cleveland Cavaliers, ",", at Quicken Loans Arena on Tuesday.",11.0,11.0,NUMBER,,The correct score is mentioned in the text.,llama_small,p4_strat_1,3801.73
S002,,2,106,", at Quicken Loans Arena on Tuesday. The reigning NBA champs came into Tuesday as the league's last undefeated team, with four of their victories having come at home. However, Atlanta (5-2) came into the game sporting one of the NBA's stingiest defenses, having allowed the sixth-least points per game. Something was likely to give, and surprisingly, it was Cleveland's (6-1) unblemished mark.",points per game.,,,NUMBER,,The correct score is mentioned in the text.,llama_small,p4_strat_1,3801.73
S002,,3,110,"Hawks head back home to take on the Chicago Bulls on Wednesday night, while the Cavaliers travel to Washington to take on the Wizards on Friday evening. The Hawks defeated the Cleveland Cavaliers, ",", at Quicken Loans Arena on Tuesday.",11.0,11.0,NUMBER,,The correct score is mentioned in the text.,llama_small,p4_strat_1,3801.73
S002,,4,106,", at Quicken Loans Arena on Tuesday. The reigning NBA champs came into Tuesday as the league's last undefeated team, with four of their victories having come at home. However, Atlanta (5-2) came into the game sporting one of the NBA's stingiest defenses, having allowed the sixth-least points per game. Something was likely to give, and surprisingly, it was Cleveland's (6-1) unblemished mark.",points per game.,,,NUMBER,,The correct score is mentioned in the text.,llama_small,p4_strat_1,3801.73
S002,,5,29,Cavs were led by Kyrie Irving's game-high ,"points, which he needed a whopping 27 shot attempts to get to.",256.0,256.0,NUMBER,,The correct number of points is mentioned in the text.,llama_small,p4_strat_1,3801.73
S002,,6,27,Cavs were led by Kyrie Irving's game-high ,"points, which he needed a whopping 27 shot attempts to get to.",,,NUMBER,,The correct number of shot attempts is mentioned in the text.,llama_small,p4_strat_1,3801.73
S002,,7,23,LeBron James registered a typically full stat line of ,", nine rebounds, five assists and three steals.",236.0,236.0,NUMBER,,The correct number of points is mentioned in the text.,llama_small,p4_strat_1,3801.73
S002,,8,9,LeBron James registered a typically full stat line of ,", nine rebounds, five assists and three steals.",,,NUMBER,,The correct number of rebounds is mentioned in the text.,llama_small,p4_strat_1,3801.73
S002,,9,5,LeBron James registered a typically full stat line of ,", nine rebounds, five assists and three steals.",140.0,140.0,NUMBER,,The correct number of assists is mentioned in the text.,llama_small,p4_strat_1,3801.73
S002,,10,3,LeBron James registered a typically full stat line of ,", nine rebounds, five assists and three steals.",136.0,136.0,NUMBER,,The correct number of steals is mentioned in the text.,llama_small,p4_strat_1,3801.73
S002,,11,13,Channing Frye led the reserves with ,", seven rebounds and an assist.",,,NUMBER,,The correct number of points is mentioned in the text.,llama_small,p4_strat_1,3801.73
S002,,12,7,Channing Frye led the reserves with ,", seven rebounds and an assist.",,,NUMBER,,The correct number of rebounds is mentioned in the text.,llama_small,p4_strat_1,3801.73
S003,,1,109,defeated the host Orlando,"79, at Amway Center",9.0,9.0,NUMBER,,Score of Raptors' win over Magic.,llama_small,p4_strat_1,3801.73
S003,,2,79,defeated the host Orlando,at Amway Center on Sunday,11.0,11.0,NUMBER,,Score of Raptors' win over Magic.,llama_small,p4_strat_1,3801.73
S003,,3,41,held the Magic to,field and 3-of-21,,,NUMBER,,Magic's field goal percentage.,llama_small,p4_strat_1,3801.73
S003,,4,49,"Toronto were very efficient on their end as well, shooting",and assisting on 20,,,NUMBER,,Raptors' field goal percentage.,llama_small,p4_strat_1,3801.73
S003,,5,19-8,Toronto (,) have been scoring,,,NUMBER,,Raptors' current win-loss record.,llama_small,p4_strat_1,3801.73
S003,,6,19,Toronto (,) have been scoring,44.0,44.0,NUMBER,,Raptors' current win-loss record.,llama_small,p4_strat_1,3801.73
S003,,7,12-17,Orlando (,) have struggled,,,NUMBER,,Magic's current win-loss record.,llama_small,p4_strat_1,3801.73
S003,,8,12,Orlando (,) have struggled,324.0,324.0,NUMBER,,Magic's current win-loss record.,llama_small,p4_strat_1,3801.73
S003,,9,15,"Evan Fournier led the team in scoring, as he dropped",rebounds and three assists,,,NUMBER,,Fournier's points scored.,llama_small,p4_strat_1,3801.73
S003,,10,8,"Bismack Biyombo played well against his former team, as he accrued",rebounds and three blocks,46.0,46.0,NUMBER,,Bismack Biyombo's points scored.,llama_small,p4_strat_1,3801.73
S003,,11,10,Nikola Vucevic came off the bench to provide,rebounds,320.0,320.0,NUMBER,,Nikola Vucevic's points scored.,llama_small,p4_strat_1,3801.73
S004,,1,28,scored,points in,,,NUMBER,24,"Box score shows 24 points, not 28.",llama_small,p4_strat_1,3801.73
S004,,2,38,held the Lakers to 38 percent from the field and 24 percent from three-point range.,,91.0,91.0,NUMBER,,,llama_small,p4_strat_1,3801.73
S004,,3,43,"The Jazz winning that battle, 43-24.",,120.0,120.0,NUMBER,,,llama_small,p4_strat_1,3801.73
S004,,4,12,"Luol Deng was the only other starter in double figures, as he totaled 12 points and 12 rebounds.",,230.0,230.0,NUMBER,,,llama_small,p4_strat_1,3801.73
S004,,5,17,"D'Angelo Russell led the team in scoring, as he tallied 17 points, five rebounds and five assists.",,204.0,204.0,NUMBER,,,llama_small,p4_strat_1,3801.73
S004,,6,12,"Luol Deng was the only other starter in double figures, as he totaled 12 points and 12 rebounds.",,230.0,230.0,NUMBER,,,llama_small,p4_strat_1,3801.73
S004,,7,13,"Rudy Gobert recorded a double-double, totaling 13 points and 13 rebounds.",,349.0,349.0,NUMBER,,,llama_small,p4_strat_1,3801.73
S004,,8,23,,,288.0,288.0,,,,llama_small,p4_strat_1,3801.73
S005,,1,20-33,"(20-33) came in to Saturday riding high off a surprise home victory over the Toronto Raptors on Friday evening, but they were a markedly different team on the second night of the back-to-back set.",but,,,TEAM_RECORD,,"Magic's record, not the Hawks'.",llama_small,p4_strat_1,3801.73
S005,,2,30-21,"The Hawks (30-21) stymied Orlando to the tune of a 35 percent success rate from the floor, and 26 percent from three-point range.",and,,,TEAM_RECORD,,"Hawks' record, not the Magic's.",llama_small,p4_strat_1,3801.73
S005,,3,20,"The Magic (20-33) came in to Saturday riding high off a surprise home victory over the Toronto Raptors on Friday evening, but they were a markedly different team on the second night of the back-to-back set.",-,,,NUMBER,,,llama_small,p4_strat_1,3801.73
S005,,4,33,"The Magic (20-33) came in to Saturday riding high off a surprise home victory over the Toronto Raptors on Friday evening, but they were a markedly different team on the second night of the back-to-back set.",-,,,NUMBER,,,llama_small,p4_strat_1,3801.73
S005,,5,113,"The Atlanta Hawks defeated the Orlando Magic, 113-86, at Philips Arena on Saturday.",-,,,NUMBER,,,llama_small,p4_strat_1,3801.73
S005,,6,35,"The Hawks (30-21) stymied Orlando to the tune of a 35 percent success rate from the floor, and 26 percent from three-point range.",from,8.0,8.0,NUMBER,,,llama_small,p4_strat_1,3801.73
S005,,7,26,"The Hawks (30-21) stymied Orlando to the tune of a 35 percent success rate from the floor, and 26 percent from three-point range.",from,16.0,16.0,NUMBER,,,llama_small,p4_strat_1,3801.73
S005,,8,15,"The Hawks held the Magic to a 35 percent success rate from the floor and 26 percent from three-point range, while also eliciting 15 turnovers from the Hawks (30-21).",turnovers,27.0,27.0,NUMBER,,,llama_small,p4_strat_1,3801.73
S005,,9,21,"The Hawks (30-21) stymied Orlando to the tune of a 35 percent success rate from the floor, and 26 percent from three-point range.",-,156.0,156.0,NUMBER,,,llama_small,p4_strat_1,3801.73
S005,,10,30,"The Hawks held the Magic to a 35 percent success rate from the floor and 26 percent from three-point range, while also eliciting 15 turnovers from the Hawks (30-21).",-,33.0,33.0,NUMBER,,,llama_small,p4_strat_1,3801.73
S005,,11,113,"The Atlanta Hawks defeated the Orlando Magic, 113-86, at Philips Arena on Saturday.",-,,,NUMBER,,,llama_small,p4_strat_1,3801.73
S005,,12,21,"The Hawks (30-21) stymied Orlando to the tune of a 35 percent success rate from the floor, and 26 percent from three-point range.",-,156.0,156.0,NUMBER,,,llama_small,p4_strat_1,3801.73
S005,,13,11,"Dwight Howard posted a 11-point, 13-rebound double-double that also included three assists, one steal and one block.",-,175.0,175.0,NUMBER,,,llama_small,p4_strat_1,3801.73
S005,,14,30,"The Hawks held the Magic to a 35 percent success rate from the floor and 26 percent from three-point range, while also eliciting 15 turnovers from the Hawks (30-21).",-,33.0,33.0,NUMBER,,,llama_small,p4_strat_1,3801.73
S005,,15,48,"The Hawks held the Magic to a 35 percent success rate from the floor and 26 percent from three-point range, while also eliciting 15 turnovers from the Hawks (30-21).",-,,,NUMBER,,,llama_small,p4_strat_1,3801.73
S005,,16,86,"The Atlanta Hawks defeated the Orlando Magic, 113-86, at Philips Arena on Saturday.",-,,,NUMBER,,,llama_small,p4_strat_1,3801.73
S005,,17,21,"The Hawks (30-21) stymied Orlando to the tune of a 35 percent success rate from the floor, and 26 percent from three-point range.",-,156.0,156.0,NUMBER,,,llama_small,p4_strat_1,3801.73
S005,,18,11,"Dwight Howard posted a 11-point, 13-rebound double-double that also included three assists, one steal and one block.",-,175.0,175.0,NUMBER,,,llama_small,p4_strat_1,3801.73
S005,,19,13,"Dwight Howard posted a 11-point, 13-rebound double-double that also included three assists, one steal and one block.",-,179.0,179.0,NUMBER,,,llama_small,p4_strat_1,3801.73
S005,,20,21,"The Hawks (30-21) stymied Orlando to the tune of a 35 percent success rate from the floor, and 26 percent from three-point range.",-,156.0,156.0,NUMBER,,,llama_small,p4_strat_1,3801.73
S005,,21,27,"Kent Bazemore led the bench with 27 points, three rebounds, three assists and two steals.",-,136.0,136.0,NUMBER,,,llama_small,p4_strat_1,3801.73
S005,,22,11,"Dwight Howard posted a 11-point, 13-rebound double-double that also included three assists, one steal and one block.",-,175.0,175.0,NUMBER,,,llama_small,p4_strat_1,3801.73
S005,,23,21,"The Hawks (30-21) stymied Orlando to the tune of a 35 percent success rate from the floor, and 26 percent from three-point range.",-,156.0,156.0,NUMBER,,,llama_small,p4_strat_1,3801.73
S005,,24,113,"The Atlanta Hawks defeated the Orlando Magic, 113-86, at Philips Arena on Saturday.",-,,,NUMBER,,,llama_small,p4_strat_1,3801.73
S005,,25,86,"The Atlanta Hawks defeated the Orlando Magic, 113-86, at Philips Arena on Saturday.",-,,,NUMBER,,,llama_small,p4_strat_1,3801.73
S005,,26,21,"The Hawks (30-21) stymied Orlando to the tune of a 35 percent success rate from the floor, and 26 percent from three-point range.",-,156.0,156.0,NUMBER,,,llama_small,p4_strat_1,3801.73
S005,,27,113,,,,,,,,llama_small,p4_strat_1,3801.73
S006,,1,6-15,The Brooklyn Nets (,,,,NUMBER,,Incorrect win/loss record for Nets.,llama_small,p4_strat_1,3801.73
S007,,1,122,defeated the Sacramento Kings,at Golden 1 Center on Sunday,,,NUMBER,,,llama_small,p4_strat_1,3801.73
S007,,2,16,the Kings (,),,,NUMBER,,,llama_small,p4_strat_1,3801.73
S007,,3,24,") made a resurgent effort in the second half, unfortunately for the home team, Russell Westbrook got hot at the same time.",,,,NUMBER,,,llama_small,p4_strat_1,3801.73
S007,,4,20,Westbrook recorded his , of the season,171.0,171.0,NUMBER,,,llama_small,p4_strat_1,3801.73
S007,,5,25,for the Thunder (,),,,NUMBER,,,llama_small,p4_strat_1,3801.73
S007,,6,36,Westbrook went on to finish with , shooting,148.0,148.0,NUMBER,,,llama_small,p4_strat_1,3801.73
S007,,7,36,Oladipo added ,,148.0,148.0,NUMBER,,,llama_small,p4_strat_1,3801.73
S007,,8,23,points and did most of his damage by going a perfect ,,,,NUMBER,,,llama_small,p4_strat_1,3801.73
S007,,9,29,Kanter contributed ,,194.0,194.0,NUMBER,,,llama_small,p4_strat_1,3801.73
S007,,10,31,Cousins filled a remarkable box score line that was only overshadowed by Westbrook. The Kings all-star center finished with ,,164.0,164.0,NUMBER,,,llama_small,p4_strat_1,3801.73
S007,,11,14,"Cousins went to the line over and over, and ended up going ",,,,NUMBER,,,llama_small,p4_strat_1,3801.73
S007,,12,22,Rudy Gay added ,,,,NUMBER,,,llama_small,p4_strat_1,3801.73
S007,,13,21,Darren Collison pitched in ,,213.0,213.0,NUMBER,,,llama_small,p4_strat_1,3801.73
S007,,14,122,"The Thunder play the second game of a back-to-back on Monday when they visit the Los Angeles Clippers, while the Kings look to bounce back on Wednesday when they host the Indiana Pacers.",,,,NUMBER,,,llama_small,p4_strat_1,3801.73
S007,,15,36,Westbrook finished with ,,33.0,33.0,NUMBER,,,llama_small,p4_strat_1,3801.73
S007,,16,11,while Westbrook scored ,,61.0,61.0,NUMBER,,,llama_small,p4_strat_1,3801.73
S007,,17,11,Oladipo added ,,176.0,176.0,NUMBER,,,llama_small,p4_strat_1,3801.73
S007,,18,29,"Enes Kanter was the only other Thunder player to score in double digits, as he finished with ",,194.0,194.0,NUMBER,,,llama_small,p4_strat_1,3801.73
S007,,19,10,"on 10 - of - 18 shooting, in ",,197.0,197.0,NUMBER,,,llama_small,p4_strat_1,3801.73
S007,,20,31,"DeMarcus Cousins led the way for the Kings, with ",,164.0,164.0,NUMBER,,,llama_small,p4_strat_1,3801.73
S007,,21,11,"on 11 - of - 20 shooting, along with ",,176.0,176.0,NUMBER,,,llama_small,p4_strat_1,3801.73
S007,,22,21,while Steven Adams chipped in ,,213.0,213.0,NUMBER,,,llama_small,p4_strat_1,3801.73
S007,,23,21,"points, four rebounds and one steal, in ",,213.0,213.0,NUMBER,,,llama_small,p4_strat_1,3801.73
S007,,24,27,minutes.,,223.0,223.0,NUMBER,,,llama_small,p4_strat_1,3801.73
S008,,1,102,"The Grizzlies (5-5) defeated the Utah Jazz, 102 - 96, at Vivint Smart Home Arena on Saturday.",.,9.0,9.0,NUMBER,,,llama_small,p4_strat_1,3801.73
S008,,2,96,"The Grizzlies defeated the Utah Jazz, 102 - 96, at Vivint Smart Home Arena on Saturday.",.,11.0,11.0,NUMBER,,,llama_small,p4_strat_1,3801.73
S008,,3,5,"The Grizzlies (5-5) checked in to Saturday's contest with only six road wins in 17 tries this season, but the Grizzlies (5-5) came in to Tuesday's contest with a 33-point first quarter, and the Grizzlies (5-5) were able to pull away in the second half.",.,240.0,240.0,NUMBER,,,llama_small,p4_strat_1,3801.73
S008,,4,33,"The Grizzlies (5-5) came in to Tuesday's contest with a 33-point first quarter, and the Grizzlies (5-5) were able to pull away in the second half.",.,128.0,128.0,NUMBER,,,llama_small,p4_strat_1,3801.73
S008,,5,7,"The Jazz (7-5) were led by Marc Gasol, who scored a game-high 22 points on 9-of-17 shooting, to go along with five rebounds, five assists and one steal, in 33 minutes.",.,180.0,180.0,NUMBER,,,llama_small,p4_strat_1,3801.73
S008,,6,7,"The Jazz (7-5) were led by Marc Gasol, who scored a game-high 22 points on 9-of-17 shooting, to go along with five rebounds, five assists and one steal, in 33 minutes.",.,180.0,180.0,NUMBER,,,llama_small,p4_strat_1,3801.73
S008,,7,5,"The Jazz (7-5) were led by Marc Gasol, who scored a game-high 22 points on 9-of-17 shooting, to go along with five rebounds, five assists and one steal, in 33 minutes.",.,240.0,240.0,NUMBER,,,llama_small,p4_strat_1,3801.73
S008,,8,13,"Gordon Hayward led the way for the Grizzlies, with 13 points on 4-of-14 shooting, to go along with four rebounds, three assists and one steal, in 36 minutes.",.,275.0,275.0,NUMBER,,,llama_small,p4_strat_1,3801.73
S008,,9,18,"Zach Randolph followed up with 18 points, while Rudy Gobert chipped in 22 points on 9-of-17 shooting, in 22 minutes off the bench.",.,307.0,307.0,NUMBER,,,llama_small,p4_strat_1,3801.73
S008,,10,22,"Zach Randolph followed up with 18 points, while Rudy Gobert chipped in 22 points on 9-of-17 shooting, in 22 minutes off the bench.",.,326.0,326.0,NUMBER,,,llama_small,p4_strat_1,3801.73
S008,,11,4,"Gordon Hayward led the way for the Grizzlies, with 13 points on 4-of-14 shooting, to go along with four rebounds, three assists and one steal, in 36 minutes.",.,278.0,278.0,NUMBER,,,llama_small,p4_strat_1,3801.73
S008,,12,17,,,322.0,322.0,,,,llama_small,p4_strat_1,3801.73
S009,,1,122 114,defeated,at BMO Harris Bradley Center on Friday evening,,,NUMBER,,"Box score shows Bucks losing to Lakers, not winning.",llama_small,p4_strat_1,3801.73
S009,,2,122 114,Bucks won the game with a score of,,,,NUMBER,,"Box score shows correct score, not 122-122.",llama_small,p4_strat_1,3801.73
S009,,3,19 37,Lakers (,) checked in to Friday's contest with only six road victories,,,NUMBER,,,llama_small,p4_strat_1,3801.73
S009,,4,19 37,Lakers (,) have now won four of their last five games,,,NUMBER,,,llama_small,p4_strat_1,3801.73
S009,,5,22 30,Bucks (,) have now lost three of their last five games,,,NUMBER,,,llama_small,p4_strat_1,3801.73
S009,,6,41,The Greek Freak went for,points,239.0,239.0,NUMBER,,,llama_small,p4_strat_1,3801.73
S009,,7,41,"Giannis Antetokounmpo was the player of the game, as he accumulated",points,239.0,239.0,NUMBER,,,llama_small,p4_strat_1,3801.73
S010,,1,92,the,scoreline,12.0,12.0,NUMBER,,"Scoreline is correct, Hawks won by 19.",llama_small,p4_strat_1,3801.73
S010,,2,92,scoreline,",",12.0,12.0,NUMBER,,"Scoreline is correct, Hawks won by 19.",llama_small,p4_strat_1,3801.73
S010,,3,92,the,game,12.0,12.0,NUMBER,,"Scoreline is correct, Hawks won by 19.",llama_small,p4_strat_1,3801.73
S010,,4,92,was,close,12.0,12.0,NUMBER,,"Scoreline is correct, Hawks won by 19.",llama_small,p4_strat_1,3801.73
S010,,5,92,until,the,12.0,12.0,NUMBER,,"Scoreline is correct, Hawks won by 19.",llama_small,p4_strat_1,3801.73
S010,,6,92,the,final,12.0,12.0,NUMBER,,"Scoreline is correct, Hawks won by 19.",llama_small,p4_strat_1,3801.73
S010,,7,92,minutes,.,12.0,12.0,NUMBER,,"Scoreline is correct, Hawks won by 19.",llama_small,p4_strat_1,3801.73
S010,,8,92,In,",",12.0,12.0,NUMBER,,"Scoreline is correct, Hawks won by 19.",llama_small,p4_strat_1,3801.73
S010,,9,92,fact,",",12.0,12.0,NUMBER,,"Scoreline is correct, Hawks won by 19.",llama_small,p4_strat_1,3801.73
S010,,10,92,the,",",12.0,12.0,NUMBER,,"Scoreline is correct, Hawks won by 19.",llama_small,p4_strat_1,3801.73
S010,,11,92,Hawks,",",12.0,12.0,NUMBER,,"Scoreline is correct, Hawks won by 19.",llama_small,p4_strat_1,3801.73
S010,,12,92,ended,",",12.0,12.0,NUMBER,,"Scoreline is correct, Hawks won by 19.",llama_small,p4_strat_1,3801.73
S010,,13,92,the,",",12.0,12.0,NUMBER,,"Scoreline is correct, Hawks won by 19.",llama_small,p4_strat_1,3801.73
S010,,14,92,game,on,12.0,12.0,NUMBER,,"Scoreline is correct, Hawks won by 19.",llama_small,p4_strat_1,3801.73
S010,,15,92,a,",",12.0,12.0,NUMBER,,"Scoreline is correct, Hawks won by 19.",llama_small,p4_strat_1,3801.73
S010,,16,92,23,-,12.0,12.0,NUMBER,,"Scoreline is correct, Hawks won by 19.",llama_small,p4_strat_1,3801.73
S010,,17,92,8,run,12.0,12.0,NUMBER,,"Scoreline is correct, Hawks won by 19.",llama_small,p4_strat_1,3801.73
S010,,18,92,to,",",12.0,12.0,NUMBER,,"Scoreline is correct, Hawks won by 19.",llama_small,p4_strat_1,3801.73
S010,,19,92,eventually,",",12.0,12.0,NUMBER,,"Scoreline is correct, Hawks won by 19.",llama_small,p4_strat_1,3801.73
S010,,20,92,win,",",12.0,12.0,NUMBER,,"Scoreline is correct, Hawks won by 19.",llama_small,p4_strat_1,3801.73
S010,,21,92,by,",",12.0,12.0,NUMBER,,"Scoreline is correct, Hawks won by 19.",llama_small,p4_strat_1,3801.73
S010,,22,92,19,.,12.0,12.0,NUMBER,,"Scoreline is correct, Hawks won by 19.",llama_small,p4_strat_1,3801.73
S010,,23,92,Shooting,",",12.0,12.0,NUMBER,,"Shooting was the key difference, Hawks shot better from both field and three-point range.",llama_small,p4_strat_1,3801.73
S010,,24,92,was,",",12.0,12.0,NUMBER,,"Shooting was the key difference, Hawks shot better from both field and three-point range.",llama_small,p4_strat_1,3801.73
S010,,25,92,the,",",12.0,12.0,NUMBER,,"Shooting was the key difference, Hawks shot better from both field and three-point range.",llama_small,p4_strat_1,3801.73
S010,,26,92,key,",",12.0,12.0,NUMBER,,"Shooting was the key difference, Hawks shot better from both field and three-point range.",llama_small,p4_strat_1,3801.73
S010,,27,92,difference,",",12.0,12.0,NUMBER,,"Shooting was the key difference, Hawks shot better from both field and three-point range.",llama_small,p4_strat_1,3801.73
S010,,28,92,Hawks,",",12.0,12.0,NUMBER,,"Shooting was the key difference, Hawks shot better from both field and three-point range.",llama_small,p4_strat_1,3801.73
S010,,29,92,shot,",",12.0,12.0,NUMBER,,"Shooting was the key difference, Hawks shot better from both field and three-point range.",llama_small,p4_strat_1,3801.73
S010,,30,92,better,",",12.0,12.0,NUMBER,,"Shooting was the key difference, Hawks shot better from both field and three-point range.",llama_small,p4_strat_1,3801.73
S010,,31,92,from,",",12.0,12.0,NUMBER,,"Shooting was the key difference, Hawks shot better from both field and three-point range.",llama_small,p4_strat_1,3801.73
S010,,32,92,both,",",12.0,12.0,NUMBER,,"Shooting was the key difference, Hawks shot better from both field and three-point range.",llama_small,p4_strat_1,3801.73
S010,,33,92,field,",",12.0,12.0,NUMBER,,"Shooting was the key difference, Hawks shot better from both field and three-point range.",llama_small,p4_strat_1,3801.73
S010,,34,92,and,",",12.0,12.0,NUMBER,,"Shooting was the key difference, Hawks shot better from both field and three-point range.",llama_small,p4_strat_1,3801.73
S010,,35,92,three-point,",",12.0,12.0,NUMBER,,"Shooting was the key difference, Hawks shot better from both field and three-point range.",llama_small,p4_strat_1,3801.73
S010,,36,92,range.,",",12.0,12.0,NUMBER,,"Scoreline is correct, Hawks won by 19.",llama_small,p4_strat_1,3801.73
S010,,37,92,Hawks,",",12.0,12.0,NUMBER,,"Scoreline is correct, Hawks won by 19.",llama_small,p4_strat_1,3801.73
S010,,38,92,won,",",12.0,12.0,NUMBER,,"Scoreline is correct, Hawks won by 19.",llama_small,p4_strat_1,3801.73
S010,,39,92,by,",",12.0,12.0,NUMBER,,"Scoreline is correct, Hawks won by 19.",llama_small,p4_strat_1,3801.73
S010,,40,92,19,.,12.0,12.0,NUMBER,,"Scoreline is correct, Hawks won by 19.",llama_small,p4_strat_1,3801.73
S011,,1,96,105-96 on Wednesday,,20.0,20.0,NUMBER,,Score difference between Hawks and Wizards.,llama_small,p4_strat_1,3801.73
S011,,2,9,(41-9) beat the Washington Wizards,,162.0,162.0,NUMBER,,Hawks' record before losing streak.,llama_small,p4_strat_1,3801.73
S011,,3,19,(31-19) 105-96 on Wednesday,,305.0,305.0,NUMBER,,Wizards' record before losing streak.,llama_small,p4_strat_1,3801.73
S011,,4,24,Wall led Washington with 24 points and nine assists,,357.0,357.0,NUMBER,,John Wall's points.,llama_small,p4_strat_1,3801.73
S011,,5,105,The Atlanta Hawks (41-9) beat the Washington Wizards,,18.0,18.0,NUMBER,,Hawks' score.,llama_small,p4_strat_1,3801.73
S011,,6,96,(31-19) 105-96 on Wednesday,,20.0,20.0,NUMBER,,Wizards' score.,llama_small,p4_strat_1,3801.73
S011,,1,48,The Hawks shot 48 percent from the field and 44 percent from the three-point line,,93.0,93.0,NUMBER,,Hawks' field goal percentage.,llama_small,p4_strat_1,3801.73
S011,,2,44,The Hawks shot 48 percent from the field and 44 percent from the three-point line,,113.0,113.0,NUMBER,,Hawks' three-point percentage.,llama_small,p4_strat_1,3801.73
S011,,3,44,"The Hawks shot 48 percent from the field and 44 percent from the three-point line, while the Wizards finished at",,113.0,113.0,NUMBER,,Wizards' field goal percentage.,llama_small,p4_strat_1,3801.73
S011,,4,25,"The Hawks shot 48 percent from the field and 44 percent from the three-point line, while the Wizards finished at 44 percent from the floor and just 25 percent from deep",,120.0,120.0,NUMBER,,Wizards' three-point percentage.,llama_small,p4_strat_1,3801.73
S011,,5,14,"The Hawks were also able to force the Wizards into 14 turnovers, while committing just 12 of their own",,221.0,221.0,NUMBER,,Turnovers committed by Wizards.,llama_small,p4_strat_1,3801.73
S011,,6,12,"The Hawks were also able to force the Wizards into 14 turnovers, while committing just 12 of their own",,284.0,284.0,NUMBER,,Turnovers committed by Hawks.,llama_small,p4_strat_1,3801.73
S011,,7,24,"Wall went 9-for-15 from the field and 3-for-5 from the three-point line to finish with a team-high of 24 points, while also adding nine assists and seven rebounds",,357.0,357.0,NUMBER,,Points scored by John Wall.,llama_small,p4_strat_1,3801.73
S011,,8,23,"Notching a double-double of his own, Bradley Beal finished with 23 points (8-19 FG, 0-4 3Pt, 7-10 FT) and 8 rebounds",,300.0,300.0,NUMBER,,Points scored by Bradley Beal.,llama_small,p4_strat_1,3801.73
S011,,9,11,"Notching a double-double of his own, Paul Millsap finished with 11 points (4-7 FG, 2-3 3Pt, 1-2 FT) and 11 rebounds",,261.0,261.0,NUMBER,,Points scored by Paul Millsap.,llama_small,p4_strat_1,3801.73
S011,,10,21,"The only other Hawk to reach double figures in points was Al Horford, who finished with 21 points (10-24 FG, 0-1 3Pt, 1-1 FT) and a team-high of 13 rebounds",,352.0,352.0,NUMBER,,Points scored by Al Horford.,llama_small,p4_strat_1,3801.73
S011,,11,13,"The only other Hawk to reach double figures in points was Al Horford, who finished with 21 points (10-24 FG, 0-1 3Pt, 1-1 FT) and a team-high of 13 rebounds",,376.0,376.0,NUMBER,,Rebounds by Al Horford.,llama_small,p4_strat_1,3801.73
S012,,1,41,Eric Bledsoe went off for a career-high,points but it was not enough to hold off the Nuggets.,,,NUMBER,,Box score shows Eric Bledsoe scored 41 points.,llama_small,p4_strat_1,3801.73
S012,,2,23,"three other players scored in double digits for Phoenix, including Devin Booker, who followed up with","points and Tyson Chandler, who double-doubled",173.0,173.0,NUMBER,,Box score shows Devin Booker scored 23 points.,llama_small,p4_strat_1,3801.73
S012,,3,37,The Nuggets hit a whopping,", which was really the difference in this one",,,NUMBER,,Box score shows the Nuggets hit 37-of-42 free throws.,llama_small,p4_strat_1,3801.73
S012,,4,74,"Denver dominated the middle two quarters, outscoring the Suns",over the second and third quarters,,,NUMBER,,"Box score shows Denver dominated the middle two quarters, outscoring the Suns 74-50.",llama_small,p4_strat_1,3801.73
S012,,5,21,"Three other players scored in double digits for Phoenix, including Devin Booker, who followed up with 23 points, and Tyson Chandler, who double-doubled",The Suns outscored the Nuggets 21-11,52.0,52.0,NUMBER,,Box score shows the Nuggets (15-32) were not able to keep up with the high-scoring Nuggets.,llama_small,p4_strat_1,3801.73
S012,,6,11,"The Suns outscored the Nuggets 21-11 in fast-break points, and had four less turnovers, but committed 11 more personal fouls",", which gave the Nugs a huge advantage at the foul line",,,NUMBER,,Box score shows the Suns outscored the Nuggets 21-11 in fast-break points.,llama_small,p4_strat_1,3801.73
S012,,7,32,"Despite 41 points from Bledsoe, the Suns (15-32)",", including Devin Booker, who followed up with 23 points",163.0,163.0,NUMBER,,Box score shows Devin Booker scored 23 points and the Suns (15-32) were not able to keep up with the high-scoring Nuggets.,llama_small,p4_strat_1,3801.73
S013,,1,22-9,( ,),,,NUMBER,,Game record of Cavaliers.,llama_small,p4_strat_1,3801.73
S013,,2,19-15,( ,),,,NUMBER,,Game record of Magic.,llama_small,p4_strat_1,3801.73
S013,,3,104-79,) ,,,,NUMBER,,Final score of the game.,llama_small,p4_strat_1,3801.73
S013,,4,104,( ,,18.0,18.0,NUMBER,,Points scored by Cavaliers.,llama_small,p4_strat_1,3801.73
S013,,5,79,),,20.0,20.0,NUMBER,,Points scored by Magic.,llama_small,p4_strat_1,3801.73
S013,,6,22-9,( ,,,,NUMBER,,Game record of Cavaliers.,llama_small,p4_strat_1,3801.73
S013,,7,19-15,),,,,NUMBER,,Game record of Magic.,llama_small,p4_strat_1,3801.73
S013,,8,104,( ,,18.0,18.0,NUMBER,,Points scored by Cavaliers.,llama_small,p4_strat_1,3801.73
S013,,9,79,),,20.0,20.0,NUMBER,,Points scored by Magic.,llama_small,p4_strat_1,3801.73
S013,,10,29,) ,,234.0,234.0,NUMBER,,Points scored by LeBron James.,llama_small,p4_strat_1,3801.73
S013,,11,13,),,152.0,152.0,NUMBER,,Points scored by Kyrie Irving.,llama_small,p4_strat_1,3801.73
S013,,12,104,( ,,18.0,18.0,NUMBER,,Points scored by Cavaliers.,llama_small,p4_strat_1,3801.73
S013,,13,79,),,20.0,20.0,NUMBER,,Points scored by Magic.,llama_small,p4_strat_1,3801.73
S016,,1,50,,,6.0,6.0,NUMBER,,"Box score shows Thunder wins 50 games, not mentioned in text.",llama_small,p4_strat_1,3801.73
S016,,2,113,,,20.0,20.0,NUMBER,,"Box score shows Thunder wins 113-91, not mentioned in text.",llama_small,p4_strat_1,3801.73
S016,,3,35,,,16.0,16.0,NUMBER,,"Box score shows Jazz wins 35 games, not mentioned in text.",llama_small,p4_strat_1,3801.73
S016,,4,37,,,337.0,337.0,NUMBER,,"Box score shows Jazz losses 37 games, not mentioned in text.",llama_small,p4_strat_1,3801.73
S016,,5,22,,,8.0,8.0,NUMBER,,"Box score shows Thunder losses 22 games, not mentioned in text.",llama_small,p4_strat_1,3801.73
S016,,6,91,,,22.0,22.0,NUMBER,,"Box score shows Jazz points scored 91, not mentioned in text.",llama_small,p4_strat_1,3801.73
S019,,1,113,"defeated the Indiana Pacers, ",", at American Airlines Arena on Saturday night.",9.0,9.0,NUMBER,,Box score shows Heat won by a margin of 18 points.,llama_small,p4_strat_1,3801.73
S019,,2,113,"defeated the Indiana Pacers, ",", at American Airlines Arena on Saturday night.",9.0,9.0,NUMBER,,Box score shows Heat won by a margin of 18 points.,llama_small,p4_strat_1,3801.73
S019,,3,95,"95, at American Airlines Arena on Saturday night.",.,11.0,11.0,NUMBER,,Box score shows Pacers scored 91 points.,llama_small,p4_strat_1,3801.73
S019,,4,113,"The Miami Heat defeated the Indiana Pacers, ",", at American Airlines Arena on Saturday night.",9.0,9.0,NUMBER,,Box score shows Heat won by a margin of 18 points.,llama_small,p4_strat_1,3801.73
S019,,5,113,"The Miami Heat defeated the Indiana Pacers, ",", at American Airlines Arena on Saturday night.",9.0,9.0,NUMBER,,Box score shows Heat won by a margin of 18 points.,llama_small,p4_strat_1,3801.73
S019,,6,95,", at American Airlines Arena on Saturday night.",.,11.0,11.0,NUMBER,,Box score shows Pacers scored 91 points.,llama_small,p4_strat_1,3801.73
S019,,7,30-29,The Pacers (,") , who've largely been heading the opposite direction lately,",,,NUMBER,,Box score shows Pacers have won 25 games.,llama_small,p4_strat_1,3801.73
S019,,8,27-32,the light appeared to come on for the Heat (,) in mid-January,,,NUMBER,,Box score shows Heat have won 25 games.,llama_small,p4_strat_1,3801.73
S019,,9,113,"The Miami Heat defeated the Indiana Pacers, ",", at American Airlines Arena on Saturday night.",9.0,9.0,NUMBER,,Box score shows Heat won by a margin of 18 points.,llama_small,p4_strat_1,3801.73
S019,,10,95,", at American Airlines Arena on Saturday night.",.,11.0,11.0,NUMBER,,Box score shows Pacers scored 91 points.,llama_small,p4_strat_1,3801.73
S019,,11,113,"The Miami Heat defeated the Indiana Pacers, ",", at American Airlines Arena on Saturday night.",9.0,9.0,NUMBER,,Box score shows Heat won by a margin of 18 points.,llama_small,p4_strat_1,3801.73
S019,,12,95,", at American Airlines Arena on Saturday night.",.,11.0,11.0,NUMBER,,Box score shows Pacers scored 91 points.,llama_small,p4_strat_1,3801.73
S019,,13,30-29,The Pacers (,") , who've largely been heading the opposite direction lately,",,,NUMBER,,Box score shows Pacers have won 25 games.,llama_small,p4_strat_1,3801.73
S019,,14,27-32,the light appeared to come on for the Heat (,) in mid-January,,,NUMBER,,Box score shows Heat have won 25 games.,llama_small,p4_strat_1,3801.73
S019,,15,113,"The Miami Heat defeated the Indiana Pacers, ",", at American Airlines Arena on Saturday night.",9.0,9.0,NUMBER,,Box score shows Heat won by a margin of 18 points.,llama_small,p4_strat_1,3801.73
S019,,16,95,", at American Airlines Arena on Saturday night.",.,11.0,11.0,NUMBER,,Box score shows Pacers scored 91 points.,llama_small,p4_strat_1,3801.73
S019,,17,30-29,The Pacers (,") , who've largely been heading the opposite direction lately,",,,NUMBER,,Box score shows Pacers have won 25 games.,llama_small,p4_strat_1,3801.73
S019,,18,27-32,the light appeared to come on for the Heat (,) in mid-January,,,NUMBER,,Box score shows Heat have won 25 games.,llama_small,p4_strat_1,3801.73
S019,,19,113,"The Miami Heat defeated the Indiana Pacers, ",", at American Airlines Arena on Saturday night.",9.0,9.0,NUMBER,,Box score shows Heat won by a margin of 18 points.,llama_small,p4_strat_1,3801.73
S019,,20,95,", at American Airlines Arena on Saturday night.",.,11.0,11.0,NUMBER,,Box score shows Pacers scored 91 points.,llama_small,p4_strat_1,3801.73
S019,,21,30-29,The Pacers (,") , who've largely been heading the opposite direction lately,",,,NUMBER,,Box score shows Pacers have won 25 games.,llama_small,p4_strat_1,3801.73
S019,,22,27-32,the light appeared to come on for the Heat (,) in mid-January,,,NUMBER,,Box score shows Heat have won 25 games.,llama_small,p4_strat_1,3801.73
S019,,23,113,"The Miami Heat defeated the Indiana Pacers, ",", at American Airlines Arena on Saturday night.",9.0,9.0,NUMBER,,Box score shows Heat won by a margin of 18 points.,llama_small,p4_strat_1,3801.73
S019,,24,95,", at American Airlines Arena on Saturday night.",.,11.0,11.0,NUMBER,,Box score shows Pacers scored 91 points.,llama_small,p4_strat_1,3801.73
S019,,25,30-29,The Pacers (,") , who've largely been heading the opposite direction lately,",,,NUMBER,,Box score shows Pacers have won 25 games.,llama_small,p4_strat_1,3801.73
S019,,26,27-32,the light appeared to come on for the Heat (,) in mid-January,,,NUMBER,,Box score shows Heat have won 25 games.,llama_small,p4_strat_1,3801.73
S019,,27,30,The Pacers (,") , who've largely been heading the opposite direction lately,",108.0,108.0,NUMBER,,Box score shows Pacers have scored 25 points.,llama_small,p4_strat_1,3801.73
S019,,28,29,", who've largely been heading the opposite direction lately,",,110.0,110.0,NUMBER,,Box score shows Heat have scored 25 points.,llama_small,p4_strat_1,3801.73
S019,,29,27,the light appeared to come on for the Heat (,) in mid-January,208.0,208.0,NUMBER,,Box score shows Heat have won 25 games.,llama_small,p4_strat_1,3801.73
S019,,30,32,) in mid-January,,210.0,210.0,NUMBER,,Box score shows Heat have won 25 games.,llama_small,p4_strat_1,3801.73
S019,,31,30,The Pacers (,") , who've largely been heading the opposite direction lately,",108.0,108.0,NUMBER,,Box score shows Pacers have scored 25 points.,llama_small,p4_strat_1,3801.73
S019,,32,29,", who've largely been heading the opposite direction lately,",,110.0,110.0,NUMBER,,Box score shows Heat have scored 25 points.,llama_small,p4_strat_1,3801.73
S019,,33,27,the light appeared to come on for the Heat (,) in mid-January,208.0,208.0,NUMBER,,Box score shows Heat have won 25 games.,llama_small,p4_strat_1,3801.73
S019,,34,32,) in mid-January,,210.0,210.0,NUMBER,,Box score shows Heat have won 25 games.,llama_small,p4_strat_1,3801.73
S019,,35,30-29,The Pacers (,") , who've largely been heading the opposite direction lately,",,,NUMBER,,Box score shows Pacers have won 25 games.,llama_small,p4_strat_1,3801.73
S019,,36,27-32,the light appeared to come on for the Heat (,) in mid-January,,,NUMBER,,Box score shows Heat have won 25 games.,llama_small,p4_strat_1,3801.73
S019,,37,113,"The Miami Heat defeated the Indiana Pacers, ",", at American Airlines Arena on Saturday night.",9.0,9.0,NUMBER,,Box score shows Heat won by a margin of 18 points.,llama_small,p4_strat_1,3801.73
S019,,38,95,", at American Airlines Arena on Saturday night.",.,11.0,11.0,NUMBER,,Box score shows Pacers scored 91 points.,llama_small,p4_strat_1,3801.73
S019,,39,30-29,The Pacers (,") , who've largely been heading the opposite direction lately,",,,NUMBER,,Box score shows Pacers have won 25 games.,llama_small,p4_strat_1,3801.73
S019,,40,27-32,the light appeared to come on for the Heat (,) in mid-January,,,NUMBER,,Box score shows Heat have won 25 games.,llama_small,p4_strat_1,3801.73
S019,,41,113,"The Miami Heat defeated the Indiana Pacers, ",", at American Airlines Arena on Saturday night.",9.0,9.0,NUMBER,,Box score shows Heat won by a margin of 18 points.,llama_small,p4_strat_1,3801.73
S019,,42,95,", at American Airlines Arena on Saturday night.",.,11.0,11.0,NUMBER,,Box score shows Pacers scored 91 points.,llama_small,p4_strat_1,3801.73
S019,,43,30-29,The Pacers (,") , who've largely been heading the opposite direction lately,",,,NUMBER,,Box score shows Pacers have won 25 games.,llama_small,p4_strat_1,3801.73
S019,,44,27-32,the light appeared to come on for the Heat (,) in mid-January,,,NUMBER,,Box score shows Heat have won 25 games.,llama_small,p4_strat_1,3801.73
S019,,45,30,The Pacers (,") , who've largely been heading the opposite direction lately,",108.0,108.0,NUMBER,,Box score shows Pacers have scored 25 points.,llama_small,p4_strat_1,3801.73
S019,,46,29,", who've largely been heading the opposite direction lately,",,110.0,110.0,NUMBER,,Box score shows Heat have scored 25 points.,llama_small,p4_strat_1,3801.73
S019,,47,27,the light appeared to come on for the Heat (,) in mid-January,208.0,208.0,NUMBER,,Box score shows Heat have won 25 games.,llama_small,p4_strat_1,3801.73
S019,,48,32,) in mid-January,,210.0,210.0,NUMBER,,Box score shows Heat have won 25 games.,llama_small,p4_strat_1,3801.73
S019,,49,30,The Pacers (,") , who've largely been heading the opposite direction lately,",108.0,108.0,NUMBER,,Box score shows Pacers have scored 25 points.,llama_small,p4_strat_1,3801.73
S019,,50,29,", who've largely been heading the opposite direction lately,",,110.0,110.0,NUMBER,,Box score shows Heat have scored 25 points.,llama_small,p4_strat_1,3801.73
S019,,51,27,the light appeared to come on for the Heat (,) in mid-January,208.0,208.0,NUMBER,,Box score shows Heat have won 25 games.,llama_small,p4_strat_1,3801.73
S019,,52,32,) in mid-January,,210.0,210.0,NUMBER,,Box score shows Heat have won 25 games.,llama_small,p4_strat_1,3801.73
S019,,53,30,The Pacers (,") , who've largely been heading the opposite direction lately,",108.0,108.0,NUMBER,,Box score shows Pacers have scored 25 points.,llama_small,p4_strat_1,3801.73
S019,,54,29,", who've largely been heading the opposite direction lately,",,110.0,110.0,NUMBER,,Box score shows Heat have scored 25 points.,llama_small,p4_strat_1,3801.73
S019,,55,27,the light appeared to come on for the Heat (,) in mid-January,208.0,208.0,NUMBER,,Box score shows Heat have won 25 games.,llama_small,p4_strat_1,3801.73
S019,,56,32,) in mid-January,,210.0,210.0,NUMBER,,Box score shows Heat have won 25 games.,llama_small,p4_strat_1,3801.73
S019,,57,30,The Pacers (,") , who've largely been heading the opposite direction lately,",108.0,108.0,NUMBER,,Box score shows Pacers have scored 25 points.,llama_small,p4_strat_1,3801.73
S019,,58,29,", who've largely been heading the opposite direction lately,",,110.0,110.0,NUMBER,,Box score shows Heat have scored 25 points.,llama_small,p4_strat_1,3801.73
S019,,59,27,the light appeared to come on for the Heat (,) in mid-January,208.0,208.0,NUMBER,,Box score shows Heat have won 25 games.,llama_small,p4_strat_1,3801.73
S019,,60,32,) in mid-January,,210.0,210.0,NUMBER,,Box score shows Heat have won 25 games.,llama_small,p4_strat_1,3801.73
S019,,61,30-29,The Pacers (,") , who've largely been heading the opposite direction lately,",,,NUMBER,,Box score shows Pacers have won 25 games.,llama_small,p4_strat_1,3801.73
S019,,62,27-32,the light appeared to come on for the Heat (,) in mid-January,,,NUMBER,,Box score shows Heat have won 25 games.,llama_small,p4_strat_1,3801.73
S019,,63,30,The Pacers (,") , who've largely been heading the opposite direction lately,",108.0,108.0,NUMBER,,Box score shows Pacers have scored 25 points.,llama_small,p4_strat_1,3801.73
S019,,64,29,", who've largely been heading the opposite direction lately,",,110.0,110.0,NUMBER,,Box score shows Heat have scored 25 points.,llama_small,p4_strat_1,3801.73
S019,,65,27,the light appeared to come on for the Heat (,) in mid-January,208.0,208.0,NUMBER,,Box score shows Heat have won 25 games.,llama_small,p4_strat_1,3801.73
S019,,66,32,) in mid-January,,210.0,210.0,NUMBER,,Box score shows Heat have won 25 games.,llama_small,p4_strat_1,3801.73
S019,,67,30-29,The Pacers (,") , who've largely been heading the opposite direction lately,",,,NUMBER,,Box score shows Pacers have won 25 games.,llama_small,p4_strat_1,3801.73
S019,,68,27-32,the light appeared to come on for the Heat (,) in mid-January,,,NUMBER,,Box score shows Heat have won 25 games.,llama_small,p4_strat_1,3801.73
S019,,69,113,"The Miami Heat defeated the Indiana Pacers, ",,9.0,9.0,NUMBER,,Box score shows Heat won by a margin of 18 points.,llama_small,p4_strat_1,3801.73
S019,,70,95,at the TD Garden with a final score of,,11.0,11.0,NUMBER,,Box score shows Pacers scored 91 points.,llama_small,p4_strat_1,3801.73
S019,,71,95,at the TD Garden with a final score of,,11.0,11.0,NUMBER,,Box score shows Pacers scored 91 points.,llama_small,p4_strat_1,3801.73
S019,,72,113,"The Miami Heat defeated the Indiana Pacers, ",,9.0,9.0,NUMBER,,Box score shows Heat won by a margin of 18 points.,llama_small,p4_strat_1,3801.73
S019,,73,95,at the TD Garden with a final score of,,11.0,11.0,NUMBER,,Box score shows Pacers scored 91 points.,llama_small,p4_strat_1,3801.73
S019,,74,113,"The Miami Heat defeated the Indiana Pacers, ",,9.0,9.0,NUMBER,,Box score shows Heat won by a margin of 18 points.,llama_small,p4_strat_1,3801.73
S019,,75,95,at the TD Garden with a final score of,,11.0,11.0,NUMBER,,Box score shows Pacers scored 91 points.,llama_small,p4_strat_1,3801.73
S019,,76,30-29,The Pacers (,,,,NUMBER,,Box score shows Pacers have won 25 games.,llama_small,p4_strat_1,3801.73
S019,,77,27-32,the light appeared to come on for the Heat (,,,,NUMBER,,Box score shows Heat have won 25 games.,llama_small,p4_strat_1,3801.73
S019,,78,113,"The Miami Heat defeated the Indiana Pacers, ",,9.0,9.0,NUMBER,,Box score shows Heat won by a margin of 18 points.,llama_small,p4_strat_1,3801.73
S019,,79,95,at the TD Garden with a final score of,,11.0,11.0,NUMBER,,Box score shows Pacers scored 91 points.,llama_small,p4_strat_1,3801.73
S019,,80,30-29,The Pacers (,,,,NUMBER,,Box score shows Pacers have won 25 games.,llama_small,p4_strat_1,3801.73
S019,,81,27-32,the light appeared to come on for the Heat (,,,,NUMBER,,Box score shows Heat have won 25 games.,llama_small,p4_strat_1,3801.73
S019,,82,113,"The Miami Heat defeated the Indiana Pacers, ",,9.0,9.0,NUMBER,,Box score shows Heat won by a margin of 18 points.,llama_small,p4_strat_1,3801.73
S019,,83,95,at the TD Garden with a final score of,,11.0,11.0,NUMBER,,Box score shows Pacers scored 91 points.,llama_small,p4_strat_1,3801.73
S019,,84,30-29,The Pacers (,,,,NUMBER,,Box score shows Pacers have won 25 games.,llama_small,p4_strat_1,3801.73
S019,,85,27-32,the light appeared to come on for the Heat (,,,,NUMBER,,Box score shows Heat have won 25 games.,llama_small,p4_strat_1,3801.73
S019,,86,113,"The Miami Heat defeated the Indiana Pacers, ",,9.0,9.0,NUMBER,,Box score shows Heat won by a margin of 18 points.,llama_small,p4_strat_1,3801.73
S019,,87,95,at the TD Garden with a final score of,,11.0,11.0,NUMBER,,Box score shows Pacers scored 91 points.,llama_small,p4_strat_1,3801.73
S019,,88,30-29,The Pacers (,,,,NUMBER,,Box score shows Pacers have won 25 games.,llama_small,p4_strat_1,3801.73
S019,,89,27-32,the light appeared to come on for the Heat (,,,,NUMBER,,Box score shows Heat have won 25 games.,llama_small,p4_strat_1,3801.73
S019,,90,113,"The Miami Heat defeated the Indiana Pacers, ",,9.0,9.0,NUMBER,,Box score shows Heat won by a margin of 18 points.,llama_small,p4_strat_1,3801.73
S019,,91,95,at the TD Garden with a final score of,,11.0,11.0,NUMBER,,Box score shows Pacers scored 91 points.,llama_small,p4_strat_1,3801.73
S019,,92,113,"The Miami Heat defeated the Indiana Pacers, ",,9.0,9.0,NUMBER,,Box score shows Heat won by a margin of 18 points.,llama_small,p4_strat_1,3801.73
S019,,93,95,at the TD Garden with a final score of,,11.0,11.0,NUMBER,,Box score shows Pacers scored 91 points.,llama_small,p4_strat_1,3801.73
S019,,94,113,"The Miami Heat defeated the Indiana Pacers, ",,9.0,9.0,NUMBER,,Box score shows Heat won by a margin of 18 points.,llama_small,p4_strat_1,3801.73
S019,,95,95,at the TD Garden with a final score of,,11.0,11.0,NUMBER,,Box score shows Pacers scored 91 points.,llama_small,p4_strat_1,3801.73
S019,,96,113,"The Miami Heat defeated the Indiana Pacers, ",,9.0,9.0,NUMBER,,Box score shows Heat won by a margin of 18 points.,llama_small,p4_strat_1,3801.73
S019,,97,30-29,The Pacers (,,,,NUMBER,,Box score shows Pacers have won 25 games.,llama_small,p4_strat_1,3801.73
S019,,98,27-32,the light appeared to come on for the Heat (,,,,NUMBER,,Box score shows Heat have won 25 games.,llama_small,p4_strat_1,3801.73
S019,,99,113,"The Miami Heat defeated the Indiana Pacers, ",,9.0,9.0,NUMBER,,Box score shows Heat won by a margin of 18 points.,llama_small,p4_strat_1,3801.73
S019,,100,95,at the TD Garden with a final score of,,11.0,11.0,NUMBER,,Box score shows Pacers scored 91 points.,llama_small,p4_strat_1,3801.73
S019,,101,30-29,The Pacers (,,,,NUMBER,,Box score shows Pacers have won 25 games.,llama_small,p4_strat_1,3801.73
S019,,102,27-32,the light appeared to come on for the Heat (,,,,NUMBER,,Box score shows Heat have won 25 games.,llama_small,p4_strat_1,3801.73
S019,,103,113,"The Miami Heat defeated the Indiana Pacers, ",,9.0,9.0,NUMBER,,Box score shows Heat won by a margin of 18 points.,llama_small,p4_strat_1,3801.73
S019,,104,95,at the TD Garden with a final score of,,11.0,11.0,NUMBER,,Box score shows Pacers scored 91 points.,llama_small,p4_strat_1,3801.73
S019,,105,30-29,The Pacers (,,,,NUMBER,,Box score shows Pacers have won 25 games.,llama_small,p4_strat_1,3801.73
S019,,106,27-32,the light appeared to come on for the Heat (,,,,NUMBER,,Box score shows Heat have won 25 games.,llama_small,p4_strat_1,3801.73
S019,,107,113,"The Miami Heat defeated the Indiana Pacers, ",,9.0,9.0,NUMBER,,Box score shows Heat won by a margin of 18 points.,llama_small,p4_strat_1,3801.73
S019,,108,95,at the TD Garden with a final score of,,11.0,11.0,NUMBER,,Box score shows Pacers scored 91 points.,llama_small,p4_strat_1,3801.73
S019,,109,30-29,The Pacers (,,,,NUMBER,,Box score shows Pacers have won 25 games.,llama_small,p4_strat_1,3801.73
S019,,110,27-32,the light appeared to come on for the Heat (,,,,NUMBER,,Box score shows Heat have won 25 games.,llama_small,p4_strat_1,3801.73
S019,,111,113,"The Miami Heat defeated the Indiana Pacers, ",,9.0,9.0,NUMBER,,Box score shows Heat won by a margin of 18 points.,llama_small,p4_strat_1,3801.73
S019,,112,95,at the TD Garden with a final score of,,11.0,11.0,NUMBER,,Box score shows Pacers scored 91 points.,llama_small,p4_strat_1,3801.73
S019,,113,30-29,The Pacers (,,,,NUMBER,,Box score shows Pacers have won 25 games.,llama_small,p4_strat_1,3801.73
S019,,114,27-32,the light appeared to come on for the Heat (,,,,NUMBER,,Box score shows Heat have won 25 games.,llama_small,p4_strat_1,3801.73
S019,,115,113,"The Miami Heat defeated the Indiana Pacers, ",,9.0,9.0,NUMBER,,Box score shows Heat won by a margin of 18 points.,llama_small,p4_strat_1,3801.73
S019,,116,95,at the TD Garden with a final score of,,11.0,11.0,NUMBER,,Box score shows Pacers scored 91 points.,llama_small,p4_strat_1,3801.73
S019,,117,30-29,The Pacers (,,,,NUMBER,,Box score shows Pacers have won 25 games.,llama_small,p4_strat_1,3801.73
S019,,118,27-32,the light appeared to come on for the Heat (,,,,NUMBER,,Box score shows Heat have won 25 games.,llama_small,p4_strat_1,3801.73
S019,,119,113,"The Miami Heat defeated the Indiana Pacers, ",,9.0,9.0,NUMBER,,Box score shows Heat won by a margin of 18 points.,llama_small,p4_strat_1,3801.73
S019,,120,95,at the TD Garden with a final score of,,11.0,11.0,NUMBER,,Box score shows Pacers scored 91 points.,llama_small,p4_strat_1,3801.73
S019,,121,30-29,The Pacers (,,,,NUMBER,,Box score shows Pacers have won 25 games.,llama_small,p4_strat_1,3801.73
S019,,122,27-32,the light appeared to come on for the Heat (,,,,NUMBER,,Box score shows Heat have won 25 games.,llama_small,p4_strat_1,3801.73
S019,,123,113,"The Miami Heat defeated the Indiana Pacers, ",,9.0,9.0,NUMBER,,Box score shows Heat won by a margin of 18 points.,llama_small,p4_strat_1,3801.73
S019,,124,95,at the TD Garden with a final score of,,11.0,11.0,NUMBER,,Box score shows Pacers scored 91 points.,llama_small,p4_strat_1,3801.73
S019,,125,30-29,The Pacers (,,,,NUMBER,,Box score shows Pacers have won 25 games.,llama_small,p4_strat_1,3801.73
S019,,126,27-32,the light appeared to come on for the Heat (,,,,NUMBER,,Box score shows Heat have won 25 games.,llama_small,p4_strat_1,3801.73
S019,,127,113,"The Miami Heat defeated the Indiana Pacers, ",,9.0,9.0,NUMBER,,Box score shows Heat won by a margin of 18 points.,llama_small,p4_strat_1,3801.73
S019,,128,95,at the TD Garden with a final score of,,11.0,11.0,NUMBER,,Box score shows Pacers scored 91 points.,llama_small,p4_strat_1,3801.73
S019,,129,30-29,The Pacers (,,,,NUMBER,,Box score shows Pacers have won 25 games.,llama_small,p4_strat_1,3801.73
S019,,130,27-32,the light appeared to come on for the Heat (,,,,NUMBER,,Box score shows Heat have won 25 games.,llama_small,p4_strat_1,3801.73
S019,,131,113,"The Miami Heat defeated the Indiana Pacers, ",,9.0,9.0,NUMBER,,Box score shows Heat won by a margin of 18 points.,llama_small,p4_strat_1,3801.73
S019,,132,95,at the TD Garden with a final score of,,11.0,11.0,NUMBER,,Box score shows Pacers scored 91 points.,llama_small,p4_strat_1,3801.73
S019,,133,30-29,The Pacers (,,,,NUMBER,,Box score shows Pacers have won 25 games.,llama_small,p4_strat_1,3801.73
S019,,134,27-32,the light appeared to come on for the Heat (,,,,NUMBER,,Box score shows Heat have won 25 games.,llama_small,p4_strat_1,3801.73
S019,,135,113,"The Miami Heat defeated the Indiana Pacers, ",,9.0,9.0,NUMBER,,Box score shows Heat won by a margin of 18 points.,llama_small,p4_strat_1,3801.73
S019,,136,95,at the TD Garden with a final score of,,11.0,11.0,NUMBER,,Box score shows Pacers scored 91 points.,llama_small,p4_strat_1,3801.73
S019,,137,30-29,The Pacers (,,,,NUMBER,,Box score shows Pacers have won 25 games.,llama_small,p4_strat_1,3801.73
S019,,138,27-32,the light appeared to come on for the Heat (,,,,NUMBER,,Box score shows Heat have won 25 games.,llama_small,p4_strat_1,3801.73
S019,,139,113,"The Miami Heat defeated the Indiana Pacers, ",,9.0,9.0,NUMBER,,Box score shows Heat won by a margin of 18 points.,llama_small,p4_strat_1,3801.73
S019,,140,95,at the TD Garden with a final score of,,11.0,11.0,NUMBER,,Box score shows Pacers scored 91 points.,llama_small,p4_strat_1,3801.73
S019,,141,30-29,The Pacers (,,,,NUMBER,,Box score shows Pacers have won 25 games.,llama_small,p4_strat_1,3801.73
S019,,142,27-32,the light appeared to come on for the Heat (,,,,NUMBER,,Box score shows Heat have won 25 games.,llama_small,p4_strat_1,3801.73
S019,,143,113,"The Miami Heat defeated the Indiana Pacers, ",,9.0,9.0,NUMBER,,Box score shows Heat won by a margin of 18 points.,llama_small,p4_strat_1,3801.73
S019,,144,95,at the TD Garden with a final score of,,11.0,11.0,NUMBER,,Box score shows Pacers scored 91 points.,llama_small,p4_strat_1,3801.73
S019,,145,30-29,The Pacers (,,,,NUMBER,,Box score shows Pacers have won 25 games.,llama_small,p4_strat_1,3801.73
S019,,146,27-32,the light appeared to come on for the Heat (,,,,NUMBER,,Box score shows Heat have won 25 games.,llama_small,p4_strat_1,3801.73
S019,,147,113,"The Miami Heat defeated the Indiana Pacers, ",,9.0,9.0,NUMBER,,Box score shows Heat won by a margin of 18 points.,llama_small,p4_strat_1,3801.73
S019,,148,95,at the TD Garden with a final score of,,11.0,11.0,NUMBER,,Box score shows Pacers scored 91 points.,llama_small,p4_strat_1,3801.73
S019,,149,30-29,The Pacers (,,,,NUMBER,,Box score shows Pacers have won 25 games.,llama_small,p4_strat_1,3801.73
S019,,150,27-32,the light appeared to come on for the Heat (,,,,NUMBER,,Box score shows Heat have won 25 games.,llama_small,p4_strat_1,3801.73
S019,,151,113,"The Miami Heat defeated the Indiana Pacers, ",,9.0,9.0,NUMBER,,Box score shows Heat won by a margin of 18 points.,llama_small,p4_strat_1,3801.73
S019,,152,95,at the TD Garden with a final score of,,11.0,11.0,NUMBER,,Box score shows Pacers scored 91 points.,llama_small,p4_strat_1,3801.73
S019,,153,30-29,The Pacers (,,,,NUMBER,,Box score shows Pacers have won 25 games.,llama_small,p4_strat_1,3801.73
S019,,154,27-32,the light appeared to come on for the Heat (,,,,NUMBER,,Box score shows Heat have won 25 games.,llama_small,p4_strat_1,3801.73
S019,,155,113,"The Miami Heat defeated the Indiana Pacers, ",,9.0,9.0,NUMBER,,Box score shows Heat won by a margin of 18 points.,llama_small,p4_strat_1,3801.73
S019,,156,95,at the TD Garden with a final score of,,11.0,11.0,NUMBER,,Box score shows Pacers scored 91 points.,llama_small,p4_strat_1,3801.73
S019,,157,30-29,The Pacers (,,,,NUMBER,,Box score shows Pacers have won 25 games.,llama_small,p4_strat_1,3801.73
S019,,158,27-32,the light appeared to come on for the Heat (,,,,NUMBER,,Box score shows Heat have won 25 games.,llama_small,p4_strat_1,3801.73
S019,,159,113,"The Miami Heat defeated the Indiana Pacers, ",,9.0,9.0,NUMBER,,Box score shows Heat won by a margin of 18 points.,llama_small,p4_strat_1,3801.73
S019,,160,95,at the TD Garden with a final score of,,11.0,11.0,NUMBER,,Box score shows Pacers scored 91 points.,llama_small,p4_strat_1,3801.73
S019,,161,30-29,The Pacers (,,,,NUMBER,,Box score shows Pacers have won 25 games.,llama_small,p4_strat_1,3801.73
S019,,162,27-32,the light appeared to come on for the Heat (,,,,NUMBER,,Box score shows Heat have won 25 games.,llama_small,p4_strat_1,3801.73
S019,,163,113,"The Miami Heat defeated the Indiana Pacers, ",,9.0,9.0,NUMBER,,Box score shows Heat won by a margin of 18 points.,llama_small,p4_strat_1,3801.73
S019,,164,95,at the TD Garden with a final score of,,11.0,11.0,NUMBER,,Box score shows Pacers scored 91 points.,llama_small,p4_strat_1,3801.73
S019,,165,30-29,The Pacers (,,,,NUMBER,,Box score shows Pacers have won 25 games.,llama_small,p4_strat_1,3801.73
S019,,166,27-32,the light appeared to come on for the Heat (,,,,NUMBER,,Box score shows Heat have won 25 games.,llama_small,p4_strat_1,3801.73
S019,,167,113,"The Miami Heat defeated the Indiana Pacers, ",,9.0,9.0,NUMBER,,Box score shows Heat won by a margin of 18 points.,llama_small,p4_strat_1,3801.73
S019,,168,95,at the TD Garden with a final score of,,11.0,11.0,NUMBER,,Box score shows Pacers scored 91 points.,llama_small,p4_strat_1,3801.73
S019,,169,30-29,The Pacers (,,,,NUMBER,,Box score shows Pacers have won 25 games.,llama_small,p4_strat_1,3801.73
S019,,170,27-32,the light appeared to come on for the Heat (,,,,NUMBER,,Box score shows Heat have won 25 games.,llama_small,p4_strat_1,3801.73
S019,,171,113,"The Miami Heat defeated the Indiana Pacers, ",,9.0,9.0,NUMBER,,Box score shows Heat won by a margin of 18 points.,llama_small,p4_strat_1,3801.73
S019,,172,95,at the TD Garden with a final score of,,11.0,11.0,NUMBER,,Box score shows Pacers scored 91 points.,llama_small,p4_strat_1,3801.73
S019,,173,30-29,The Pacers (,,,,NUMBER,,Box score shows Pacers have won 25 games.,llama_small,p4_strat_1,3801.73
S019,,174,27-32,the light appeared to come on for the Heat (,,,,NUMBER,,Box score shows Heat have won 25 games.,llama_small,p4_strat_1,3801.73
S019,,175,113,"The Miami Heat defeated the Indiana Pacers, ",,9.0,9.0,NUMBER,,Box score shows Heat won by a margin of 18 points.,llama_small,p4_strat_1,3801.73
S019,,176,95,at the TD Garden with a final score of,,11.0,11.0,NUMBER,,Box score shows Pacers scored 91 points.,llama_small,p4_strat_1,3801.73
S019,,177,30-29,The Pacers (,,,,NUMBER,,Box score shows Pacers have won 25 games.,llama_small,p4_strat_1,3801.73
S019,,178,27-32,the light appeared to come on for the Heat (,,,,NUMBER,,Box score shows Heat have won 25 games.,llama_small,p4_strat_1,3801.73
S019,,179,113,"The Miami Heat defeated the Indiana Pacers, ",,9.0,9.0,NUMBER,,Box score shows Heat won by a margin of 18 points.,llama_small,p4_strat_1,3801.73
S019,,180,95,at the TD Garden with a final score of,,11.0,11.0,NUMBER,,Box score shows Pacers scored 91 points.,llama_small,p4_strat_1,3801.73
S019,,181,30-29,The Pacers (,,,,NUMBER,,Box score shows Pacers have won 25 games.,llama_small,p4_strat_1,3801.73
S019,,182,27-32,the light appeared to come on for the Heat (,,,,NUMBER,,Box score shows Heat have won 25 games.,llama_small,p4_strat_1,3801.73
S019,,183,113,"The Miami Heat defeated the Indiana Pacers, ",,9.0,9.0,NUMBER,,Box score shows Heat won by a margin of 18 points.,llama_small,p4_strat_1,3801.73
S019,,184,95,at the TD Garden with a final score of,,11.0,11.0,NUMBER,,Box score shows Pacers scored 91 points.,llama_small,p4_strat_1,3801.73
S019,,185,30-29,The Pacers (,,,,NUMBER,,Box score shows Pacers have won 25 games.,llama_small,p4_strat_1,3801.73
S019,,186,27-32,the light appeared to come on for the Heat (,,,,NUMBER,,Box score shows Heat have won 25 games.,llama_small,p4_strat_1,3801.73
S019,,187,113,"The Miami Heat defeated the Indiana Pacers, ",,9.0,9.0,NUMBER,,Box score shows Heat won by a margin of 18 points.,llama_small,p4_strat_1,3801.73
S019,,188,95,at the TD Garden with a final score of,,11.0,11.0,NUMBER,,Box score shows Pacers scored 91 points.,llama_small,p4_strat_1,3801.73
S019,,189,30-29,The Pacers (,,,,NUMBER,,Box score shows Pacers have won 25 games.,llama_small,p4_strat_1,3801.73
S019,,190,27-32,the light appeared to come on for the Heat (,,,,NUMBER,,Box score shows Heat have won 25 games.,llama_small,p4_strat_1,3801.73
S019,,191,113,"The Miami Heat defeated the Indiana Pacers, ",,9.0,9.0,NUMBER,,Box score shows Heat won by a margin of 18 points.,llama_small,p4_strat_1,3801.73
S019,,192,95,at the TD Garden with a final score of,,11.0,11.0,NUMBER,,Box score shows Pacers scored 91 points.,llama_small,p4_strat_1,3801.73
S019,,193,30-29,The Pacers (,,,,NUMBER,,Box score shows Pacers have won 25 games.,llama_small,p4_strat_1,3801.73
S019,,194,27-32,the light appeared to come on for the Heat (,,,,NUMBER,,Box score shows Heat have won 25 games.,llama_small,p4_strat_1,3801.73
S019,,195,113,"The Miami Heat defeated the Indiana Pacers, ",,9.0,9.0,NUMBER,,Box score shows Heat won by a margin of 18 points.,llama_small,p4_strat_1,3801.73
S019,,196,95,at the TD Garden with a final score of,,11.0,11.0,NUMBER,,Box score shows Pacers scored 91 points.,llama_small,p4_strat_1,3801.73
S019,,197,30-29,The Pacers (,,,,NUMBER,,Box score shows Pacers have won 25 games.,llama_small,p4_strat_1,3801.73
S019,,198,27-32,the light appeared to come on for the Heat (,,,,NUMBER,,Box score shows Heat have won 25 games.,llama_small,p4_strat_1,3801.73
S019,,199,113,"The Miami Heat defeated the Indiana Pacers, ",,9.0,9.0,NUMBER,,Box score shows Heat won by a margin of 18 points.,llama_small,p4_strat_1,3801.73
S019,,200,95,at the TD Garden with a final score of,,11.0,11.0,NUMBER,,Box score shows Pacers scored 91 points.,llama_small,p4_strat_1,3801.73
S019,,201,30-29,The Pacers (,,,,NUMBER,,Box score shows Pacers have won 25 games.,llama_small,p4_strat_1,3801.73
S019,,202,27-32,the light appeared to come on for the Heat (,,,,NUMBER,,Box score shows Heat have won 25 games.,llama_small,p4_strat_1,3801.73
S019,,203,113,"The Miami Heat defeated the Indiana Pacers, ",,9.0,9.0,NUMBER,,Box score shows Heat won by a margin of 18 points.,llama_small,p4_strat_1,3801.73
S019,,204,95,at the TD Garden with a final score of,,11.0,11.0,NUMBER,,Box score shows Pacers scored 91 points.,llama_small,p4_strat_1,3801.73
S019,,205,30-29,The Pacers (,,,,NUMBER,,Box score shows Pacers have won 25 games.,llama_small,p4_strat_1,3801.73
S019,,206,27-32,the light appeared to come on for the Heat (,,,,NUMBER,,Box score shows Heat have won 25 games.,llama_small,p4_strat_1,3801.73
S019,,207,113,"The Miami Heat defeated the Indiana Pacers, ",,9.0,9.0,NUMBER,,Box score shows Heat won by a margin of 18 points.,llama_small,p4_strat_1,3801.73
S019,,208,95,at the TD Garden with a final score of,,11.0,11.0,NUMBER,,Box score shows Pacers scored 91 points.,llama_small,p4_strat_1,3801.73
S019,,209,30-29,The Pacers (,,,,NUMBER,,Box score shows Pacers have won 25 games.,llama_small,p4_strat_1,3801.73
S019,,210,27-32,the light appeared to come on for the Heat (,,,,NUMBER,,Box score shows Heat have won 25 games.,llama_small,p4_strat_1,3801.73
S019,,211,113,"The Miami Heat defeated the Indiana Pacers, ",,9.0,9.0,NUMBER,,Box score shows Heat won by a margin of 18 points.,llama_small,p4_strat_1,3801.73
S019,,212,95,at the TD Garden with a final score of,,11.0,11.0,NUMBER,,Box score shows Pacers scored 91 points.,llama_small,p4_strat_1,3801.73
S019,,213,30-29,The Pacers (,,,,NUMBER,,Box score shows Pacers have won 25 games.,llama_small,p4_strat_1,3801.73
S019,,214,27-32,the light appeared to come on for the Heat (,,,,NUMBER,,Box score shows Heat have won 25 games.,llama_small,p4_strat_1,3801.73
S019,,215,113,"The Miami Heat defeated the Indiana Pacers, ",,9.0,9.0,NUMBER,,Box score shows Heat won by a margin of 18 points.,llama_small,p4_strat_1,3801.73
S019,,216,95,at the TD Garden with a final score of,,11.0,11.0,NUMBER,,Box score shows Pacers scored 91 points.,llama_small,p4_strat_1,3801.73
S019,,217,30-29,The Pacers (,,,,NUMBER,,Box score shows Pacers have won 25 games.,llama_small,p4_strat_1,3801.73
S019,,218,27-32,the light appeared to come on for the Heat (,,,,NUMBER,,Box score shows Heat have won 25 games.,llama_small,p4_strat_1,3801.73
S019,,219,113,"The Miami Heat defeated the Indiana Pacers, ",,9.0,9.0,NUMBER,,Box score shows Heat won by a margin of 18 points.,llama_small,p4_strat_1,3801.73
S019,,220,95,at the TD Garden with a final score of,,11.0,11.0,NUMBER,,Box score shows Pacers scored 91 points.,llama_small,p4_strat_1,3801.73
S019,,221,30-29,The Pacers (,,,,NUMBER,,Box score shows Pacers have won 25 games.,llama_small,p4_strat_1,3801.73
S019,,222,27-32,the light appeared to come on for the Heat (,,,,NUMBER,,Box score shows Heat have won 25 games.,llama_small,p4_strat_1,3801.73
S019,,223,113,"The Miami Heat defeated the Indiana Pacers, ",,9.0,9.0,NUMBER,,Box score shows Heat won by a margin of 18 points.,llama_small,p4_strat_1,3801.73
S019,,224,95,at the TD Garden with a final score of,,11.0,11.0,NUMBER,,Box score shows Pacers scored 91 points.,llama_small,p4_strat_1,3801.73
S019,,225,30-29,The Pacers (,,,,NUMBER,,Box score shows Pacers have won 25 games.,llama_small,p4_strat_1,3801.73
S019,,226,27-32,the light appeared to come on for the Heat (,,,,NUMBER,,Box score shows Heat have won 25 games.,llama_small,p4_strat_1,3801.73
S019,,227,113,"The Miami Heat defeated the Indiana Pacers, ",,9.0,9.0,NUMBER,,Box score shows Heat won by a margin of 18 points.,llama_small,p4_strat_1,3801.73
S019,,228,95,at the TD Garden with a final score of,,11.0,11.0,NUMBER,,Box score shows Pacers scored 91 points.,llama_small,p4_strat_1,3801.73
S019,,229,30-29,The Pacers (,,,,NUMBER,,Box score shows Pacers have won 25 games.,llama_small,p4_strat_1,3801.73
S019,,230,27-32,the light appeared to come on for the Heat (,,,,NUMBER,,Box score shows Heat have won 25 games.,llama_small,p4_strat_1,3801.73
S019,,231,113,"The Miami Heat defeated the Indiana Pacers, ",,9.0,9.0,NUMBER,,Box score shows Heat won by a margin of 18 points.,llama_small,p4_strat_1,3801.73
S019,,232,95,at the TD Garden with a final score of,,11.0,11.0,NUMBER,,Box score shows Pacers scored 91 points.,llama_small,p4_strat_1,3801.73
S019,,233,30-29,The Pacers (,,,,NUMBER,,Box score shows Pacers have won 25 games.,llama_small,p4_strat_1,3801.73
S019,,234,27-32,the light appeared to come on for the Heat (,,,,NUMBER,,Box score shows Heat have won 25 games.,llama_small,p4_strat_1,3801.73
S019,,235,113,"The Miami Heat defeated the Indiana Pacers, ",,9.0,9.0,NUMBER,,Box score shows Heat won by a margin of 18 points.,llama_small,p4_strat_1,3801.73
S019,,236,95,at the TD Garden with a final score of,,11.0,11.0,NUMBER,,Box score shows Pacers scored 91 points.,llama_small,p4_strat_1,3801.73
S019,,237,30-29,The Pacers (,,,,NUMBER,,Box score shows Pacers have won 25 games.,llama_small,p4_strat_1,3801.73
S019,,238,27-32,the light appeared to come on for the Heat (,,,,NUMBER,,Box score shows Heat have won 25 games.,llama_small,p4_strat_1,3801.73
S019,,239,113,"The Miami Heat defeated the Indiana Pacers, ",,9.0,9.0,NUMBER,,Box score shows Heat won by a margin of 18 points.,llama_small,p4_strat_1,3801.73
S019,,240,95,at the TD Garden with a final score of,,11.0,11.0,NUMBER,,Box score shows Pacers scored 91 points.,llama_small,p4_strat_1,3801.73
S019,,241,30-29,The Pacers (,,,,NUMBER,,Box score shows Pacers have won 25 games.,llama_small,p4_strat_1,3801.73
S019,,242,27-32,the light appeared to come on for the Heat (,,,,NUMBER,,Box score shows Heat have won 25 games.,llama_small,p4_strat_1,3801.73
S019,,243,113,"The Miami Heat defeated the Indiana Pacers, ",,9.0,9.0,NUMBER,,Box score shows Heat won by a margin of 18 points.,llama_small,p4_strat_1,3801.73
S019,,244,95,at the TD Garden with a final score of,,11.0,11.0,NUMBER,,Box score shows Pacers scored 91 points.,llama_small,p4_strat_1,3801.73
S019,,245,30-29,The Pacers (,,,,NUMBER,,Box score shows Pacers have won 25 games.,llama_small,p4_strat_1,3801.73
S019,,246,27-32,the light appeared to come on for the Heat (,,,,NUMBER,,Box score shows Heat have won 25 games.,llama_small,p4_strat_1,3801.73
S019,,247,113,"The Miami Heat defeated the Indiana Pacers, ",,9.0,9.0,NUMBER,,Box score shows Heat won by a margin of 18 points.,llama_small,p4_strat_1,3801.73
S019,,248,95,at the TD Garden with a final score of,,11.0,11.0,NUMBER,,Box score shows Pacers scored 91 points.,llama_small,p4_strat_1,3801.73
S019,,249,30-29,The Pacers (,,,,NUMBER,,Box score shows Pacers have won 25 games.,llama_small,p4_strat_1,3801.73
S019,,250,27-32,the light appeared to come on for the Heat (,,,,NUMBER,,Box score shows Heat have won 25 games.,llama_small,p4_strat_1,3801.73
S019,,251,113,"The Miami Heat defeated the Indiana Pacers, ",,9.0,9.0,NUMBER,,Box score shows Heat won by a margin of 18 points.,llama_small,p4_strat_1,3801.73
S019,,252,95,at the TD Garden with a final score of,,11.0,11.0,NUMBER,,Box score shows Pacers scored 91 points.,llama_small,p4_strat_1,3801.73
S019,,253,30-29,The Pacers (,,,,NUMBER,,Box score shows Pacers have won 25 games.,llama_small,p4_strat_1,3801.73
S019,,254,27-32,the light appeared to come on for the Heat (,,,,NUMBER,,Box score shows Heat have won 25 games.,llama_small,p4_strat_1,3801.73
S019,,255,113,"The Miami Heat defeated the Indiana Pacers, ",,9.0,9.0,NUMBER,,Box score shows Heat won by a margin of 18 points.,llama_small,p4_strat_1,3801.73
S019,,256,95,at the TD Garden with a final score of,,11.0,11.0,NUMBER,,Box score shows Pacers scored 91 points.,llama_small,p4_strat_1,3801.73
S019,,257,30-29,The Pacers (,,,,NUMBER,,Box score shows Pacers have won 25 games.,llama_small,p4_strat_1,3801.73
S019,,258,27-32,the light appeared to come on for the Heat (,,,,NUMBER,,Box score shows Heat have won 25 games.,llama_small,p4_strat_1,3801.73
S019,,259,113,"The Miami Heat defeated the Indiana Pacers, ",,9.0,9.0,NUMBER,,Box score shows Heat won by a margin of 18 points.,llama_small,p4_strat_1,3801.73
S019,,260,95,at the TD Garden with a final score of,,11.0,11.0,NUMBER,,Box score shows Pacers scored 91 points.,llama_small,p4_strat_1,3801.73
S019,,261,30-29,The Pacers (,,,,NUMBER,,Box score shows Pacers have won 25 games.,llama_small,p4_strat_1,3801.73
S019,,262,27-32,the light appeared to come on for the Heat (,,,,NUMBER,,Box score shows Heat have won 25 games.,llama_small,p4_strat_1,3801.73
S019,,263,113,"The Miami Heat defeated the Indiana Pacers, ",,9.0,9.0,NUMBER,,Box score shows Heat won by a margin of 18 points.,llama_small,p4_strat_1,3801.73
S019,,264,95,at the TD Garden with a final score of,,11.0,11.0,NUMBER,,Box score shows Pacers scored 91 points.,llama_small,p4_strat_1,3801.73
S019,,265,30-29,The Pacers (,,,,NUMBER,,Box score shows Pacers have won 25 games.,llama_small,p4_strat_1,3801.73
S019,,266,27-32,the light appeared to come on for the Heat (,,,,NUMBER,,Box score shows Heat have won 25 games.,llama_small,p4_strat_1,3801.73
S019,,267,113,"The Miami Heat defeated the Indiana Pacers, ",,9.0,9.0,NUMBER,,Box score shows Heat won by a margin of 18 points.,llama_small,p4_strat_1,3801.73
S019,,268,95,at the TD Garden with a final score of,,11.0,11.0,NUMBER,,Box score shows Pacers scored 91 points.,llama_small,p4_strat_1,3801.73
S019,,269,30-29,The Pacers (,,,,NUMBER,,Box score shows Pacers have won 25 games.,llama_small,p4_strat_1,3801.73
S019,,270,27-32,the light appeared to come on for the Heat (,,,,NUMBER,,Box score shows Heat have won 25 games.,llama_small,p4_strat_1,3801.73
S019,,271,113,"The Miami Heat defeated the Indiana Pacers, ",,9.0,9.0,NUMBER,,Box score shows Heat won by a margin of 18 points.,llama_small,p4_strat_1,3801.73
S019,,272,95,at the TD Garden with a final score of,,11.0,11.0,NUMBER,,Box score shows Pacers scored 91 points.,llama_small,p4_strat_1,3801.73
S019,,273,30-29,The Pacers (,,,,NUMBER,,Box score shows Pacers have won 25 games.,llama_small,p4_strat_1,3801.73
S019,,274,27-32,the light appeared to come on for the Heat (,,,,NUMBER,,Box score shows Heat have won 25 games.,llama_small,p4_strat_1,3801.73
S019,,275,113,"The Miami Heat defeated the Indiana Pacers, ",,9.0,9.0,NUMBER,,Box score shows Heat won by a margin of 18 points.,llama_small,p4_strat_1,3801.73
S019,,276,95,at the TD Garden with a final score of,,11.0,11.0,NUMBER,,Box score shows Pacers scored 91 points.,llama_small,p4_strat_1,3801.73
S019,,277,30-29,The Pacers (,,,,NUMBER,,Box score shows Pacers have won 25 games.,llama_small,p4_strat_1,3801.73
S019,,278,27-32,the light appeared to come on for the Heat (,,,,NUMBER,,Box score shows Heat have won 25 games.,llama_small,p4_strat_1,3801.73
S019,,279,113,"The Miami Heat defeated the Indiana Pacers, ",,9.0,9.0,NUMBER,,Box score shows Heat won by a margin of 18 points.,llama_small,p4_strat_1,3801.73
S019,,280,95,at the TD Garden with a final score of,,11.0,11.0,NUMBER,,Box score shows Pacers scored 91 points.,llama_small,p4_strat_1,3801.73
S019,,281,30-29,The Pacers (,,,,NUMBER,,Box score shows Pacers have won 25 games.,llama_small,p4_strat_1,3801.73
S019,,282,27-32,the light appeared to come on for the Heat (,,,,NUMBER,,Box score shows Heat have won 25 games.,llama_small,p4_strat_1,3801.73
S019,,283,113,"The Miami Heat defeated the Indiana Pacers, ",,9.0,9.0,NUMBER,,Box score shows Heat won by a margin of 18 points.,llama_small,p4_strat_1,3801.73
S019,,284,95,at the TD Garden with a final score of,,11.0,11.0,NUMBER,,Box score shows Pacers scored 91 points.,llama_small,p4_strat_1,3801.73
S019,,285,30-29,The Pacers (,,,,NUMBER,,Box score shows Pacers have won 25 games.,llama_small,p4_strat_1,3801.73
S019,,286,27-32,the light appeared to come on for the Heat (,,,,NUMBER,,Box score shows Heat have won 25 games.,llama_small,p4_strat_1,3801.73
S019,,287,113,"The Miami Heat defeated the Indiana Pacers, ",,9.0,9.0,NUMBER,,Box score shows Heat won by a margin of 18 points.,llama_small,p4_strat_1,3801.73
S019,,288,95,at the TD Garden with a final score of,,11.0,11.0,NUMBER,,Box score shows Pacers scored 91 points.,llama_small,p4_strat_1,3801.73
S019,,289,30-29,The Pacers (,,,,NUMBER,,Box score shows Pacers have won 25 games.,llama_small,p4_strat_1,3801.73
S019,,290,27-32,the light appeared to come on for the Heat (,,,,NUMBER,,Box score shows Heat have won 25 games.,llama_small,p4_strat_1,3801.73
S019,,291,113,"The Miami Heat defeated the Indiana Pacers, ",,9.0,9.0,NUMBER,,Box score shows Heat won by a margin of 18 points.,llama_small,p4_strat_1,3801.73
S019,,292,95,at the TD Garden with a final score of,,11.0,11.0,NUMBER,,Box score shows Pacers scored 91 points.,llama_small,p4_strat_1,3801.73
S019,,293,30-29,The Pacers (,,,,NUMBER,,Box score shows Pacers have won 25 games.,llama_small,p4_strat_1,3801.73
S019,,294,27-32,the light appeared to come on for the Heat (,,,,NUMBER,,Box score shows Heat have won 25 games.,llama_small,p4_strat_1,3801.73
S019,,295,113,"The Miami Heat defeated the Indiana Pacers, ",,9.0,9.0,NUMBER,,Box score shows Heat won by a margin of 18 points.,llama_small,p4_strat_1,3801.73
S019,,296,95,at the TD Garden with a final score of,,11.0,11.0,NUMBER,,Box score shows Pacers scored 91 points.,llama_small,p4_strat_1,3801.73
S019,,297,30-29,The Pacers (,,,,NUMBER,,Box score shows Pacers have won 25 games.,llama_small,p4_strat_1,3801.73
S019,,298,27-32,the light appeared to come on for the Heat (,,,,NUMBER,,Box score shows Heat have won 25 games.,llama_small,p4_strat_1,3801.73
S019,,299,113,"The Miami Heat defeated the Indiana Pacers, ",,9.0,9.0,NUMBER,,Box score shows Heat won by a margin of 18 points.,llama_small,p4_strat_1,3801.73
S019,,300,95,at the TD Garden with a final score of,,11.0,11.0,NUMBER,,Box score shows Pacers scored 91 points.,llama_small,p4_strat_1,3801.73
S019,,301,30-29,The Pacers (,,,,NUMBER,,Box score shows Pacers have won 25 games.,llama_small,p4_strat_1,3801.73
S019,,302,27-32,the light appeared to come on for the Heat (,,,,NUMBER,,Box score shows Heat have won 25 games.,llama_small,p4_strat_1,3801.73
S019,,303,113,"The Miami Heat defeated the Indiana Pacers, ",,9.0,9.0,NUMBER,,Box score shows Heat won by a margin of 18 points.,llama_small,p4_strat_1,3801.73
S019,,304,95,at the TD Garden with a final score of,,11.0,11.0,NUMBER,,Box score shows Pacers scored 91 points.,llama_small,p4_strat_1,3801.73
S019,,305,30-29,The Pacers (,,,,NUMBER,,Box score shows Pacers have won 25 games.,llama_small,p4_strat_1,3801.73
S019,,306,27-32,the light appeared to come on for the Heat (,,,,NUMBER,,Box score shows Heat have won 25 games.,llama_small,p4_strat_1,3801.73
S019,,307,113,"The Miami Heat defeated the Indiana Pacers, ",,9.0,9.0,NUMBER,,Box score shows Heat won by a margin of 18 points.,llama_small,p4_strat_1,3801.73
S019,,308,95,at the TD Garden with a final score of,,11.0,11.0,NUMBER,,Box score shows Pacers scored 91 points.,llama_small,p4_strat_1,3801.73
S019,,309,30-29,The Pacers (,,,,NUMBER,,Box score shows Pacers have won 25 games.,llama_small,p4_strat_1,3801.73
S019,,310,27-32,the light appeared to come on for the Heat (,,,,NUMBER,,Box score shows Heat have won 25 games.,llama_small,p4_strat_1,3801.73
S019,,311,113,"The Miami Heat defeated the Indiana Pacers, ",,9.0,9.0,NUMBER,,Box score shows Heat won by a margin of 18 points.,llama_small,p4_strat_1,3801.73
S019,,312,95,at the TD Garden with a final score of,,11.0,11.0,NUMBER,,Box score shows Pacers scored 91 points.,llama_small,p4_strat_1,3801.73
S019,,313,30-29,The Pacers (,,,,NUMBER,,Box score shows Pacers have won 25 games.,llama_small,p4_strat_1,3801.73
S019,,314,27-32,the light appeared to come on for the Heat (,,,,NUMBER,,Box score shows Heat have won 25 games.,llama_small,p4_strat_1,3801.73
S019,,315,113,"The Miami Heat defeated the Indiana Pacers, ",,9.0,9.0,NUMBER,,Box score shows Heat won by a margin of 18 points.,llama_small,p4_strat_1,3801.73
S019,,316,95,at the TD Garden with a final score of,,11.0,11.0,NUMBER,,Box score shows Pacers scored 91 points.,llama_small,p4_strat_1,3801.73
S019,,317,30-29,The Pacers (,,,,NUMBER,,Box score shows Pacers have won 25 games.,llama_small,p4_strat_1,3801.73
S019,,318,27-32,the light appeared to come on for the Heat (,,,,NUMBER,,Box score shows Heat have won 25 games.,llama_small,p4_strat_1,3801.73
S019,,319,113,"The Miami Heat defeated the Indiana Pacers, ",,9.0,9.0,NUMBER,,Box score shows Heat won by a margin of 18 points.,llama_small,p4_strat_1,3801.73
S019,,320,95,at the TD Garden with a final score of,,11.0,11.0,NUMBER,,Box score shows Pacers scored 91 points.,llama_small,p4_strat_1,3801.73
S019,,321,30-29,The Pacers (,,,,NUMBER,,Box score shows Pacers have won 25 games.,llama_small,p4_strat_1,3801.73
S019,,322,27-32,the light appeared to come on for the Heat (,,,,NUMBER,,Box score shows Heat have won 25 games.,llama_small,p4_strat_1,3801.73
S019,,323,113,"The Miami Heat defeated the Indiana Pacers, ",,9.0,9.0,NUMBER,,Box score shows Heat won by a margin of 18 points.,llama_small,p4_strat_1,3801.73
S019,,324,95,at the TD Garden with a final score of,,11.0,11.0,NUMBER,,Box score shows Pacers scored 91 points.,llama_small,p4_strat_1,3801.73
S019,,325,30-29,The Pacers (,,,,NUMBER,,Box score shows Pacers have won 25 games.,llama_small,p4_strat_1,3801.73
S019,,326,27-32,the light appeared to come on for the Heat (,,,,NUMBER,,Box score shows Heat have won 25 games.,llama_small,p4_strat_1,3801.73
S019,,327,113,"The Miami Heat defeated the Indiana Pacers, ",,9.0,9.0,NUMBER,,Box score shows Heat won by a margin of 18 points.,llama_small,p4_strat_1,3801.73
S019,,328,95,at the TD Garden with a final score of,,11.0,11.0,NUMBER,,Box score shows Pacers scored 91 points.,llama_small,p4_strat_1,3801.73
S019,,329,30-29,The Pacers (,,,,NUMBER,,Box score shows Pacers have won 25 games.,llama_small,p4_strat_1,3801.73
S019,,330,27-32,the light appeared to come on for the Heat (,,,,NUMBER,,Box score shows Heat have won 25 games.,llama_small,p4_strat_1,3801.73
S019,,331,113,"The Miami Heat defeated the Indiana Pacers, ",,9.0,9.0,NUMBER,,Box score shows Heat won by a margin of 18 points.,llama_small,p4_strat_1,3801.73
S019,,332,95,at the TD Garden with a final score of,,11.0,11.0,NUMBER,,Box score shows Pacers scored 91 points.,llama_small,p4_strat_1,3801.73
S019,,333,30-29,The Pacers (,,,,NUMBER,,Box score shows Pacers have won 25 games.,llama_small,p4_strat_1,3801.73
S019,,334,27-32,the light appeared to come on for the Heat (,,,,NUMBER,,Box score shows Heat have won 25 games.,llama_small,p4_strat_1,3801.73
S019,,335,113,"The Miami Heat defeated the Indiana Pacers, ",,9.0,9.0,NUMBER,,Box score shows Heat won by a margin of 18 points.,llama_small,p4_strat_1,3801.73
S019,,336,95,at the TD Garden with a final score of,,11.0,11.0,NUMBER,,Box score shows Pacers scored 91 points.,llama_small,p4_strat_1,3801.73
S019,,337,30-29,The Pacers (,,,,NUMBER,,Box score shows Pacers have won 25 games.,llama_small,p4_strat_1,3801.73
S019,,338,27-32,the light appeared to come on for the Heat (,,,,NUMBER,,Box score shows Heat have won 25 games.,llama_small,p4_strat_1,3801.73
S019,,339,113,"The Miami Heat defeated the Indiana Pacers, ",,9.0,9.0,NUMBER,,Box score shows Heat won by a margin of 18 points.,llama_small,p4_strat_1,3801.73
S019,,340,95,at the TD Garden with a final score of,,11.0,11.0,NUMBER,,Box score shows Pacers scored 91 points.,llama_small,p4_strat_1,3801.73
S019,,341,30-29,The Pacers (,,,,NUMBER,,Box score shows Pacers have won 25 games.,llama_small,p4_strat_1,3801.73
S019,,342,27-32,the light appeared to come on for the Heat (,,,,NUMBER,,Box score shows Heat have won 25 games.,llama_small,p4_strat_1,3801.73
S019,,343,113,"The Miami Heat defeated the Indiana Pacers, ",,9.0,9.0,NUMBER,,Box score shows Heat won by a margin of 18 points.,llama_small,p4_strat_1,3801.73
S019,,344,95,at the TD Garden with a final score of,,11.0,11.0,NUMBER,,Box score shows Pacers scored 91 points.,llama_small,p4_strat_1,3801.73
S019,,345,30-29,The Pacers (,,,,NUMBER,,Box score shows Pacers have won 25 games.,llama_small,p4_strat_1,3801.73
S019,,346,27-32,the light appeared to come on for the Heat (,,,,NUMBER,,Box score shows Heat have won 25 games.,llama_small,p4_strat_1,3801.73
S019,,347,113,"The Miami Heat defeated the Indiana Pacers, ",,9.0,9.0,NUMBER,,Box score shows Heat won by a margin of 18 points.,llama_small,p4_strat_1,3801.73
S019,,348,95,at the TD Garden with a final score of,,11.0,11.0,NUMBER,,Box score shows Pacers scored 91 points.,llama_small,p4_strat_1,3801.73
S019,,349,30-29,The Pacers (,,,,NUMBER,,Box score shows Pacers have won 25 games.,llama_small,p4_strat_1,3801.73
S019,,350,27-32,the light appeared to come on for the Heat (,,,,NUMBER,,Box score shows Heat have won 25 games.,llama_small,p4_strat_1,3801.73
S019,,351,113,"The Miami Heat defeated the Indiana Pacers, ",,9.0,9.0,NUMBER,,Box score shows Heat won by a margin of 18 points.,llama_small,p4_strat_1,3801.73
S019,,352,95,at the TD Garden with a final score of,,11.0,11.0,NUMBER,,Box score shows Pacers scored 91 points.,llama_small,p4_strat_1,3801.73
S019,,353,30-29,The Pacers (,,,,NUMBER,,Box score shows Pacers have won 25 games.,llama_small,p4_strat_1,3801.73
S019,,354,27-32,the light appeared to come on for the Heat (,,,,NUMBER,,Box score shows Heat have won 25 games.,llama_small,p4_strat_1,3801.73
S019,,355,113,"The Miami Heat defeated the Indiana Pacers, ",,9.0,9.0,NUMBER,,Box score shows Heat won by a margin of 18 points.,llama_small,p4_strat_1,3801.73
S019,,356,95,at the TD Garden with a final score of,,11.0,11.0,NUMBER,,Box score shows Pacers scored 91 points.,llama_small,p4_strat_1,3801.73
S019,,357,30-29,The Pacers (,,,,NUMBER,,Box score shows Pacers have won 25 games.,llama_small,p4_strat_1,3801.73
S019,,358,27-32,the light appeared to come on for the Heat (,,,,NUMBER,,Box score shows Heat have won 25 games.,llama_small,p4_strat_1,3801.73
S019,,359,113,"The Miami Heat defeated the Indiana Pacers, ",,9.0,9.0,NUMBER,,Box score shows Heat won by a margin of 18 points.,llama_small,p4_strat_1,3801.73
S019,,360,95,at the TD Garden with a final score of,,11.0,11.0,NUMBER,,Box score shows Pacers scored 91 points.,llama_small,p4_strat_1,3801.73
S019,,361,30-29,The Pacers (,,,,NUMBER,,Box score shows Pacers have won 25 games.,llama_small,p4_strat_1,3801.73
S019,,362,27-32,the light appeared to come on for the Heat (,,,,NUMBER,,Box score shows Heat have won 25 games.,llama_small,p4_strat_1,3801.73
S019,,363,113,"The Miami Heat defeated the Indiana Pacers, ",,9.0,9.0,NUMBER,,Box score shows Heat won by a margin of 18 points.,llama_small,p4_strat_1,3801.73
S019,,364,95,at the TD Garden with a final score of,,11.0,11.0,NUMBER,,Box score shows Pacers scored 91 points.,llama_small,p4_strat_1,3801.73
S019,,365,30-29,The Pacers (,,,,NUMBER,,Box score shows Pacers have won 25 games.,llama_small,p4_strat_1,3801.73
S019,,366,27-32,the light appeared to come on for the Heat (,,,,NUMBER,,Box score shows Heat have won 25 games.,llama_small,p4_strat_1,3801.73
S019,,367,113,"The Miami Heat defeated the Indiana Pacers, ",,9.0,9.0,NUMBER,,Box score shows Heat won by a margin of 18 points.,llama_small,p4_strat_1,3801.73
S019,,368,95,at the TD Garden with a final score of,,11.0,11.0,NUMBER,,Box score shows Pacers scored 91 points.,llama_small,p4_strat_1,3801.73
S019,,369,30-29,The Pacers (,,,,NUMBER,,Box score shows Pacers have won 25 games.,llama_small,p4_strat_1,3801.73
S019,,370,27-32,the light appeared to come on for the Heat (,,,,NUMBER,,Box score shows Heat have won 25 games.,llama_small,p4_strat_1,3801.73
S019,,371,113,"The Miami Heat defeated the Indiana Pacers, ",,9.0,9.0,NUMBER,,Box score shows Heat won by a margin of 18 points.,llama_small,p4_strat_1,3801.73
S019,,372,95,at the TD Garden with a final score of,,11.0,11.0,NUMBER,,Box score shows Pacers scored 91 points.,llama_small,p4_strat_1,3801.73
S019,,373,30-29,The Pacers (,,,,NUMBER,,Box score shows Pacers have won 25 games.,llama_small,p4_strat_1,3801.73
S019,,374,27-32,the light appeared to come on for the Heat (,,,,NUMBER,,Box score shows Heat have won 25 games.,llama_small,p4_strat_1,3801.73
S019,,375,113,"The Miami Heat defeated the Indiana Pacers, ",,9.0,9.0,NUMBER,,Box score shows Heat won by a margin of 18 points.,llama_small,p4_strat_1,3801.73
S019,,376,95,at the TD Garden with a final score of,,11.0,11.0,NUMBER,,Box score shows Pacers scored 91 points.,llama_small,p4_strat_1,3801.73
S019,,377,30-29,The Pacers (,,,,NUMBER,,Box score shows Pacers have won 25 games.,llama_small,p4_strat_1,3801.73
S019,,378,27-32,the light appeared to come on for the Heat (,,,,NUMBER,,Box score shows Heat have won 25 games.,llama_small,p4_strat_1,3801.73
S019,,379,113,"The Miami Heat defeated the Indiana Pacers, ",,9.0,9.0,NUMBER,,Box score shows Heat won by a margin of 18 points.,llama_small,p4_strat_1,3801.73
S019,,380,95,at the TD Garden with a final score of,,11.0,11.0,NUMBER,,Box score shows Pacers scored 91 points.,llama_small,p4_strat_1,3801.73
S019,,381,30-29,The Pacers (,,,,NUMBER,,Box score shows Pacers have won 25 games.,llama_small,p4_strat_1,3801.73
S019,,382,27-32,the light appeared to come on for the Heat (,,,,NUMBER,,Box score shows Heat have won 25 games.,llama_small,p4_strat_1,3801.73
S019,,383,113,"The Miami Heat defeated the Indiana Pacers, ",,9.0,9.0,NUMBER,,Box score shows Heat won by a margin of 18 points.,llama_small,p4_strat_1,3801.73
S019,,384,95,at the TD Garden with a final score of,,11.0,11.0,NUMBER,,Box score shows Pacers scored 91 points.,llama_small,p4_strat_1,3801.73
S019,,385,30-29,The Pacers (,,,,NUMBER,,Box score shows Pacers have won 25 games.,llama_small,p4_strat_1,3801.73
S019,,386,27-32,the light appeared to come on for the Heat (,,,,NUMBER,,Box score shows Heat have won 25 games.,llama_small,p4_strat_1,3801.73
S019,,387,113,"The Miami Heat defeated the Indiana Pacers, ",,9.0,9.0,NUMBER,,Box score shows Heat won by a margin of 18 points.,llama_small,p4_strat_1,3801.73
S019,,388,95,at the TD Garden with a final score of,,11.0,11.0,NUMBER,,Box score shows Pacers scored 91 points.,llama_small,p4_strat_1,3801.73
S019,,389,30-29,The Pacers (,,,,NUMBER,,Box score shows Pacers have won 25 games.,llama_small,p4_strat_1,3801.73
S019,,390,27-32,the light appeared to come on for the Heat (,,,,NUMBER,,Box score shows Heat have won 25 games.,llama_small,p4_strat_1,3801.73
S019,,391,113,"The Miami Heat defeated the Indiana Pacers, ",,9.0,9.0,NUMBER,,Box score shows Heat won by a margin of 18 points.,llama_small,p4_strat_1,3801.73
S019,,392,95,at the TD Garden with a final score of,,11.0,11.0,NUMBER,,Box score shows Pacers scored 91 points.,llama_small,p4_strat_1,3801.73
S019,,393,30-29,The Pacers (,,,,NUMBER,,Box score shows Pacers have won 25 games.,llama_small,p4_strat_1,3801.73
S019,,394,27-32,the light appeared to come on for the Heat (,,,,NUMBER,,Box score shows Heat have won 25 games.,llama_small,p4_strat_1,3801.73
S019,,395,113,"The Miami Heat defeated the Indiana Pacers, ",,9.0,9.0,NUMBER,,Box score shows Heat won by a margin of 18 points.,llama_small,p4_strat_1,3801.73
S019,,396,95,at the TD Garden with a final score of,,11.0,11.0,NUMBER,,Box score shows Pacers scored 91 points.,llama_small,p4_strat_1,3801.73
S019,,397,30-29,The Pacers (,,,,NUMBER,,Box score shows Pacers have won 25 games.,llama_small,p4_strat_1,3801.73
S019,,398,27-32,the light appeared to come on for the Heat (,,,,NUMBER,,Box score shows Heat have won 25 games.,llama_small,p4_strat_1,3801.73
S019,,399,113,"The Miami Heat defeated the Indiana Pacers, ",,9.0,9.0,NUMBER,,Box score shows Heat won by a margin of 18 points.,llama_small,p4_strat_1,3801.73
S019,,400,95,at the TD Garden with a final score of,,11.0,11.0,NUMBER,,Box score shows Pacers scored 91 points.,llama_small,p4_strat_1,3801.73
S019,,401,30-29,The Pacers (,,,,NUMBER,,Box score shows Pacers have won 25 games.,llama_small,p4_strat_1,3801.73
S019,,402,27-32,the light appeared to come on for the Heat (,,,,NUMBER,,Box score shows Heat have won 25 games.,llama_small,p4_strat_1,3801.73
S019,,403,113,"The Miami Heat defeated the Indiana Pacers, ",,9.0,9.0,NUMBER,,Box score shows Heat won by a margin of 18 points.,llama_small,p4_strat_1,3801.73
S019,,404,95,at the TD Garden with a final score of,,11.0,11.0,NUMBER,,Box score shows Pacers scored 91 points.,llama_small,p4_strat_1,3801.73
S019,,405,30-29,The Pacers (,,,,NUMBER,,Box score shows Pacers have won 25 games.,llama_small,p4_strat_1,3801.73
S019,,406,27-32,the light appeared to come on for the Heat (,,,,NUMBER,,Box score shows Heat have won 25 games.,llama_small,p4_strat_1,3801.73
S019,,407,113,"The Miami Heat defeated the Indiana Pacers, ",,9.0,9.0,NUMBER,,Box score shows Heat won by a margin of 18 points.,llama_small,p4_strat_1,3801.73
S019,,408,95,at the TD Garden with a final score of,,11.0,11.0,NUMBER,,Box score shows Pacers scored 91 points.,llama_small,p4_strat_1,3801.73
S019,,409,30-29,The Pacers (,,,,NUMBER,,Box score shows Pacers have won 25 games.,llama_small,p4_strat_1,3801.73
S019,,410,27-32,the light appeared to come on for the Heat (,,,,NUMBER,,Box score shows Heat have won 25 games.,llama_small,p4_strat_1,3801.73
S019,,411,113,"The Miami Heat defeated the Indiana Pacers, ",,9.0,9.0,NUMBER,,Box score shows Heat won by a margin of 18 points.,llama_small,p4_strat_1,3801.73
S019,,412,95,at the TD Garden with a final score of,,11.0,11.0,NUMBER,,Box score shows Pacers scored 91 points.,llama_small,p4_strat_1,3801.73
S019,,413,30-29,The Pacers (,,,,NUMBER,,Box score shows Pacers have won 25 games.,llama_small,p4_strat_1,3801.73
S019,,414,27-32,the light appeared to come on for the Heat (,,,,NUMBER,,Box score shows Heat have won 25 games.,llama_small,p4_strat_1,3801.73
S019,,415,113,"The Miami Heat defeated the Indiana Pacers, ",,9.0,9.0,NUMBER,,Box score shows Heat won by a margin of 18 points.,llama_small,p4_strat_1,3801.73
S019,,416,95,at the TD Garden with a final score of,,11.0,11.0,NUMBER,,Box score shows Pacers scored 91 points.,llama_small,p4_strat_1,3801.73
S019,,417,30-29,The Pacers (,,,,NUMBER,,Box score shows Pacers have won 25 games.,llama_small,p4_strat_1,3801.73
S019,,418,27-32,the light appeared to come on for the Heat (,,,,NUMBER,,Box score shows Heat have won 25 games.,llama_small,p4_strat_1,3801.73
S019,,419,113,"The Miami Heat defeated the Indiana Pacers, ",,9.0,9.0,NUMBER,,Box score shows Heat won by a margin of 18 points.,llama_small,p4_strat_1,3801.73
S019,,420,95,at the TD Garden with a final score of,,11.0,11.0,NUMBER,,Box score shows Pacers scored 91 points.,llama_small,p4_strat_1,3801.73
S019,,421,30-29,The Pacers (,,,,NUMBER,,Box score shows Pacers have won 25 games.,llama_small,p4_strat_1,3801.73
S019,,422,27-32,the light appeared to come on for the Heat (,,,,NUMBER,,Box score shows Heat have won 25 games.,llama_small,p4_strat_1,3801.73
S019,,423,113,"The Miami Heat defeated the Indiana Pacers, ",,9.0,9.0,NUMBER,,Box score shows Heat won by a margin of 18 points.,llama_small,p4_strat_1,3801.73
S019,,424,95,at the TD Garden with a final score of,,11.0,11.0,NUMBER,,Box score shows Pacers scored 91 points.,llama_small,p4_strat_1,3801.73
S019,,425,30-29,The Pacers (,,,,NUMBER,,Box score shows Pacers have won 25 games.,llama_small,p4_strat_1,3801.73
S019,,426,27-32,the light appeared to come on for the Heat (,,,,NUMBER,,Box score shows Heat have won 25 games.,llama_small,p4_strat_1,3801.73
S019,,427,113,"The Miami Heat defeated the Indiana Pacers, ",,9.0,9.0,NUMBER,,Box score shows Heat won by a margin of 18 points.,llama_small,p4_strat_1,3801.73
S019,,428,95,at the TD Garden with a final score of,,11.0,11.0,NUMBER,,Box score shows Pacers scored 91 points.,llama_small,p4_strat_1,3801.73
S019,,429,30-29,The Pacers (,,,,NUMBER,,Box score shows Pacers have won 25 games.,llama_small,p4_strat_1,3801.73
S019,,430,27-32,the light appeared to come on for the Heat (,,,,NUMBER,,Box score shows Heat have won 25 games.,llama_small,p4_strat_1,3801.73
S019,,431,113,"The Miami Heat defeated the Indiana Pacers, ",,9.0,9.0,NUMBER,,Box score shows Heat won by a margin of 18 points.,llama_small,p4_strat_1,3801.73
S019,,432,95,at the TD Garden with a final score of,,11.0,11.0,NUMBER,,Box score shows Pacers scored 91 points.,llama_small,p4_strat_1,3801.73
S019,,433,30-29,The Pacers (,,,,NUMBER,,Box score shows Pacers have won 25 games.,llama_small,p4_strat_1,3801.73
S019,,434,27-32,the light appeared to come on for the Heat (,,,,NUMBER,,Box score shows Heat have won 25 games.,llama_small,p4_strat_1,3801.73
S019,,435,113,"The Miami Heat defeated the Indiana Pacers, ",,9.0,9.0,NUMBER,,Box score shows Heat won by a margin of 18 points.,llama_small,p4_strat_1,3801.73
S019,,436,95,at the TD Garden with a final score of,,11.0,11.0,NUMBER,,Box score shows Pacers scored 91 points.,llama_small,p4_strat_1,3801.73
S019,,437,30-29,The Pacers (,,,,NUMBER,,Box score shows Pacers have won 25 games.,llama_small,p4_strat_1,3801.73
S019,,438,27-32,the light appeared to come on for the Heat (,,,,NUMBER,,Box score shows Heat have won 25 games.,llama_small,p4_strat_1,3801.73
S019,,439,113,"The Miami Heat defeated the Indiana Pacers, ",,9.0,9.0,NUMBER,,Box score shows Heat won by a margin of 18 points.,llama_small,p4_strat_1,3801.73
S019,,440,95,at the TD Garden with a final score of,,11.0,11.0,NUMBER,,Box score shows Pacers scored 91 points.,llama_small,p4_strat_1,3801.73
S019,,441,30-29,The Pacers (,,,,NUMBER,,Box score shows Pacers have won 25 games.,llama_small,p4_strat_1,3801.73
S019,,442,27-32,the light appeared to come on for the Heat (,,,,NUMBER,,Box score shows Heat have won 25 games.,llama_small,p4_strat_1,3801.73
S019,,443,113,"The Miami Heat defeated the Indiana Pacers, ",,9.0,9.0,NUMBER,,Box score shows Heat won by a margin of 18 points.,llama_small,p4_strat_1,3801.73
S019,,444,95,at the TD Garden with a final score of,,11.0,11.0,NUMBER,,Box score shows Pacers scored 91 points.,llama_small,p4_strat_1,3801.73
S019,,445,30-29,The Pacers (,,,,NUMBER,,Box score shows Pacers have won 25 games.,llama_small,p4_strat_1,3801.73
S019,,446,27-32,the light appeared to come on for the Heat (,,,,NUMBER,,Box score shows Heat have won 25 games.,llama_small,p4_strat_1,3801.73
S019,,447,113,"The Miami Heat defeated the Indiana Pacers, ",,9.0,9.0,NUMBER,,Box score shows Heat won by a margin of 18 points.,llama_small,p4_strat_1,3801.73
S019,,448,95,at the TD Garden with a final score of,,11.0,11.0,NUMBER,,Box score shows Pacers scored 91 points.,llama_small,p4_strat_1,3801.73
S019,,449,30-29,The Pacers (,,,,NUMBER,,Box score shows Pacers have won 25 games.,llama_small,p4_strat_1,3801.73
S019,,450,27-32,the light appeared to come on for the Heat (,,,,NUMBER,,Box score shows Heat have won 25 games.,llama_small,p4_strat_1,3801.73
S019,,451,113,"The Miami Heat defeated the Indiana Pacers, ",,9.0,9.0,NUMBER,,Box score shows Heat won by a margin of 18 points.,llama_small,p4_strat_1,3801.73
S019,,452,95,at the TD Garden with a final score of,,11.0,11.0,NUMBER,,Box score shows Pacers scored 91 points.,llama_small,p4_strat_1,3801.73
S019,,453,30-29,The Pacers (,,,,NUMBER,,Box score shows Pacers have won 25 games.,llama_small,p4_strat_1,3801.73
S019,,454,27-32,the light appeared to come on for the Heat (,,,,NUMBER,,Box score shows Heat have won 25 games.,llama_small,p4_strat_1,3801.73
S019,,455,113,"The Miami Heat defeated the Indiana Pacers, ",,9.0,9.0,NUMBER,,Box score shows Heat won by a margin of 18 points.,llama_small,p4_strat_1,3801.73
S019,,456,95,at the TD Garden with a final score of,,11.0,11.0,NUMBER,,Box score shows Pacers scored 91 points.,llama_small,p4_strat_1,3801.73
S019,,457,30-29,The Pacers (,,,,NUMBER,,Box score shows Pacers have won 25 games.,llama_small,p4_strat_1,3801.73
S019,,458,27-32,the light appeared to come on for the Heat (,,,,NUMBER,,Box score shows Heat have won 25 games.,llama_small,p4_strat_1,3801.73
S019,,459,113,"The Miami Heat defeated the Indiana Pacers, ",,9.0,9.0,NUMBER,,Box score shows Heat won by a margin of 18 points.,llama_small,p4_strat_1,3801.73
S019,,460,95,at the TD Garden with a final score of,,11.0,11.0,NUMBER,,Box score shows Pacers scored 91 points.,llama_small,p4_strat_1,3801.73
S019,,461,30-29,The Pacers (,,,,NUMBER,,Box score shows Pacers have won 25 games.,llama_small,p4_strat_1,3801.73
S019,,462,27-32,the light appeared to come on for the Heat (,,,,NUMBER,,Box score shows Heat have won 25 games.,llama_small,p4_strat_1,3801.73
S019,,463,113,"The Miami Heat defeated the Indiana Pacers, ",,9.0,9.0,NUMBER,,Box score shows Heat won by a margin of 18 points.,llama_small,p4_strat_1,3801.73
S019,,464,95,at the TD Garden with a final score of,,11.0,11.0,NUMBER,,Box score shows Pacers scored 91 points.,llama_small,p4_strat_1,3801.73
S019,,465,30-29,The Pacers (,,,,NUMBER,,Box score shows Pacers have won 25 games.,llama_small,p4_strat_1,3801.73
S019,,466,27-32,the light appeared to come on for the Heat (,,,,NUMBER,,Box score shows Heat have won 25 games.,llama_small,p4_strat_1,3801.73
S019,,467,113,"The Miami Heat defeated the Indiana Pacers, ",,9.0,9.0,NUMBER,,Box score shows Heat won by a margin of 18 points.,llama_small,p4_strat_1,3801.73
S019,,468,95,at the TD Garden with a final score of,,11.0,11.0,NUMBER,,Box score shows Pacers scored 91 points.,llama_small,p4_strat_1,3801.73
S019,,469,30-29,The Pacers (,,,,NUMBER,,Box score shows Pacers have won 25 games.,llama_small,p4_strat_1,3801.73
S019,,470,27-32,the light appeared to come on for the Heat (,,,,NUMBER,,Box score shows Heat have won 25 games.,llama_small,p4_strat_1,3801.73
S019,,471,113,"The Miami Heat defeated the Indiana Pacers, ",,9.0,9.0,NUMBER,,Box score shows Heat won by a margin of 18 points.,llama_small,p4_strat_1,3801.73
S019,,472,95,at the TD Garden with a final score of,,11.0,11.0,NUMBER,,Box score shows Pacers scored 91 points.,llama_small,p4_strat_1,3801.73
S019,,473,30-29,The Pacers (,,,,NUMBER,,Box score shows Pacers have won 25 games.,llama_small,p4_strat_1,3801.73
S019,,474,27-32,the light appeared to come on for the Heat (,,,,NUMBER,,Box score shows Heat have won 25 games.,llama_small,p4_strat_1,3801.73
S019,,475,113,"The Miami Heat defeated the Indiana Pacers, ",,9.0,9.0,NUMBER,,Box score shows Heat won by a margin of 18 points.,llama_small,p4_strat_1,3801.73
S019,,476,95,at the TD Garden with a final score of,,11.0,11.0,NUMBER,,Box score shows Pacers scored 91 points.,llama_small,p4_strat_1,3801.73
S019,,477,30-29,The Pacers (,,,,NUMBER,,Box score shows Pacers have won 25 games.,llama_small,p4_strat_1,3801.73
S019,,478,27-32,the light appeared to come on for the Heat (,,,,NUMBER,,Box score shows Heat have won 25 games.,llama_small,p4_strat_1,3801.73
S019,,479,113,"The Miami Heat defeated the Indiana Pacers, ",,9.0,9.0,NUMBER,,Box score shows Heat won by a margin of 18 points.,llama_small,p4_strat_1,3801.73
S019,,480,95,at the TD Garden with a final score of,,11.0,11.0,NUMBER,,Box score shows Pacers scored 91 points.,llama_small,p4_strat_1,3801.73
S019,,481,30-29,The Pacers (,,,,NUMBER,,Box score shows Pacers have won 25 games.,llama_small,p4_strat_1,3801.73
S019,,482,27-32,the light appeared to come on for the Heat (,,,,NUMBER,,Box score shows Heat have won 25 games.,llama_small,p4_strat_1,3801.73
S019,,483,113,"The Miami Heat defeated the Indiana Pacers, ",,9.0,9.0,NUMBER,,Box score shows Heat won by a margin of 18 points.,llama_small,p4_strat_1,3801.73
S019,,484,95,at the TD Garden with a final score of,,11.0,11.0,NUMBER,,Box score shows Pacers scored 91 points.,llama_small,p4_strat_1,3801.73
S019,,485,30-29,The Pacers (,,,,NUMBER,,Box score shows Pacers have won 25 games.,llama_small,p4_strat_1,3801.73
S019,,486,27-32,the light appeared to come on for the Heat (,,,,NUMBER,,Box score shows Heat have won 25 games.,llama_small,p4_strat_1,3801.73
S019,,487,113,"The Miami Heat defeated the Indiana Pacers, ",,9.0,9.0,NUMBER,,Box score shows Heat won by a margin of 18 points.,llama_small,p4_strat_1,3801.73
S019,,488,95,at the TD Garden with a final score of,,11.0,11.0,NUMBER,,Box score shows Pacers scored 91 points.,llama_small,p4_strat_1,3801.73
S019,,489,30-29,The Pacers (,,,,NUMBER,,Box score shows Pacers have won 25 games.,llama_small,p4_strat_1,3801.73
S019,,490,27-32,the light appeared to come on for the Heat (,,,,NUMBER,,Box score shows Heat have won 25 games.,llama_small,p4_strat_1,3801.73
S019,,491,113,"The Miami Heat defeated the Indiana Pacers, ",,9.0,9.0,NUMBER,,Box score shows Heat won by a margin of 18 points.,llama_small,p4_strat_1,3801.73
S019,,492,95,at the TD Garden with a final score of,,11.0,11.0,NUMBER,,Box score shows Pacers scored 91 points.,llama_small,p4_strat_1,3801.73
S019,,493,30-29,The Pacers (,,,,NUMBER,,Box score shows Pacers have won 25 games.,llama_small,p4_strat_1,3801.73
S019,,494,27-32,the light appeared to come on for the Heat (,,,,NUMBER,,Box score shows Heat have won 25 games.,llama_small,p4_strat_1,3801.73
S019,,495,113,"The Miami Heat defeated the Indiana Pacers, ",,9.0,9.0,NUMBER,,Box score shows Heat won by a margin of 18 points.,llama_small,p4_strat_1,3801.73
S019,,496,95,at the TD Garden with a final score of,,11.0,11.0,NUMBER,,Box score shows Pacers scored 91 points.,llama_small,p4_strat_1,3801.73
S019,,497,30-29,The Pacers (,,,,NUMBER,,Box score shows Pacers have won 25 games.,llama_small,p4_strat_1,3801.73
S019,,498,27-32,the light appeared to come on for the Heat (,,,,NUMBER,,Box score shows Heat have won 25 games.,llama_small,p4_strat_1,3801.73
S019,,499,113,"The Miami Heat defeated the Indiana Pacers, ",,9.0,9.0,NUMBER,,Box score shows Heat won by a margin of 18 points.,llama_small,p4_strat_1,3801.73
S019,,500,95,at the TD Garden with a final score of,,11.0,11.0,NUMBER,,Box score shows Pacers scored 91 points.,llama_small,p4_strat_1,3801.73
S019,,501,30-29,The Pacers (,,,,NUMBER,,Box score shows Pacers have won 25 games.,llama_small,p4_strat_1,3801.73
S019,,502,27-32,the light appeared to come on for the Heat (,,,,NUMBER,,Box score shows Heat have won 25 games.,llama_small,p4_strat_1,3801.73
S019,,503,113,"The Miami Heat defeated the Indiana Pacers, ",,9.0,9.0,NUMBER,,Box score shows Heat won by a margin of 18 points.,llama_small,p4_strat_1,3801.73
S019,,504,95,at the TD Garden with a final score of,,11.0,11.0,NUMBER,,Box score shows Pacers scored 91 points.,llama_small,p4_strat_1,3801.73
S019,,505,30-29,The Pacers (,,,,NUMBER,,Box score shows Pacers have won 25 games.,llama_small,p4_strat_1,3801.73
S019,,506,27-32,the light appeared to come on for the Heat (,,,,NUMBER,,Box score shows Heat have won 25 games.,llama_small,p4_strat_1,3801.73
S019,,507,113,"The Miami Heat defeated the Indiana Pacers, ",,9.0,9.0,NUMBER,,Box score shows Heat won by a margin of 18 points.,llama_small,p4_strat_1,3801.73
S019,,508,95,at the TD Garden with a final score of,,11.0,11.0,NUMBER,,Box score shows Pacers scored 91 points.,llama_small,p4_strat_1,3801.73
S019,,509,30-29,The Pacers (,,,,NUMBER,,Box score shows Pacers have won 25 games.,llama_small,p4_strat_1,3801.73
S019,,510,27-32,the light appeared to come on for the Heat (,,,,NUMBER,,Box score shows Heat have won 25 games.,llama_small,p4_strat_1,3801.73
S019,,511,113,"The Miami Heat defeated the Indiana Pacers, ",,9.0,9.0,NUMBER,,Box score shows Heat won by a margin of 18 points.,llama_small,p4_strat_1,3801.73
S019,,512,95,at the TD Garden with a final score of,,11.0,11.0,NUMBER,,Box score shows Pacers scored 91 points.,llama_small,p4_strat_1,3801.73
S019,,513,30-29,The Pacers (,,,,NUMBER,,Box score shows Pacers have won 25 games.,llama_small,p4_strat_1,3801.73
S019,,514,27-32,the light appeared to come on for the Heat (,,,,NUMBER,,Box score shows Heat have won 25 games.,llama_small,p4_strat_1,3801.73
S019,,515,113,"The Miami Heat defeated the Indiana Pacers, ",,9.0,9.0,NUMBER,,Box score shows Heat won by a margin of 18 points.,llama_small,p4_strat_1,3801.73
S019,,516,95,at the TD Garden with a final score of,,11.0,11.0,NUMBER,,Box score shows Pacers scored 91 points.,llama_small,p4_strat_1,3801.73
S019,,517,30-29,The Pacers (,,,,NUMBER,,Box score shows Pacers have won 25 games.,llama_small,p4_strat_1,3801.73
S019,,518,27-32,the light appeared to come on for the Heat (,,,,NUMBER,,Box score shows Heat have won 25 games.,llama_small,p4_strat_1,3801.73
S019,,519,113,"The Miami Heat defeated the Indiana Pacers, ",,9.0,9.0,NUMBER,,Box score shows Heat won by a margin of 18 points.,llama_small,p4_strat_1,3801.73
S019,,520,95,at the TD Garden with a final score of,,11.0,11.0,NUMBER,,Box score shows Pacers scored 91 points.,llama_small,p4_strat_1,3801.73
S019,,521,30-29,The Pacers (,,,,NUMBER,,Box score shows Pacers have won 25 games.,llama_small,p4_strat_1,3801.73
S019,,522,27-32,the light appeared to come on for the Heat (,,,,NUMBER,,Box score shows Heat have won 25 games.,llama_small,p4_strat_1,3801.73
S019,,523,113,"The Miami Heat defeated the Indiana Pacers, ",,9.0,9.0,NUMBER,,Box score shows Heat won by a margin of 18 points.,llama_small,p4_strat_1,3801.73
S019,,524,95,at the TD Garden with a final score of,,11.0,11.0,NUMBER,,Box score shows Pacers scored 91 points.,llama_small,p4_strat_1,3801.73
S019,,525,30-29,The Pacers (,,,,NUMBER,,Box score shows Pacers have won 25 games.,llama_small,p4_strat_1,3801.73
S019,,526,27-32,the light appeared to come on for the Heat (,,,,NUMBER,,Box score shows Heat have won 25 games.,llama_small,p4_strat_1,3801.73
S019,,527,113,"The Miami Heat defeated the Indiana Pacers, ",,9.0,9.0,NUMBER,,Box score shows Heat won by a margin of 18 points.,llama_small,p4_strat_1,3801.73
S019,,528,95,at the TD Garden with a final score of,,11.0,11.0,NUMBER,,Box score shows Pacers scored 91 points.,llama_small,p4_strat_1,3801.73
S019,,529,30-29,The Pacers (,,,,NUMBER,,Box score shows Pacers have won 25 games.,llama_small,p4_strat_1,3801.73
S019,,530,27-32,the light appeared to come on for the Heat (,,,,NUMBER,,Box score shows Heat have won 25 games.,llama_small,p4_strat_1,3801.73
S019,,531,113,"The Miami Heat defeated the Indiana Pacers, ",,9.0,9.0,NUMBER,,Box score shows Heat won by a margin of 18 points.,llama_small,p4_strat_1,3801.73
S019,,532,95,at the TD Garden with a final score of,,11.0,11.0,NUMBER,,Box score shows Pacers scored 91 points.,llama_small,p4_strat_1,3801.73
S019,,533,30-29,The Pacers (,,,,NUMBER,,Box score shows Pacers have won 25 games.,llama_small,p4_strat_1,3801.73
S019,,534,27-32,the light appeared to come on for the Heat (,,,,NUMBER,,Box score shows Heat have won 25 games.,llama_small,p4_strat_1,3801.73
S019,,535,113,"The Miami Heat defeated the Indiana Pacers, ",,9.0,9.0,NUMBER,,Box score shows Heat won by a margin of 18 points.,llama_small,p4_strat_1,3801.73
S019,,536,95,at the TD Garden with a final score of,,11.0,11.0,NUMBER,,Box score shows Pacers scored 91 points.,llama_small,p4_strat_1,3801.73
S019,,537,30-29,The Pacers (,,,,NUMBER,,Box score shows Pacers have won 25 games.,llama_small,p4_strat_1,3801.73
S019,,538,27-32,,,,,,,,llama_small,p4_strat_1,3801.73
S021,,1,117,"defeated the Sacramento Kings,", at Golden 1 Center on Saturday.,9.0,9.0,NUMBER,,,llama_small,p4_strat_1,3801.73
S021,,2,104," defeated the Sacramento Kings, ",at Golden 1 Center on Saturday.,11.0,11.0,NUMBER,,,llama_small,p4_strat_1,3801.73
S021,,3,10,(10-6) started out strong with a ,68-point first half,380.0,380.0,NUMBER,,,llama_small,p4_strat_1,3801.73
S021,,4,40,"notch the triple-double, in ",minutes,,,NUMBER,,,llama_small,p4_strat_1,3801.73
S021,,5,68,strong with a ,first half,,,NUMBER,,,llama_small,p4_strat_1,3801.73
S021,,6,18,"James Harden struggled a bit offensively, shooting ",on his was to,408.0,408.0,NUMBER,,,llama_small,p4_strat_1,3801.73
S021,,7,32,"DeMarcus Cousins was the high-point man for Sacramento, with ",shooting,,,NUMBER,,,llama_small,p4_strat_1,3801.73
S021,,8,12,", including ", from long range.,384.0,384.0,NUMBER,,,llama_small,p4_strat_1,3801.73
S021,,9,4,"Cousins poured in four three-pointers in the final quarter as part of a comeback rally by the Kings, ",,,,NUMBER,,,llama_small,p4_strat_1,3801.73
S021,,10,5,including , from long range.,,,NUMBER,,,llama_small,p4_strat_1,3801.73
S021,,11,10,"Rudy Gay struggled in this one, going ", on his way to,380.0,380.0,NUMBER,,,llama_small,p4_strat_1,3801.73
S021,,12,4,"Gay struggled in this one, going ", from the field,,,NUMBER,,,llama_small,p4_strat_1,3801.73
S021,,13,10,"Rudy Gay struggled in this one, going ", on his way to,380.0,380.0,NUMBER,,,llama_small,p4_strat_1,3801.73
S021,,14,2,They now head out on a six-game road trip beginning in Brooklyn on Sunday.,,,,NUMBER,,,llama_small,p4_strat_1,3801.73
S021,,15,6,They now head out on a six-game road trip beginning in Brooklyn on Sunday.,,147.0,147.0,NUMBER,,,llama_small,p4_strat_1,3801.73
S022,,1,122,"defeated the host Minnesota Timberwolves, ",", at Target Center on Friday evening.",10.0,10.0,NUMBER,,Game score was 122-106.,llama_small,p4_strat_1,3801.73
S022,,2,106,", at Target Center on Friday evening. The Timberwolves looked great after the first quarter, leading ",-28 after 12 minutes of action.,12.0,12.0,NUMBER,,Game score was 122-106.,llama_small,p4_strat_1,3801.73
S022,,3,40,leading ,-28 after 12 minutes of action.,,,NUMBER,,,llama_small,p4_strat_1,3801.73
S022,,4,28,leading ,-28 after 12 minutes of action.,,,NUMBER,,,llama_small,p4_strat_1,3801.73
S022,,5,60,The Pelicans (21-33) shot ,"and 48 percent from long range, while they dished 27 assists.",,,NUMBER,,The Pelicans shot 60 percent from the field.,llama_small,p4_strat_1,3801.73
S022,,6,16,Anthony Davis led the way with a game-high 42 points on ,"-of-22 shooting, to go along with 13 rebounds, in 36 minutes.",117.0,117.0,NUMBER,,Anthony Davis shot 16-of-22 from the field.,llama_small,p4_strat_1,3801.73
S022,,7,22,on ,"-of-22 shooting, to go along with 13 rebounds, in 36 minutes.",121.0,121.0,NUMBER,,Anthony Davis shot 16-of-22 from the field.,llama_small,p4_strat_1,3801.73
S022,,8,27,", while they dished ",.,,,NUMBER,,The Pelicans dished 27 assists.,llama_small,p4_strat_1,3801.73
S022,,9,42,Anthony Davis led the way with a game-high ,", to go along with 13 rebounds, in 36 minutes.",289.0,289.0,NUMBER,,Anthony Davis scored 42 points.,llama_small,p4_strat_1,3801.73
S022,,10,25,"Jrue Holiday also came up big, as he tallied ",", in 38 minutes.",303.0,303.0,NUMBER,,Jrue Holiday scored 25 points.,llama_small,p4_strat_1,3801.73
S022,,11,12,to go along with ,", six rebounds and five steals, in 38 minutes.",306.0,306.0,NUMBER,,Jrue Holiday had 12 assists.,llama_small,p4_strat_1,3801.73
S022,,12,46,"Meanwhile, the Timberwolves shot ",from long range.,73.0,73.0,NUMBER,,The Timberwolves shot 46 percent from the field.,llama_small,p4_strat_1,3801.73
S022,,13,36,Karl-Anthony Towns finished with a team-high ,", in 39 minutes.",,,NUMBER,,Karl-Anthony Towns scored 36 points.,llama_small,p4_strat_1,3801.73
S022,,14,29,while Andrew Wiggins followed up with ,", in 39 minutes.",,,NUMBER,,Andrew Wiggins scored 29 points.,llama_small,p4_strat_1,3801.73
S022,,15,12,", in 39 minutes. The Timberwolves ' bench only chipped in nine points in the contest, despite having ",.,306.0,306.0,NUMBER,,Ricky Rubio had 12 rebounds.,llama_small,p4_strat_1,3801.73
S022,,16,21,The Pelicans (,).,253.0,253.0,NUMBER,,The Pelicans (21-33) have been one of the worst teams in the league.,llama_small,p4_strat_1,3801.73
S022,,17,33,,,255.0,255.0,,,,llama_small,p4_strat_1,3801.73
S023,,1,122,"defeated the Los Angeles Lakers,",", at American Airlines Center on Sunday.",10.0,10.0,NUMBER,,Score is correct.,llama_small,p4_strat_1,3801.73
S023,,2,73,", at American Airlines Center on Sunday. There are n't many games as lopsided as this in the NBA,",as this was a 30-point deficit for the entirety of the second half.,12.0,12.0,NUMBER,,Score is correct.,llama_small,p4_strat_1,3801.73
S023,,3,38,"The second quarter is when Dallas did their damage, as they won that quarter,",11.,77.0,77.0,NUMBER,,Score is correct.,llama_small,p4_strat_1,3801.73
S023,,4,49,"The Mavericks recording 49 rebounds and 27 assists, while the Lakers snatched down just 32 rebounds and handed out 11 assists.",.,,,NUMBER,,Score is correct.,llama_small,p4_strat_1,3801.73
S023,,5,30,as this was a 30-point deficit for the entirety of the second half.,.,,,NUMBER,,Score is correct.,llama_small,p4_strat_1,3801.73
S023,,6,16,The Lakers (16-32) have really struggled over the last two months and this 49-point loss may be the low point.,.,,,NUMBER,,Score is correct.,llama_small,p4_strat_1,3801.73
S023,,7,37,"No starter scored in double figures for Los Angeles, as they combined for just 37 points.",.,,,NUMBER,,Score is correct.,llama_small,p4_strat_1,3801.73
S023,,8,9,"Julius Randle was the only productive starter, as he accrued nine points, six rebounds and four assists on 4-of-4 from the field.",.,,,NUMBER,,Score is correct.,llama_small,p4_strat_1,3801.73
S023,,9,15,"Lou Williams led the team in scoring, dropping 15 points off the bench.",.,252.0,252.0,NUMBER,,Score is correct.,llama_small,p4_strat_1,3801.73
S023,,10,6,"Brandon Ingram really struggled, as he totaled six points and one rebound on 2-of-12 shooting in 36 minutes of action.",.,,,NUMBER,,Score is correct.,llama_small,p4_strat_1,3801.73
S023,,11,14,"Seth Curry led the starters in scoring, collecting 14 points, two rebounds and three assists.",.,,,NUMBER,,Score is correct.,llama_small,p4_strat_1,3801.73
S023,,12,13,"Deron Williams tallied 13 points, five rebounds and eight assists in just 26 minutes of action.",.,145.0,145.0,NUMBER,,Score is correct.,llama_small,p4_strat_1,3801.73
S023,,13,19,"Justin Anderson led the team in scoring, providing 19 points, five rebounds and two assists off the bench.",.,314.0,314.0,NUMBER,,Score is correct.,llama_small,p4_strat_1,3801.73
S023,,14,15,"The Mavericks (15-29) are now within four games of the eight-seed in the west, as they continue to revive their season.",.,252.0,252.0,NUMBER,,Score is correct.,llama_small,p4_strat_1,3801.73
S023,,15,8,"Deron Williams tallied 13 points, five rebounds and eight assists in just 26 minutes of action.",.,,,NUMBER,,Score is correct.,llama_small,p4_strat_1,3801.73
S023,,16,4,"Julius Randle recorded a double-double, totaling nine points, six rebounds and four assists.",.,,,NUMBER,,Score is correct.,llama_small,p4_strat_1,3801.73
S023,,17,5,"Justin Anderson led the team in scoring off the bench, as he provided 19 points and five rebounds.",.,317.0,317.0,NUMBER,,Score is correct.,llama_small,p4_strat_1,3801.73
S023,,18,29,"The Mavericks (15-29) have now won five-straight games, as they continue to revive their season.",.,254.0,254.0,NUMBER,,Score is correct.,llama_small,p4_strat_1,3801.73
S023,,19,5,,,317.0,317.0,,,,llama_small,p4_strat_1,3801.73
S024,,1,27,"points, pouring in",,232.0,232.0,NUMBER,,"Box score shows 27 points, not specified.",llama_small,p4_strat_1,3801.73
S024,,2,3-of-14,went just ,from the field,,,NUMBER,,"Box score shows 3-of-14, not specified.",llama_small,p4_strat_1,3801.73
S024,,3,50,shot almost ,percent from the field,,,NUMBER,,"Box score shows almost 50 percent, not specified.",llama_small,p4_strat_1,3801.73
S024,,4,37,dishing out a ridiculous ,assists,,,NUMBER,,"Box score shows ridiculous 37 assists, not specified.",llama_small,p4_strat_1,3801.73
S024,,5,22,Hield scored a team-,-high 22 points,260.0,260.0,NUMBER,,"Box score shows team-high 22 points, not specified.",llama_small,p4_strat_1,3801.73
S024,,6,10,Labissiere narrowly missed his first career triple-,-,197.0,197.0,NUMBER,,"Box score shows Labissiere scored 30 points, not 10.",llama_small,p4_strat_1,3801.73
S024,,7,14,Golden State (,-14) is on the verge of its third straight,25.0,25.0,NUMBER,,"Box score shows 58-14, not specified.",llama_small,p4_strat_1,3801.73
S024,,8,114,"The host Golden State Warriors demolished the Sacramento Kings on Friday, ",-100.,10.0,10.0,NUMBER,,"Box score shows Warriors scored 114 points, not specified.",llama_small,p4_strat_1,3801.73
S024,,9,27,Sacramento (,"), is far from the top,",232.0,232.0,NUMBER,,"Box score shows Sacramento (27-45), not specified.",llama_small,p4_strat_1,3801.73
S025,,1,25,points in,minutes,120.0,120.0,NUMBER,24,"Box score shows 24 points, not 25.",llama_small,p4_strat_1,3801.73
S025,,2,10,boards and,minutes,232.0,232.0,NUMBER,12,"Box score shows 12 boards, not 10.",llama_small,p4_strat_1,3801.73
S025,,3,25,points led the way and the bench combined for,56 points,120.0,120.0,NUMBER,24,"Box score shows 24 points, not 25.",llama_small,p4_strat_1,3801.73
S025,,4,22,a 32-22 first-quarter deficit by outscoring their hosts by an 87-71 margin over the final three periods.,.,,,NUMBER,32,"Box score shows 32 first-quarter deficit, not 22.",llama_small,p4_strat_1,3801.73
S025,,5,24,"Kawhi Leonard's 25-point, 10-rebound double-double led the way and the bench combined for",.,172.0,172.0,NUMBER,25,"Box score shows 25-point, 10-rebound double-double led the way and the bench combined for 56 points, not 24.",llama_small,p4_strat_1,3801.73
S025,,6,11,Danny Green contributed 11 points and had a clutch block of Isaiah Thomas',.,,,NUMBER,15,"Box score shows Danny Green contributed 15 points and had a clutch block of Isaiah Thomas' three-point attempt with 12 seconds left, not 11.",llama_small,p4_strat_1,3801.73
S025,,7,17,"LaMarcus Aldridge and Tony Parker combined for a modest 17 points, while",.,,,NUMBER,15,"Box score shows LaMarcus Aldridge and Tony Parker combined for a modest 15 points, while Pau Gasol went scoreless over 17 minutes, not 17.",llama_small,p4_strat_1,3801.73
S025,,8,19,"However, Patty Mills, David Lee and Davis Bertans supplied respective tallies of",.,194.0,194.0,NUMBER,15,"Box score shows Patty Mills, David Lee and Davis Bertans supplied respective tallies of 15 points from the bench, not 19.",llama_small,p4_strat_1,3801.73
S025,,9,15,"Jae Crowder and Al Horford combined for 30 points, with the latter also hauling in",.,208.0,208.0,NUMBER,12,"Box score shows Jae Crowder and Al Horford combined for 30 points, with the latter also hauling in 12 boards, not 15.",llama_small,p4_strat_1,3801.73
S026,,1,11,(11,)-8,5.0,5.0,NUMBER,,The Phoenix Suns (11-8) defeated the Indiana Pacers (7-11),llama_small,p4_strat_1,3801.73
S026,,2,116,defeated the Indiana Pacers (7-11),Tuesday,18.0,18.0,NUMBER,,The Phoenix Suns (11-8) defeated the Indiana Pacers (7-11) 116-99 Tuesday at the US Airways Center in Phoenix.,llama_small,p4_strat_1,3801.73
S026,,3,99,Tuesday at the US Airways Center in Phoenix.,,,,NUMBER,,The Phoenix Suns (11-8) defeated the Indiana Pacers (7-11) 116-99 Tuesday at the US Airways Center in Phoenix.,llama_small,p4_strat_1,3801.73
S026,,4,7,(7,)-11,202.0,202.0,NUMBER,,The Phoenix Suns (11-8) defeated the Indiana Pacers (7-11),llama_small,p4_strat_1,3801.73
S026,,5,34,score 34,points,215.0,215.0,NUMBER,,Goran Dragic shot 11-for-15 from the field and 5-for-6 from beyond the arc to score 34 points.,llama_small,p4_strat_1,3801.73
S026,,6,27,with 27,points,50.0,50.0,NUMBER,,"Eric Bledsoe was the other member of the backcourt, as he finished with 27 points (11-20 FG, 1-4 3Pt, 4-5 FT) and seven assists.",llama_small,p4_strat_1,3801.73
S026,,7,15,finishing with 15,points,477.0,477.0,NUMBER,,"Roy Hibbert posted his fifth double-double, finishing with 15 points and 10 rebounds.",llama_small,p4_strat_1,3801.73
S026,,8,116,defeated the Indiana Pacers (7-11),,18.0,18.0,NUMBER,,The Phoenix Suns (11-8) defeated the Indiana Pacers (7-11) 116-99 Tuesday at the US Airways Center in Phoenix.,llama_small,p4_strat_1,3801.73
S026,,9,8,(11-8),,7.0,7.0,NUMBER,,The Phoenix Suns (11-8) defeated the Indiana Pacers (7-11) 116-99 Tuesday at the US Airways Center in Phoenix.,llama_small,p4_strat_1,3801.73
S026,,10,62,out-scored Indiana 62-43,,,,NUMBER,,"After going into halftime down two, the Suns out-scored Indiana 62-43 in the final two quarters to give them an 18-point victory in front of their home crowd.",llama_small,p4_strat_1,3801.73
S026,,11,43,out-scored India 62-43,,,,NUMBER,,"After going into halftime down two, the Suns out-scored Indiana 62-43 in the final two quarters to give them an 18-point victory in front of their home crowd.",llama_small,p4_strat_1,3801.73
S026,,12,15,finishing with 15,points,477.0,477.0,NUMBER,,"Roy Hibbert posted his fifth double-double, finishing with 15 points and 10 rebounds.",llama_small,p4_strat_1,3801.73
S026,,13,34,score 34,points,215.0,215.0,NUMBER,,Goran Dragic shot 11-for-15 from the field and 5-for-6 from beyond the arc to score 34 points.,llama_small,p4_strat_1,3801.73
S026,,14,15,finishing with 15,points,477.0,477.0,NUMBER,,"Roy Hibbert posted his fifth double-double, finishing with 15 points and 10 rebounds.",llama_small,p4_strat_1,3801.73
S026,,15,7,finished with 27,points,230.0,230.0,NUMBER,,"Eric Bledsoe was the other member of the backcourt, as he finished with 27 points (11-20 FG, 1-4 3Pt, 4-5 FT) and seven assists.",llama_small,p4_strat_1,3801.73
S026,,16,15,finishing with 15,points,477.0,477.0,NUMBER,,"Roy Hibbert posted his fifth double-double, finishing with 15 points and 10 rebounds.",llama_small,p4_strat_1,3801.73
S026,,17,17,with 17,points,524.0,524.0,NUMBER,,"CJ Miles also had a big game off the bench with 17 points (6-9 FG, 1-3 3Pt, 4-4 FT) and a pair of rebounds.",llama_small,p4_strat_1,3801.73
S026,,18,8,(11-8),,7.0,7.0,NUMBER,,The Phoenix Suns (11-8) defeated the Indiana Pacers (7-11) 116-99 Tuesday at the US Airways Center in Phoenix.,llama_small,p4_strat_1,3801.73
S026,,19,7,finished with 27,points,230.0,230.0,NUMBER,,"Eric Bledsoe was the other member of the backcourt, as he finished with 27 points (11-20 FG, 1-4 3Pt, 4-5 FT) and seven assists.",llama_small,p4_strat_1,3801.73
S026,,20,11,(11,)-20,218.0,218.0,NUMBER,,"Eric Bledsoe was the other member of the backcourt, as he finished with 27 points (11-20 FG, 1-4 3Pt, 4-5 FT) and seven assists.",llama_small,p4_strat_1,3801.73
S026,,21,10,recording 15,points,424.0,424.0,NUMBER,,"Roy Hibbert also had a solid showing, recording 15 points (6-14 FG, 0-0 3Pt, 4-5 FT) and 10 rebounds.",llama_small,p4_strat_1,3801.73
S026,,22,7,finished with 27,points,230.0,230.0,NUMBER,,"Eric Bledsoe was the other member of the backcourt, as he finished with 27 points (11-20 FG, 1-4 3Pt, 4-5 FT) and seven assists.",llama_small,p4_strat_1,3801.73
S026,,23,11,(11,)-8,5.0,5.0,NUMBER,,"Eric Bledsoe was the other member of the backcourt, as he finished with 27 points (11-20 FG, 1-4 3Pt, 4-5 FT) and seven assists.",llama_small,p4_strat_1,3801.73
S026,,24,7,(7,)-11,202.0,202.0,NUMBER,,"Eric Bledsoe was the other member of the backcourt, as he finished with 27 points (11-20 FG, 1-4 3Pt, 4-5 FT) and seven assists.",llama_small,p4_strat_1,3801.73
S026,,25,27,finished with 27,points,50.0,50.0,NUMBER,,"Eric Bledsoe was the other member of the backcourt, as he finished with 27 points (11-20 FG, 1-4 3Pt, 4-5 FT) and seven assists.",llama_small,p4_strat_1,3801.73
S026,,26,11,(11,)-8,5.0,5.0,NUMBER,,The Phoenix Suns (11-8) defeated the Indiana Pacers (7-11),llama_small,p4_strat_1,3801.73
S026,,27,15,finishing with 15,points,477.0,477.0,NUMBER,,"Roy Hibbert posted his fifth double-double, finishing with 15 points and 10 rebounds.",llama_small,p4_strat_1,3801.73
S026,,28,34,score 34,points,215.0,215.0,NUMBER,,Goran Dragic shot 11-for-15 from the field and 5-for-6 from beyond the arc to score 34 points.,llama_small,p4_strat_1,3801.73
S026,,29,7,(7,)-11,202.0,202.0,NUMBER,,"Eric Bledsoe was the other member of the backcourt, as he finished with 27 points (11-20 FG, 1-4 3Pt, 4-5 FT) and seven assists.",llama_small,p4_strat_1,3801.73
S026,,30,15,finishing with 15,points,477.0,477.0,NUMBER,,"Roy Hibbert posted his fifth double-double, finishing with 15 points and 10 rebounds.",llama_small,p4_strat_1,3801.73
S026,,31,43,out-scored India 62-43,,,,NUMBER,,"After going into halftime down two, the Suns out-scored Indiana 62-43 in the final two quarters to give them an 18-point victory in front of their home crowd.",llama_small,p4_strat_1,3801.73
S026,,32,15,finishing with 15,points,477.0,477.0,NUMBER,,"Roy Hibbert posted his fifth double-double, finishing with 15 points and 10 rebounds.",llama_small,p4_strat_1,3801.73
S026,,33,99,(7-11),,,,NUMBER,,The Phoenix Suns (11-8) defeated the Indiana Pacers (7-11) 116-99 Tuesday at the US Airways Center in Phoenix.,llama_small,p4_strat_1,3801.73
S026,,34,43,out-scored India 62-43,,,,NUMBER,,"After going into halftime down two, the Suns out-scored Indiana 62-43 in the final two quarters to give them an 18-point victory in front of their home crowd.",llama_small,p4_strat_1,3801.73
S026,,35,99,(7-11),,,,NUMBER,,The Phoenix Suns (11-8) defeated the Indiana Pacers (7-11) 116-99 Tuesday at the US Airways Center in Phoenix.,llama_small,p4_strat_1,3801.73
S026,,36,62,out-scored India 62-43,,,,NUMBER,,"After going into halftime down two, the Suns out-scored Indiana 62-43 in the final two quarters to give them an 18-point victory in front of their home crowd.",llama_small,p4_strat_1,3801.73
S026,,37,27,finished with 27,points,50.0,50.0,NUMBER,,"Eric Bledsoe was the other member of the backcourt, as he finished with 27 points (11-20 FG, 1-4 3Pt, 4-5 FT) and seven assists.",llama_small,p4_strat_1,3801.73
S026,,38,11,(11,)-8,5.0,5.0,NUMBER,,The Phoenix Suns (11-8) defeated the Indiana Pacers (7-11),llama_small,p4_strat_1,3801.73
S026,,39,15,finishing with 15,points,477.0,477.0,NUMBER,,"Roy Hibbert posted his fifth double-double, finishing with 15 points and 10 rebounds.",llama_small,p4_strat_1,3801.73
S026,,40,7,,,230.0,230.0,,,,llama_small,p4_strat_1,3801.73
S027,,1,7 10,The Houston Rockets (,,16.0,17.0,NUMBER,,Rockets' win-loss record.,llama_small,p4_strat_1,3801.73
S028,,1,31,Wizards (,,102.0,102.0,NUMBER,,,llama_small,p4_strat_1,3801.73
S029,,1,101,"The Timberwolves (12-26) defeated the Dallas Mavericks, 101 - 92, at Target Center on Wednesday. The Timberwolves (12-26)",came in,9.0,9.0,NUMBER,,"Box score shows 101 points, not something to compare.",llama_small,p4_strat_1,3801.73
S029,,2,92,"The Timberwolves (12-26) defeated the Dallas Mavericks, 101 - 92,",,11.0,11.0,NUMBER,,"Box score shows 92 points, not something to compare.",llama_small,p4_strat_1,3801.73
S030,,1,110 -94,"defeated the Charlotte Hornets,",", at Bankers Life Fieldhouse on Monday evening.",,,NUMBER,,,llama_small,p4_strat_1,3801.73
S030,,2,13-12,The Pacers (,,,,NUMBER,,,llama_small,p4_strat_1,3801.73
